match_id,set_num,rally,ball_round,stroke_type,frame_num,status,clip_name,details,reason
1,1,1,2.0,Clear,11582.0,success,01_set1_rally1_ball2_Clear.mp4,51 frames,
1,1,2,3.0,Smash,11921.0,success,01_set1_rally2_ball3_Smash.mp4,51 frames,
1,1,3,4.0,Smash,12362.0,success,01_set1_rally3_ball4_Smash.mp4,51 frames,
1,1,3,18.0,Clear,12702.0,success,01_set1_rally3_ball18_Clear.mp4,51 frames,
1,1,3,19.0,Clear,12735.0,success,01_set1_rally3_ball19_Clear.mp4,51 frames,
1,1,3,23.0,Clear,12847.0,success,01_set1_rally3_ball23_Clear.mp4,51 frames,
1,1,3,24.0,Smash,12875.0,success,01_set1_rally3_ball24_Smash.mp4,51 frames,
1,1,5,5.0,Smash,14001.0,success,01_set1_rally5_ball5_Smash.mp4,51 frames,
1,1,5,7.0,Clear,14044.0,success,01_set1_rally5_ball7_Clear.mp4,51 frames,
1,1,5,8.0,Smash,14070.0,success,01_set1_rally5_ball8_Smash.mp4,51 frames,
1,1,5,11.0,Clear,14136.0,success,01_set1_rally5_ball11_Clear.mp4,51 frames,
1,1,9,8.0,Clear,16427.0,success,01_set1_rally9_ball8_Clear.mp4,51 frames,
1,1,9,12.0,Clear,16535.0,success,01_set1_rally9_ball12_Clear.mp4,51 frames,
1,1,9,18.0,Clear,16690.0,success,01_set1_rally9_ball18_Clear.mp4,51 frames,
1,1,9,22.0,Smash,16799.0,success,01_set1_rally9_ball22_Smash.mp4,51 frames,
1,1,11,8.0,Clear,18160.0,success,01_set1_rally11_ball8_Clear.mp4,51 frames,
1,1,11,19.0,Clear,18415.0,success,01_set1_rally11_ball19_Clear.mp4,51 frames,
1,1,11,20.0,Clear,18442.0,success,01_set1_rally11_ball20_Clear.mp4,51 frames,
1,1,11,25.0,Clear,18560.0,success,01_set1_rally11_ball25_Clear.mp4,51 frames,
1,1,11,26.0,Clear,18592.0,success,01_set1_rally11_ball26_Clear.mp4,51 frames,
1,1,11,30.0,Clear,18716.0,success,01_set1_rally11_ball30_Clear.mp4,51 frames,
1,1,11,31.0,Clear,18746.0,success,01_set1_rally11_ball31_Clear.mp4,51 frames,
1,1,11,35.0,Clear,18854.0,success,01_set1_rally11_ball35_Clear.mp4,51 frames,
1,1,11,36.0,Clear,18888.0,success,01_set1_rally11_ball36_Clear.mp4,51 frames,
1,1,11,37.0,Clear,18925.0,success,01_set1_rally11_ball37_Clear.mp4,51 frames,
1,1,11,38.0,Clear,18962.0,success,01_set1_rally11_ball38_Clear.mp4,51 frames,
1,1,11,39.0,Clear,18990.0,success,01_set1_rally11_ball39_Clear.mp4,51 frames,
1,1,11,40.0,Clear,19025.0,success,01_set1_rally11_ball40_Clear.mp4,51 frames,
1,1,12,3.0,Clear,19619.0,success,01_set1_rally12_ball3_Clear.mp4,51 frames,
1,1,12,7.0,Clear,19724.0,success,01_set1_rally12_ball7_Clear.mp4,51 frames,
1,1,12,15.0,Clear,19930.0,success,01_set1_rally12_ball15_Clear.mp4,51 frames,
1,1,12,16.0,Clear,19969.0,success,01_set1_rally12_ball16_Clear.mp4,51 frames,
1,1,12,20.0,Clear,20069.0,success,01_set1_rally12_ball20_Clear.mp4,51 frames,
1,1,12,21.0,Clear,20100.0,success,01_set1_rally12_ball21_Clear.mp4,51 frames,
1,1,12,22.0,Clear,20131.0,success,01_set1_rally12_ball22_Clear.mp4,51 frames,
1,1,13,3.0,Clear,21054.0,success,01_set1_rally13_ball3_Clear.mp4,51 frames,
1,1,13,6.0,Smash,21135.0,success,01_set1_rally13_ball6_Smash.mp4,51 frames,
1,1,13,9.0,Clear,21202.0,success,01_set1_rally13_ball9_Clear.mp4,51 frames,
1,1,13,16.0,Clear,21394.0,success,01_set1_rally13_ball16_Clear.mp4,51 frames,
1,1,13,19.0,Clear,21484.0,success,01_set1_rally13_ball19_Clear.mp4,51 frames,
1,1,13,20.0,Clear,21515.0,success,01_set1_rally13_ball20_Clear.mp4,51 frames,
1,1,13,21.0,Clear,21550.0,success,01_set1_rally13_ball21_Clear.mp4,51 frames,
1,1,13,22.0,Clear,21585.0,success,01_set1_rally13_ball22_Clear.mp4,51 frames,
1,1,13,33.0,Smash,21912.0,success,01_set1_rally13_ball33_Smash.mp4,51 frames,
1,1,13,36.0,Clear,21983.0,success,01_set1_rally13_ball36_Clear.mp4,51 frames,
1,1,13,37.0,Clear,22017.0,success,01_set1_rally13_ball37_Clear.mp4,51 frames,
1,1,13,38.0,Clear,22048.0,success,01_set1_rally13_ball38_Clear.mp4,51 frames,
1,1,13,39.0,Smash,22080.0,success,01_set1_rally13_ball39_Smash.mp4,51 frames,
1,1,14,5.0,Smash,23166.0,success,01_set1_rally14_ball5_Smash.mp4,51 frames,
1,1,14,8.0,Clear,23224.0,success,01_set1_rally14_ball8_Clear.mp4,51 frames,
1,1,14,9.0,Clear,23254.0,success,01_set1_rally14_ball9_Clear.mp4,51 frames,
1,1,14,13.0,Clear,23378.0,success,01_set1_rally14_ball13_Clear.mp4,51 frames,
1,1,15,3.0,Clear,23890.0,success,01_set1_rally15_ball3_Clear.mp4,51 frames,
1,1,15,4.0,Clear,23917.0,success,01_set1_rally15_ball4_Clear.mp4,51 frames,
1,1,15,8.0,Clear,24043.0,success,01_set1_rally15_ball8_Clear.mp4,51 frames,
1,1,15,14.0,Smash,24197.0,success,01_set1_rally15_ball14_Smash.mp4,51 frames,
1,1,15,18.0,Smash,24312.0,success,01_set1_rally15_ball18_Smash.mp4,51 frames,
1,1,16,8.0,Clear,25154.0,success,01_set1_rally16_ball8_Clear.mp4,51 frames,
1,1,16,12.0,Clear,25280.0,success,01_set1_rally16_ball12_Clear.mp4,51 frames,
1,1,16,13.0,Clear,25320.0,success,01_set1_rally16_ball13_Clear.mp4,51 frames,
1,1,16,14.0,Clear,25352.0,success,01_set1_rally16_ball14_Clear.mp4,51 frames,
1,1,16,17.0,Clear,25424.0,success,01_set1_rally16_ball17_Clear.mp4,51 frames,
1,1,16,22.0,Smash,25570.0,success,01_set1_rally16_ball22_Smash.mp4,51 frames,
1,1,16,27.0,Clear,25668.0,success,01_set1_rally16_ball27_Clear.mp4,51 frames,
1,1,16,28.0,Smash,25695.0,success,01_set1_rally16_ball28_Smash.mp4,51 frames,
1,1,16,32.0,Clear,25804.0,success,01_set1_rally16_ball32_Clear.mp4,51 frames,
1,1,17,3.0,Clear,27440.0,success,01_set1_rally17_ball3_Clear.mp4,51 frames,
1,1,17,8.0,Clear,27560.0,success,01_set1_rally17_ball8_Clear.mp4,51 frames,
1,1,17,15.0,Smash,27728.0,success,01_set1_rally17_ball15_Smash.mp4,51 frames,
1,1,18,3.0,Clear,28288.0,success,01_set1_rally18_ball3_Clear.mp4,51 frames,
1,1,18,8.0,Smash,28392.0,success,01_set1_rally18_ball8_Smash.mp4,51 frames,
1,1,18,11.0,Clear,28446.0,success,01_set1_rally18_ball11_Clear.mp4,51 frames,
1,1,18,12.0,Clear,28471.0,success,01_set1_rally18_ball12_Clear.mp4,51 frames,
1,1,18,13.0,Clear,28498.0,success,01_set1_rally18_ball13_Clear.mp4,51 frames,
1,1,18,17.0,Clear,28621.0,success,01_set1_rally18_ball17_Clear.mp4,51 frames,
1,1,19,2.0,Smash,29167.0,success,01_set1_rally19_ball2_Smash.mp4,51 frames,
1,1,19,4.0,Clear,29208.0,success,01_set1_rally19_ball4_Clear.mp4,51 frames,
1,1,19,5.0,Clear,29239.0,success,01_set1_rally19_ball5_Clear.mp4,51 frames,
1,1,19,6.0,Clear,29266.0,success,01_set1_rally19_ball6_Clear.mp4,51 frames,
1,1,19,7.0,Clear,29296.0,success,01_set1_rally19_ball7_Clear.mp4,51 frames,
1,1,20,2.0,Clear,31420.0,success,01_set1_rally20_ball2_Clear.mp4,51 frames,
1,1,20,3.0,Smash,31450.0,success,01_set1_rally20_ball3_Smash.mp4,51 frames,
1,1,21,5.0,Smash,31828.0,success,01_set1_rally21_ball5_Smash.mp4,51 frames,
1,1,22,10.0,Clear,32533.0,success,01_set1_rally22_ball10_Clear.mp4,51 frames,
1,1,22,11.0,Smash,32556.0,success,01_set1_rally22_ball11_Smash.mp4,51 frames,
1,1,23,4.0,Clear,33074.0,success,01_set1_rally23_ball4_Clear.mp4,51 frames,
1,1,24,3.0,Clear,33646.0,success,01_set1_rally24_ball3_Clear.mp4,51 frames,
1,1,24,4.0,Smash,33672.0,success,01_set1_rally24_ball4_Smash.mp4,51 frames,
1,1,24,7.0,Clear,33737.0,success,01_set1_rally24_ball7_Clear.mp4,51 frames,
1,1,24,8.0,Smash,33760.0,success,01_set1_rally24_ball8_Smash.mp4,51 frames,
1,1,24,11.0,Clear,33831.0,success,01_set1_rally24_ball11_Clear.mp4,51 frames,
1,1,24,12.0,Clear,33861.0,success,01_set1_rally24_ball12_Clear.mp4,51 frames,
1,1,24,13.0,Clear,33887.0,success,01_set1_rally24_ball13_Clear.mp4,51 frames,
1,1,24,14.0,Clear,33919.0,success,01_set1_rally24_ball14_Clear.mp4,51 frames,
1,1,24,17.0,Clear,33998.0,success,01_set1_rally24_ball17_Clear.mp4,51 frames,
1,1,25,11.0,Smash,35145.0,success,01_set1_rally25_ball11_Smash.mp4,51 frames,
1,1,25,16.0,Smash,35231.0,success,01_set1_rally25_ball16_Smash.mp4,51 frames,
1,1,27,5.0,Smash,36666.0,success,01_set1_rally27_ball5_Smash.mp4,51 frames,
1,1,27,7.0,Smash,36701.0,success,01_set1_rally27_ball7_Smash.mp4,51 frames,
1,1,27,10.0,Clear,36764.0,success,01_set1_rally27_ball10_Clear.mp4,51 frames,
1,1,27,14.0,Clear,36872.0,success,01_set1_rally27_ball14_Clear.mp4,51 frames,
1,1,27,15.0,Clear,36899.0,success,01_set1_rally27_ball15_Clear.mp4,51 frames,
1,1,27,16.0,Clear,36933.0,success,01_set1_rally27_ball16_Clear.mp4,51 frames,
1,1,27,21.0,Clear,37070.0,success,01_set1_rally27_ball21_Clear.mp4,51 frames,
1,1,27,22.0,Smash,37107.0,success,01_set1_rally27_ball22_Smash.mp4,51 frames,
1,1,27,30.0,Clear,37345.0,success,01_set1_rally27_ball30_Clear.mp4,51 frames,
1,1,27,34.0,Clear,37462.0,success,01_set1_rally27_ball34_Clear.mp4,51 frames,
1,1,27,35.0,Clear,37489.0,success,01_set1_rally27_ball35_Clear.mp4,51 frames,
1,1,27,36.0,Clear,37520.0,success,01_set1_rally27_ball36_Clear.mp4,51 frames,
1,1,27,44.0,Clear,37723.0,success,01_set1_rally27_ball44_Clear.mp4,51 frames,
1,1,28,4.0,Clear,38465.0,success,01_set1_rally28_ball4_Clear.mp4,51 frames,
1,1,28,5.0,Smash,38494.0,success,01_set1_rally28_ball5_Smash.mp4,51 frames,
1,1,29,15.0,Clear,40126.0,success,01_set1_rally29_ball15_Clear.mp4,51 frames,
1,1,30,17.0,Clear,40984.0,success,01_set1_rally30_ball17_Clear.mp4,51 frames,
1,1,30,18.0,Clear,41016.0,success,01_set1_rally30_ball18_Clear.mp4,51 frames,
1,1,30,22.0,Clear,41123.0,success,01_set1_rally30_ball22_Clear.mp4,51 frames,
1,1,30,23.0,Clear,41162.0,success,01_set1_rally30_ball23_Clear.mp4,51 frames,
1,1,31,2.0,Smash,41775.0,success,01_set1_rally31_ball2_Smash.mp4,51 frames,
1,1,32,3.0,Clear,42267.0,success,01_set1_rally32_ball3_Clear.mp4,51 frames,
1,1,32,7.0,Clear,42381.0,success,01_set1_rally32_ball7_Clear.mp4,51 frames,
1,1,32,8.0,Smash,42412.0,success,01_set1_rally32_ball8_Smash.mp4,51 frames,
1,1,33,3.0,Clear,42841.0,success,01_set1_rally33_ball3_Clear.mp4,51 frames,
1,1,33,12.0,Smash,43079.0,success,01_set1_rally33_ball12_Smash.mp4,51 frames,
1,1,34,3.0,Clear,43753.0,success,01_set1_rally34_ball3_Clear.mp4,51 frames,
1,1,34,4.0,Smash,43783.0,success,01_set1_rally34_ball4_Smash.mp4,51 frames,
1,1,35,2.0,Clear,44137.0,success,01_set1_rally35_ball2_Clear.mp4,51 frames,
1,1,36,6.0,Clear,44534.0,success,01_set1_rally36_ball6_Clear.mp4,51 frames,
1,1,36,7.0,Clear,44561.0,success,01_set1_rally36_ball7_Clear.mp4,51 frames,
1,1,36,10.0,Smash,44612.0,success,01_set1_rally36_ball10_Smash.mp4,51 frames,
1,1,36,14.0,Clear,44694.0,success,01_set1_rally36_ball14_Clear.mp4,51 frames,
1,2,1,3.0,Clear,48555.0,success,01_set2_rally1_ball3_Clear.mp4,51 frames,
1,2,1,4.0,Smash,48587.0,success,01_set2_rally1_ball4_Smash.mp4,51 frames,
1,2,2,4.0,Smash,49083.0,success,01_set2_rally2_ball4_Smash.mp4,51 frames,
1,2,5,3.0,Smash,50362.0,success,01_set2_rally5_ball3_Smash.mp4,51 frames,
1,2,7,12.0,Smash,51543.0,success,01_set2_rally7_ball12_Smash.mp4,51 frames,
1,2,7,18.0,Smash,51690.0,success,01_set2_rally7_ball18_Smash.mp4,51 frames,
1,2,9,4.0,Clear,52912.0,success,01_set2_rally9_ball4_Clear.mp4,51 frames,
1,2,9,5.0,Smash,52943.0,success,01_set2_rally9_ball5_Smash.mp4,51 frames,
1,2,9,12.0,Clear,53091.0,success,01_set2_rally9_ball12_Clear.mp4,51 frames,
1,2,9,16.0,Clear,53207.0,success,01_set2_rally9_ball16_Clear.mp4,51 frames,
1,2,9,22.0,Clear,53350.0,success,01_set2_rally9_ball22_Clear.mp4,51 frames,
1,2,9,28.0,Clear,53518.0,success,01_set2_rally9_ball28_Clear.mp4,51 frames,
1,2,9,33.0,Clear,53648.0,success,01_set2_rally9_ball33_Clear.mp4,51 frames,
1,2,9,34.0,Smash,53674.0,success,01_set2_rally9_ball34_Smash.mp4,51 frames,
1,2,10,6.0,Clear,55179.0,success,01_set2_rally10_ball6_Clear.mp4,51 frames,
1,2,10,7.0,Clear,55216.0,success,01_set2_rally10_ball7_Clear.mp4,51 frames,
1,2,10,11.0,Clear,55321.0,success,01_set2_rally10_ball11_Clear.mp4,51 frames,
1,2,10,12.0,Smash,55349.0,success,01_set2_rally10_ball12_Smash.mp4,51 frames,
1,2,11,10.0,Clear,56122.0,success,01_set2_rally11_ball10_Clear.mp4,51 frames,
1,2,11,14.0,Smash,56224.0,success,01_set2_rally11_ball14_Smash.mp4,51 frames,
1,2,12,2.0,Clear,56808.0,success,01_set2_rally12_ball2_Clear.mp4,51 frames,
1,2,12,3.0,Smash,56840.0,success,01_set2_rally12_ball3_Smash.mp4,51 frames,
1,2,12,8.0,Clear,56948.0,success,01_set2_rally12_ball8_Clear.mp4,51 frames,
1,2,13,5.0,Smash,58107.0,success,01_set2_rally13_ball5_Smash.mp4,51 frames,
1,2,14,3.0,Clear,58855.0,success,01_set2_rally14_ball3_Clear.mp4,51 frames,
1,2,15,10.0,Clear,59565.0,success,01_set2_rally15_ball10_Clear.mp4,51 frames,
1,2,16,5.0,Clear,60069.0,success,01_set2_rally16_ball5_Clear.mp4,51 frames,
1,2,16,9.0,Clear,60164.0,success,01_set2_rally16_ball9_Clear.mp4,51 frames,
1,2,16,10.0,Clear,60200.0,success,01_set2_rally16_ball10_Clear.mp4,51 frames,
1,2,16,11.0,Smash,60235.0,success,01_set2_rally16_ball11_Smash.mp4,51 frames,
1,2,19,3.0,Clear,63802.0,success,01_set2_rally19_ball3_Clear.mp4,51 frames,
1,2,19,4.0,Smash,63830.0,success,01_set2_rally19_ball4_Smash.mp4,51 frames,
1,2,19,9.0,Clear,63927.0,success,01_set2_rally19_ball9_Clear.mp4,51 frames,
1,2,19,13.0,Clear,64030.0,success,01_set2_rally19_ball13_Clear.mp4,51 frames,
1,2,19,14.0,Clear,64062.0,success,01_set2_rally19_ball14_Clear.mp4,51 frames,
1,2,19,15.0,Clear,64098.0,success,01_set2_rally19_ball15_Clear.mp4,51 frames,
1,2,19,19.0,Smash,64207.0,success,01_set2_rally19_ball19_Smash.mp4,51 frames,
1,2,21,3.0,Clear,65284.0,success,01_set2_rally21_ball3_Clear.mp4,51 frames,
1,2,21,4.0,Clear,65311.0,success,01_set2_rally21_ball4_Clear.mp4,51 frames,
1,2,23,9.0,Smash,66917.0,success,01_set2_rally23_ball9_Smash.mp4,51 frames,
1,2,24,11.0,Clear,67835.0,success,01_set2_rally24_ball11_Clear.mp4,51 frames,
1,2,24,20.0,Clear,68069.0,success,01_set2_rally24_ball20_Clear.mp4,51 frames,
1,2,24,21.0,Clear,68094.0,success,01_set2_rally24_ball21_Clear.mp4,51 frames,
1,2,24,28.0,Smash,68295.0,success,01_set2_rally24_ball28_Smash.mp4,51 frames,
1,2,24,33.0,Clear,68426.0,success,01_set2_rally24_ball33_Clear.mp4,51 frames,
1,2,24,34.0,Clear,68460.0,success,01_set2_rally24_ball34_Clear.mp4,51 frames,
1,2,24,38.0,Clear,68558.0,success,01_set2_rally24_ball38_Clear.mp4,51 frames,
1,2,24,39.0,Clear,68580.0,success,01_set2_rally24_ball39_Clear.mp4,51 frames,
1,2,25,18.0,Clear,70606.0,success,01_set2_rally25_ball18_Clear.mp4,51 frames,
1,2,25,19.0,Clear,70642.0,success,01_set2_rally25_ball19_Clear.mp4,51 frames,
1,2,25,20.0,Clear,70668.0,success,01_set2_rally25_ball20_Clear.mp4,51 frames,
1,2,25,31.0,Clear,70935.0,success,01_set2_rally25_ball31_Clear.mp4,51 frames,
1,2,26,2.0,Clear,71547.0,success,01_set2_rally26_ball2_Clear.mp4,51 frames,
1,2,26,5.0,Clear,71622.0,success,01_set2_rally26_ball5_Clear.mp4,51 frames,
1,2,26,6.0,Clear,71649.0,success,01_set2_rally26_ball6_Clear.mp4,51 frames,
1,2,27,2.0,Clear,72094.0,success,01_set2_rally27_ball2_Clear.mp4,51 frames,
1,2,27,3.0,Clear,72123.0,success,01_set2_rally27_ball3_Clear.mp4,51 frames,
1,2,27,4.0,Smash,72144.0,success,01_set2_rally27_ball4_Smash.mp4,51 frames,
1,2,27,7.0,Clear,72206.0,success,01_set2_rally27_ball7_Clear.mp4,51 frames,
1,2,28,3.0,Smash,72930.0,success,01_set2_rally28_ball3_Smash.mp4,51 frames,
1,2,28,15.0,Clear,73194.0,success,01_set2_rally28_ball15_Clear.mp4,51 frames,
1,2,28,19.0,Clear,73293.0,success,01_set2_rally28_ball19_Clear.mp4,51 frames,
1,2,28,20.0,Clear,73317.0,success,01_set2_rally28_ball20_Clear.mp4,51 frames,
1,2,28,23.0,Clear,73406.0,success,01_set2_rally28_ball23_Clear.mp4,51 frames,
1,2,28,28.0,Clear,73545.0,success,01_set2_rally28_ball28_Clear.mp4,51 frames,
1,2,28,33.0,Clear,73663.0,success,01_set2_rally28_ball33_Clear.mp4,51 frames,
1,2,28,34.0,Clear,73697.0,success,01_set2_rally28_ball34_Clear.mp4,51 frames,
1,2,28,35.0,Clear,73729.0,success,01_set2_rally28_ball35_Clear.mp4,51 frames,
1,2,28,36.0,Clear,73758.0,success,01_set2_rally28_ball36_Clear.mp4,51 frames,
1,2,28,37.0,Clear,73796.0,success,01_set2_rally28_ball37_Clear.mp4,51 frames,
1,2,29,3.0,Clear,74569.0,success,01_set2_rally29_ball3_Clear.mp4,51 frames,
1,2,29,4.0,Smash,74599.0,success,01_set2_rally29_ball4_Smash.mp4,51 frames,
1,2,30,2.0,Smash,75080.0,success,01_set2_rally30_ball2_Smash.mp4,51 frames,
1,2,30,11.0,Smash,75292.0,success,01_set2_rally30_ball11_Smash.mp4,51 frames,
1,2,30,15.0,Clear,75389.0,success,01_set2_rally30_ball15_Clear.mp4,51 frames,
1,2,30,19.0,Clear,75504.0,success,01_set2_rally30_ball19_Clear.mp4,51 frames,
1,2,30,20.0,Clear,75537.0,success,01_set2_rally30_ball20_Clear.mp4,51 frames,
1,2,30,21.0,Smash,75568.0,success,01_set2_rally30_ball21_Smash.mp4,51 frames,
1,2,31,3.0,Clear,76966.0,success,01_set2_rally31_ball3_Clear.mp4,51 frames,
1,2,31,4.0,Smash,76989.0,success,01_set2_rally31_ball4_Smash.mp4,51 frames,
1,2,32,4.0,Smash,77859.0,success,01_set2_rally32_ball4_Smash.mp4,51 frames,
1,2,33,5.0,Clear,78325.0,success,01_set2_rally33_ball5_Clear.mp4,51 frames,
1,2,33,6.0,Smash,78358.0,success,01_set2_rally33_ball6_Smash.mp4,51 frames,
1,2,33,9.0,Clear,78433.0,success,01_set2_rally33_ball9_Clear.mp4,51 frames,
1,2,33,10.0,Smash,78471.0,success,01_set2_rally33_ball10_Smash.mp4,51 frames,
1,2,33,17.0,Clear,78654.0,success,01_set2_rally33_ball17_Clear.mp4,51 frames,
1,2,33,18.0,Smash,78689.0,success,01_set2_rally33_ball18_Smash.mp4,51 frames,
1,2,34,3.0,Clear,79872.0,success,01_set2_rally34_ball3_Clear.mp4,51 frames,
1,2,34,17.0,Clear,80217.0,success,01_set2_rally34_ball17_Clear.mp4,51 frames,
1,2,34,18.0,Clear,80249.0,success,01_set2_rally34_ball18_Clear.mp4,51 frames,
1,2,34,19.0,Clear,80282.0,success,01_set2_rally34_ball19_Clear.mp4,51 frames,
1,2,34,23.0,Smash,80382.0,success,01_set2_rally34_ball23_Smash.mp4,51 frames,
1,2,34,26.0,Clear,80458.0,success,01_set2_rally34_ball26_Clear.mp4,51 frames,
1,2,35,5.0,Smash,82490.0,success,01_set2_rally35_ball5_Smash.mp4,51 frames,
1,2,36,4.0,Smash,83921.0,success,01_set2_rally36_ball4_Smash.mp4,51 frames,
1,2,36,10.0,Smash,84042.0,success,01_set2_rally36_ball10_Smash.mp4,51 frames,
1,2,36,16.0,Smash,84190.0,success,01_set2_rally36_ball16_Smash.mp4,51 frames,
1,2,36,26.0,Clear,84434.0,success,01_set2_rally36_ball26_Clear.mp4,51 frames,
1,2,36,34.0,Smash,84660.0,success,01_set2_rally36_ball34_Smash.mp4,51 frames,
1,2,37,14.0,Smash,86115.0,success,01_set2_rally37_ball14_Smash.mp4,51 frames,
1,2,38,7.0,Smash,87356.0,success,01_set2_rally38_ball7_Smash.mp4,51 frames,
1,2,38,10.0,Smash,87424.0,success,01_set2_rally38_ball10_Smash.mp4,51 frames,
1,3,2,13.0,Clear,91933.0,success,01_set3_rally2_ball13_Clear.mp4,51 frames,
1,3,2,14.0,Smash,91960.0,success,01_set3_rally2_ball14_Smash.mp4,51 frames,
1,3,3,14.0,Smash,93046.0,success,01_set3_rally3_ball14_Smash.mp4,51 frames,
1,3,4,3.0,Smash,93648.0,success,01_set3_rally4_ball3_Smash.mp4,51 frames,
1,3,4,8.0,Smash,93748.0,success,01_set3_rally4_ball8_Smash.mp4,51 frames,
1,3,4,12.0,Clear,93849.0,success,01_set3_rally4_ball12_Clear.mp4,51 frames,
1,3,4,13.0,Smash,93874.0,success,01_set3_rally4_ball13_Smash.mp4,51 frames,
1,3,5,9.0,Smash,95045.0,success,01_set3_rally5_ball9_Smash.mp4,51 frames,
1,3,6,3.0,Smash,95845.0,success,01_set3_rally6_ball3_Smash.mp4,51 frames,
1,3,6,12.0,Smash,96059.0,success,01_set3_rally6_ball12_Smash.mp4,51 frames,
1,3,6,22.0,Smash,96293.0,success,01_set3_rally6_ball22_Smash.mp4,51 frames,
1,3,6,25.0,Clear,96362.0,success,01_set3_rally6_ball25_Clear.mp4,51 frames,
1,3,6,26.0,Clear,96392.0,success,01_set3_rally6_ball26_Clear.mp4,51 frames,
1,3,6,27.0,Clear,96424.0,success,01_set3_rally6_ball27_Clear.mp4,51 frames,
1,3,6,28.0,Clear,96454.0,success,01_set3_rally6_ball28_Clear.mp4,51 frames,
1,3,6,29.0,Clear,96493.0,success,01_set3_rally6_ball29_Clear.mp4,51 frames,
1,3,7,2.0,Clear,97215.0,success,01_set3_rally7_ball2_Clear.mp4,51 frames,
1,3,7,3.0,Clear,97250.0,success,01_set3_rally7_ball3_Clear.mp4,51 frames,
1,3,7,7.0,Clear,97347.0,success,01_set3_rally7_ball7_Clear.mp4,51 frames,
1,3,7,12.0,Clear,97478.0,success,01_set3_rally7_ball12_Clear.mp4,51 frames,
1,3,7,13.0,Smash,97511.0,success,01_set3_rally7_ball13_Smash.mp4,51 frames,
1,3,8,2.0,Smash,98093.0,success,01_set3_rally8_ball2_Smash.mp4,51 frames,
1,3,8,7.0,Clear,98214.0,success,01_set3_rally8_ball7_Clear.mp4,51 frames,
1,3,8,8.0,Clear,98254.0,success,01_set3_rally8_ball8_Clear.mp4,51 frames,
1,3,8,9.0,Clear,98288.0,success,01_set3_rally8_ball9_Clear.mp4,51 frames,
1,3,8,12.0,Clear,98366.0,success,01_set3_rally8_ball12_Clear.mp4,51 frames,
1,3,8,13.0,Clear,98394.0,success,01_set3_rally8_ball13_Clear.mp4,51 frames,
1,3,9,8.0,Smash,100077.0,success,01_set3_rally9_ball8_Smash.mp4,51 frames,
1,3,9,13.0,Smash,100199.0,success,01_set3_rally9_ball13_Smash.mp4,51 frames,
1,3,10,6.0,Smash,101677.0,success,01_set3_rally10_ball6_Smash.mp4,51 frames,
1,3,10,15.0,Clear,101898.0,success,01_set3_rally10_ball15_Clear.mp4,51 frames,
1,3,10,18.0,Clear,101975.0,success,01_set3_rally10_ball18_Clear.mp4,51 frames,
1,3,10,19.0,Smash,102001.0,success,01_set3_rally10_ball19_Smash.mp4,51 frames,
1,3,11,6.0,Clear,103193.0,success,01_set3_rally11_ball6_Clear.mp4,51 frames,
1,3,11,7.0,Smash,103216.0,success,01_set3_rally11_ball7_Smash.mp4,51 frames,
1,3,11,10.0,Clear,103272.0,success,01_set3_rally11_ball10_Clear.mp4,51 frames,
1,3,12,2.0,Clear,103951.0,success,01_set3_rally12_ball2_Clear.mp4,51 frames,
1,3,13,2.0,Clear,104543.0,success,01_set3_rally13_ball2_Clear.mp4,51 frames,
1,3,13,3.0,Smash,104566.0,success,01_set3_rally13_ball3_Smash.mp4,51 frames,
1,3,14,3.0,Smash,105371.0,success,01_set3_rally14_ball3_Smash.mp4,51 frames,
1,3,14,13.0,Smash,105583.0,success,01_set3_rally14_ball13_Smash.mp4,51 frames,
1,3,15,2.0,Smash,106548.0,success,01_set3_rally15_ball2_Smash.mp4,51 frames,
1,3,16,8.0,Smash,107079.0,success,01_set3_rally16_ball8_Smash.mp4,51 frames,
1,3,17,2.0,Smash,107609.0,success,01_set3_rally17_ball2_Smash.mp4,51 frames,
1,3,17,10.0,Clear,107754.0,success,01_set3_rally17_ball10_Clear.mp4,51 frames,
1,3,19,16.0,Smash,109251.0,success,01_set3_rally19_ball16_Smash.mp4,51 frames,
1,3,20,2.0,Clear,110506.0,success,01_set3_rally20_ball2_Clear.mp4,51 frames,
1,3,20,10.0,Smash,110683.0,success,01_set3_rally20_ball10_Smash.mp4,51 frames,
1,3,20,13.0,Clear,110756.0,success,01_set3_rally20_ball13_Clear.mp4,51 frames,
1,3,21,8.0,Smash,113239.0,success,01_set3_rally21_ball8_Smash.mp4,51 frames,
1,3,21,15.0,Smash,113384.0,success,01_set3_rally21_ball15_Smash.mp4,51 frames,
1,3,22,3.0,Clear,113988.0,success,01_set3_rally22_ball3_Clear.mp4,51 frames,
1,3,22,4.0,Clear,114023.0,success,01_set3_rally22_ball4_Clear.mp4,51 frames,
1,3,22,10.0,Clear,114175.0,success,01_set3_rally22_ball10_Clear.mp4,51 frames,
1,3,22,11.0,Clear,114210.0,success,01_set3_rally22_ball11_Clear.mp4,51 frames,
1,3,22,12.0,Clear,114244.0,success,01_set3_rally22_ball12_Clear.mp4,51 frames,
1,3,22,16.0,Clear,114367.0,success,01_set3_rally22_ball16_Clear.mp4,51 frames,
1,3,23,10.0,Clear,115215.0,success,01_set3_rally23_ball10_Clear.mp4,51 frames,
1,3,23,16.0,Clear,115382.0,success,01_set3_rally23_ball16_Clear.mp4,51 frames,
1,3,23,19.0,Clear,115462.0,success,01_set3_rally23_ball19_Clear.mp4,51 frames,
1,3,23,20.0,Smash,115491.0,success,01_set3_rally23_ball20_Smash.mp4,51 frames,
1,3,24,3.0,Clear,116273.0,success,01_set3_rally24_ball3_Clear.mp4,51 frames,
1,3,25,5.0,Smash,116875.0,success,01_set3_rally25_ball5_Smash.mp4,51 frames,
1,3,25,10.0,Clear,116977.0,success,01_set3_rally25_ball10_Clear.mp4,51 frames,
1,3,25,23.0,Clear,117287.0,success,01_set3_rally25_ball23_Clear.mp4,51 frames,
1,3,26,4.0,Smash,118972.0,success,01_set3_rally26_ball4_Smash.mp4,51 frames,
1,3,26,9.0,Smash,119099.0,success,01_set3_rally26_ball9_Smash.mp4,51 frames,
1,3,26,15.0,Smash,119237.0,success,01_set3_rally26_ball15_Smash.mp4,51 frames,
1,3,26,20.0,Clear,119351.0,success,01_set3_rally26_ball20_Clear.mp4,51 frames,
1,3,26,24.0,Clear,119457.0,success,01_set3_rally26_ball24_Clear.mp4,51 frames,
1,3,26,25.0,Clear,119484.0,success,01_set3_rally26_ball25_Clear.mp4,51 frames,
1,3,26,26.0,Smash,119515.0,success,01_set3_rally26_ball26_Smash.mp4,51 frames,
1,3,26,30.0,Clear,119618.0,success,01_set3_rally26_ball30_Clear.mp4,51 frames,
1,3,26,31.0,Smash,119638.0,success,01_set3_rally26_ball31_Smash.mp4,51 frames,
1,3,26,33.0,Smash,119672.0,success,01_set3_rally26_ball33_Smash.mp4,51 frames,
1,3,26,40.0,Clear,119863.0,success,01_set3_rally26_ball40_Clear.mp4,51 frames,
1,3,26,41.0,Clear,119891.0,success,01_set3_rally26_ball41_Clear.mp4,51 frames,
1,3,28,2.0,Smash,122339.0,success,01_set3_rally28_ball2_Smash.mp4,51 frames,
1,3,29,2.0,Clear,122950.0,success,01_set3_rally29_ball2_Clear.mp4,51 frames,
1,3,29,3.0,Clear,122976.0,success,01_set3_rally29_ball3_Clear.mp4,51 frames,
1,3,29,4.0,Clear,123012.0,success,01_set3_rally29_ball4_Clear.mp4,51 frames,
1,3,29,8.0,Clear,123112.0,success,01_set3_rally29_ball8_Clear.mp4,51 frames,
1,3,29,9.0,Smash,123137.0,success,01_set3_rally29_ball9_Smash.mp4,51 frames,
1,3,30,9.0,Clear,124936.0,success,01_set3_rally30_ball9_Clear.mp4,51 frames,
1,3,30,18.0,Clear,125173.0,success,01_set3_rally30_ball18_Clear.mp4,51 frames,
1,3,30,19.0,Smash,125197.0,success,01_set3_rally30_ball19_Smash.mp4,51 frames,
1,3,31,5.0,Clear,126007.0,success,01_set3_rally31_ball5_Clear.mp4,51 frames,
1,3,31,10.0,Clear,126103.0,success,01_set3_rally31_ball10_Clear.mp4,51 frames,
1,3,31,15.0,Clear,126226.0,success,01_set3_rally31_ball15_Clear.mp4,51 frames,
1,3,31,20.0,Clear,126342.0,success,01_set3_rally31_ball20_Clear.mp4,51 frames,
1,3,31,21.0,Smash,126371.0,success,01_set3_rally31_ball21_Smash.mp4,51 frames,
1,3,31,27.0,Clear,126523.0,success,01_set3_rally31_ball27_Clear.mp4,51 frames,
1,3,31,31.0,Smash,126654.0,success,01_set3_rally31_ball31_Smash.mp4,51 frames,
1,3,32,5.0,Smash,127944.0,success,01_set3_rally32_ball5_Smash.mp4,51 frames,
1,3,35,5.0,Smash,131329.0,success,01_set3_rally35_ball5_Smash.mp4,51 frames,
1,3,35,17.0,Clear,131617.0,success,01_set3_rally35_ball17_Clear.mp4,51 frames,
1,3,35,18.0,Smash,131645.0,success,01_set3_rally35_ball18_Smash.mp4,51 frames,
1,3,37,5.0,Smash,133346.0,success,01_set3_rally37_ball5_Smash.mp4,51 frames,
1,3,38,8.0,Smash,134338.0,success,01_set3_rally38_ball8_Smash.mp4,51 frames,
2,1,1,14.0,Clear,12016.0,success,02_set1_rally1_ball14_Clear.mp4,51 frames,
2,1,1,15.0,Clear,12047.0,success,02_set1_rally1_ball15_Clear.mp4,51 frames,
2,1,1,16.0,Clear,12078.0,success,02_set1_rally1_ball16_Clear.mp4,51 frames,
2,1,1,20.0,Clear,12179.0,success,02_set1_rally1_ball20_Clear.mp4,51 frames,
2,1,2,9.0,Clear,12896.0,success,02_set1_rally2_ball9_Clear.mp4,51 frames,
2,1,2,15.0,Clear,13012.0,success,02_set1_rally2_ball15_Clear.mp4,51 frames,
2,1,3,8.0,Clear,13683.0,success,02_set1_rally3_ball8_Clear.mp4,51 frames,
2,1,6,8.0,Smash,16186.0,success,02_set1_rally6_ball8_Smash.mp4,51 frames,
2,1,7,5.0,Clear,16719.0,success,02_set1_rally7_ball5_Clear.mp4,51 frames,
2,1,7,6.0,Smash,16749.0,success,02_set1_rally7_ball6_Smash.mp4,51 frames,
2,1,8,4.0,Clear,17319.0,success,02_set1_rally8_ball4_Clear.mp4,51 frames,
2,1,8,5.0,Clear,17355.0,success,02_set1_rally8_ball5_Clear.mp4,51 frames,
2,1,8,6.0,Clear,17385.0,success,02_set1_rally8_ball6_Clear.mp4,51 frames,
2,1,8,12.0,Smash,17526.0,success,02_set1_rally8_ball12_Smash.mp4,51 frames,
2,1,9,8.0,Smash,18375.0,success,02_set1_rally9_ball8_Smash.mp4,51 frames,
2,1,10,4.0,Smash,19036.0,success,02_set1_rally10_ball4_Smash.mp4,51 frames,
2,1,10,9.0,Clear,19109.0,success,02_set1_rally10_ball9_Clear.mp4,51 frames,
2,1,10,10.0,Smash,19143.0,success,02_set1_rally10_ball10_Smash.mp4,51 frames,
2,1,11,3.0,Smash,19825.0,success,02_set1_rally11_ball3_Smash.mp4,51 frames,
2,1,11,7.0,Clear,19897.0,success,02_set1_rally11_ball7_Clear.mp4,51 frames,
2,1,11,8.0,Smash,19922.0,success,02_set1_rally11_ball8_Smash.mp4,51 frames,
2,1,12,23.0,Smash,21147.0,success,02_set1_rally12_ball23_Smash.mp4,51 frames,
2,1,12,25.0,Smash,21174.0,success,02_set1_rally12_ball25_Smash.mp4,51 frames,
2,1,12,27.0,Smash,21199.0,success,02_set1_rally12_ball27_Smash.mp4,51 frames,
2,1,13,3.0,Clear,21935.0,success,02_set1_rally13_ball3_Clear.mp4,51 frames,
2,1,15,3.0,Clear,23087.0,success,02_set1_rally15_ball3_Clear.mp4,51 frames,
2,1,15,10.0,Clear,23267.0,success,02_set1_rally15_ball10_Clear.mp4,51 frames,
2,1,16,9.0,Clear,25006.0,success,02_set1_rally16_ball9_Clear.mp4,51 frames,
2,1,16,14.0,Clear,25126.0,success,02_set1_rally16_ball14_Clear.mp4,51 frames,
2,1,16,15.0,Clear,25162.0,success,02_set1_rally16_ball15_Clear.mp4,51 frames,
2,1,16,16.0,Clear,25190.0,success,02_set1_rally16_ball16_Clear.mp4,51 frames,
2,1,16,17.0,Smash,25221.0,success,02_set1_rally16_ball17_Smash.mp4,51 frames,
2,1,17,3.0,Clear,25901.0,success,02_set1_rally17_ball3_Clear.mp4,51 frames,
2,1,17,4.0,Smash,25929.0,success,02_set1_rally17_ball4_Smash.mp4,51 frames,
2,1,17,10.0,Smash,26080.0,success,02_set1_rally17_ball10_Smash.mp4,51 frames,
2,1,18,7.0,Smash,26985.0,success,02_set1_rally18_ball7_Smash.mp4,51 frames,
2,1,18,21.0,Smash,27291.0,success,02_set1_rally18_ball21_Smash.mp4,51 frames,
2,1,18,35.0,Clear,27667.0,success,02_set1_rally18_ball35_Clear.mp4,51 frames,
2,1,18,38.0,Clear,27755.0,success,02_set1_rally18_ball38_Clear.mp4,51 frames,
2,1,18,39.0,Smash,27779.0,success,02_set1_rally18_ball39_Smash.mp4,51 frames,
2,1,19,3.0,Smash,29308.0,success,02_set1_rally19_ball3_Smash.mp4,51 frames,
2,1,23,4.0,Clear,33497.0,success,02_set1_rally23_ball4_Clear.mp4,51 frames,
2,1,25,2.0,Clear,34572.0,success,02_set1_rally25_ball2_Clear.mp4,51 frames,
2,1,25,3.0,Smash,34605.0,success,02_set1_rally25_ball3_Smash.mp4,51 frames,
2,1,27,16.0,Smash,36316.0,success,02_set1_rally27_ball16_Smash.mp4,51 frames,
2,1,27,19.0,Clear,36381.0,success,02_set1_rally27_ball19_Clear.mp4,51 frames,
2,1,27,20.0,Clear,36398.0,success,02_set1_rally27_ball20_Clear.mp4,51 frames,
2,1,28,6.0,Clear,37090.0,success,02_set1_rally28_ball6_Clear.mp4,51 frames,
2,1,28,7.0,Smash,37118.0,success,02_set1_rally28_ball7_Smash.mp4,51 frames,
2,1,28,11.0,Clear,37220.0,success,02_set1_rally28_ball11_Clear.mp4,51 frames,
2,1,28,12.0,Smash,37254.0,success,02_set1_rally28_ball12_Smash.mp4,51 frames,
2,1,28,15.0,Smash,37317.0,success,02_set1_rally28_ball15_Smash.mp4,51 frames,
2,1,29,10.0,Clear,38331.0,success,02_set1_rally29_ball10_Clear.mp4,51 frames,
2,1,29,11.0,Smash,38360.0,success,02_set1_rally29_ball11_Smash.mp4,51 frames,
2,1,30,5.0,Smash,38982.0,success,02_set1_rally30_ball5_Smash.mp4,51 frames,
2,1,33,3.0,Clear,41139.0,success,02_set1_rally33_ball3_Clear.mp4,51 frames,
2,1,33,11.0,Clear,41304.0,success,02_set1_rally33_ball11_Clear.mp4,51 frames,
2,1,33,12.0,Clear,41331.0,success,02_set1_rally33_ball12_Clear.mp4,51 frames,
2,1,33,22.0,Clear,41606.0,success,02_set1_rally33_ball22_Clear.mp4,51 frames,
2,1,33,31.0,Smash,41856.0,success,02_set1_rally33_ball31_Smash.mp4,51 frames,
2,1,34,2.0,Smash,42538.0,success,02_set1_rally34_ball2_Smash.mp4,51 frames,
2,1,36,9.0,Clear,44618.0,success,02_set1_rally36_ball9_Clear.mp4,51 frames,
2,1,36,10.0,Smash,44646.0,success,02_set1_rally36_ball10_Smash.mp4,51 frames,
2,2,1,8.0,Clear,48597.0,success,02_set2_rally1_ball8_Clear.mp4,51 frames,
2,2,2,17.0,Clear,49964.0,success,02_set2_rally2_ball17_Clear.mp4,51 frames,
2,2,2,22.0,Clear,50090.0,success,02_set2_rally2_ball22_Clear.mp4,51 frames,
2,2,2,23.0,Clear,50119.0,success,02_set2_rally2_ball23_Clear.mp4,51 frames,
2,2,2,24.0,Clear,50151.0,success,02_set2_rally2_ball24_Clear.mp4,51 frames,
2,2,2,25.0,Clear,50180.0,success,02_set2_rally2_ball25_Clear.mp4,51 frames,
2,2,2,30.0,Clear,50334.0,success,02_set2_rally2_ball30_Clear.mp4,51 frames,
2,2,2,37.0,Smash,50494.0,success,02_set2_rally2_ball37_Smash.mp4,51 frames,
2,2,4,15.0,Clear,51937.0,success,02_set2_rally4_ball15_Clear.mp4,51 frames,
2,2,4,23.0,Clear,52153.0,success,02_set2_rally4_ball23_Clear.mp4,51 frames,
2,2,9,7.0,Clear,55025.0,success,02_set2_rally9_ball7_Clear.mp4,51 frames,
2,2,9,8.0,Clear,55052.0,success,02_set2_rally9_ball8_Clear.mp4,51 frames,
2,2,9,15.0,Clear,55229.0,success,02_set2_rally9_ball15_Clear.mp4,51 frames,
2,2,9,16.0,Smash,55255.0,success,02_set2_rally9_ball16_Smash.mp4,51 frames,
2,2,9,21.0,Smash,55376.0,success,02_set2_rally9_ball21_Smash.mp4,51 frames,
2,2,12,5.0,Clear,58773.0,success,02_set2_rally12_ball5_Clear.mp4,51 frames,
2,2,13,4.0,Clear,60104.0,success,02_set2_rally13_ball4_Clear.mp4,51 frames,
2,2,13,8.0,Clear,60210.0,success,02_set2_rally13_ball8_Clear.mp4,51 frames,
2,2,15,3.0,Smash,61818.0,success,02_set2_rally15_ball3_Smash.mp4,51 frames,
2,2,15,6.0,Clear,61873.0,success,02_set2_rally15_ball6_Clear.mp4,51 frames,
2,2,15,14.0,Smash,62062.0,success,02_set2_rally15_ball14_Smash.mp4,51 frames,
2,2,18,5.0,Smash,64192.0,success,02_set2_rally18_ball5_Smash.mp4,51 frames,
2,2,20,5.0,Smash,65680.0,success,02_set2_rally20_ball5_Smash.mp4,51 frames,
2,2,21,11.0,Smash,67970.0,success,02_set2_rally21_ball11_Smash.mp4,51 frames,
2,2,23,8.0,Smash,69641.0,success,02_set2_rally23_ball8_Smash.mp4,51 frames,
2,2,26,4.0,Smash,72112.0,success,02_set2_rally26_ball4_Smash.mp4,51 frames,
2,2,26,7.0,Clear,72181.0,success,02_set2_rally26_ball7_Clear.mp4,51 frames,
2,2,26,8.0,Clear,72207.0,success,02_set2_rally26_ball8_Clear.mp4,51 frames,
2,2,26,15.0,Clear,72384.0,success,02_set2_rally26_ball15_Clear.mp4,51 frames,
2,2,26,23.0,Clear,72616.0,success,02_set2_rally26_ball23_Clear.mp4,51 frames,
2,2,26,24.0,Smash,72648.0,success,02_set2_rally26_ball24_Smash.mp4,51 frames,
2,2,27,5.0,Clear,73530.0,success,02_set2_rally27_ball5_Clear.mp4,51 frames,
2,2,30,2.0,Clear,75500.0,success,02_set2_rally30_ball2_Clear.mp4,51 frames,
2,2,30,12.0,Clear,75760.0,success,02_set2_rally30_ball12_Clear.mp4,51 frames,
2,2,31,6.0,Clear,76502.0,success,02_set2_rally31_ball6_Clear.mp4,51 frames,
2,2,34,9.0,Smash,79617.0,success,02_set2_rally34_ball9_Smash.mp4,51 frames,
2,2,35,5.0,Clear,80708.0,success,02_set2_rally35_ball5_Clear.mp4,51 frames,
2,2,35,10.0,Smash,80837.0,success,02_set2_rally35_ball10_Smash.mp4,51 frames,
2,2,37,6.0,Smash,83051.0,success,02_set2_rally37_ball6_Smash.mp4,51 frames,
2,2,37,10.0,Smash,83144.0,success,02_set2_rally37_ball10_Smash.mp4,51 frames,
2,2,37,18.0,Smash,83354.0,success,02_set2_rally37_ball18_Smash.mp4,51 frames,
2,2,37,34.0,Smash,83710.0,success,02_set2_rally37_ball34_Smash.mp4,51 frames,
2,2,38,7.0,Clear,85818.0,success,02_set2_rally38_ball7_Clear.mp4,51 frames,
2,2,38,11.0,Smash,85907.0,success,02_set2_rally38_ball11_Smash.mp4,51 frames,
2,2,40,10.0,Clear,88608.0,success,02_set2_rally40_ball10_Clear.mp4,51 frames,
2,2,40,11.0,Smash,88636.0,success,02_set2_rally40_ball11_Smash.mp4,51 frames,
2,2,40,18.0,Clear,88793.0,success,02_set2_rally40_ball18_Clear.mp4,51 frames,
3,1,1,3.0,Clear,,video_not_found,,,Video file 03.mp4 not found
3,1,2,3.0,Clear,,video_not_found,,,Video file 03.mp4 not found
3,1,2,11.0,Clear,,video_not_found,,,Video file 03.mp4 not found
3,1,2,29.0,Smash,,video_not_found,,,Video file 03.mp4 not found
3,1,3,6.0,Clear,,video_not_found,,,Video file 03.mp4 not found
3,1,3,12.0,Clear,,video_not_found,,,Video file 03.mp4 not found
3,1,3,18.0,Smash,,video_not_found,,,Video file 03.mp4 not found
3,1,4,3.0,Clear,,video_not_found,,,Video file 03.mp4 not found
3,1,4,7.0,Clear,,video_not_found,,,Video file 03.mp4 not found
3,1,4,17.0,Smash,,video_not_found,,,Video file 03.mp4 not found
3,1,6,21.0,Clear,,video_not_found,,,Video file 03.mp4 not found
3,1,6,22.0,Clear,,video_not_found,,,Video file 03.mp4 not found
3,1,6,23.0,Clear,,video_not_found,,,Video file 03.mp4 not found
3,1,6,28.0,Clear,,video_not_found,,,Video file 03.mp4 not found
3,1,6,29.0,Smash,,video_not_found,,,Video file 03.mp4 not found
3,1,7,2.0,Clear,,video_not_found,,,Video file 03.mp4 not found
3,1,7,3.0,Smash,,video_not_found,,,Video file 03.mp4 not found
3,1,8,3.0,Clear,,video_not_found,,,Video file 03.mp4 not found
3,1,8,4.0,Smash,,video_not_found,,,Video file 03.mp4 not found
3,1,10,5.0,Smash,,video_not_found,,,Video file 03.mp4 not found
3,1,10,9.0,Clear,,video_not_found,,,Video file 03.mp4 not found
3,1,11,6.0,Clear,,video_not_found,,,Video file 03.mp4 not found
3,1,11,7.0,Smash,,video_not_found,,,Video file 03.mp4 not found
3,1,12,3.0,Clear,,video_not_found,,,Video file 03.mp4 not found
3,1,13,10.0,Clear,,video_not_found,,,Video file 03.mp4 not found
3,1,13,11.0,Clear,,video_not_found,,,Video file 03.mp4 not found
3,1,13,12.0,Smash,,video_not_found,,,Video file 03.mp4 not found
3,1,14,7.0,Clear,,video_not_found,,,Video file 03.mp4 not found
3,1,14,8.0,Clear,,video_not_found,,,Video file 03.mp4 not found
3,1,14,18.0,Clear,,video_not_found,,,Video file 03.mp4 not found
3,1,14,19.0,Clear,,video_not_found,,,Video file 03.mp4 not found
3,1,14,20.0,Smash,,video_not_found,,,Video file 03.mp4 not found
3,1,15,4.0,Clear,,video_not_found,,,Video file 03.mp4 not found
3,1,15,5.0,Smash,,video_not_found,,,Video file 03.mp4 not found
3,1,15,11.0,Clear,,video_not_found,,,Video file 03.mp4 not found
3,1,16,7.0,Smash,,video_not_found,,,Video file 03.mp4 not found
3,1,17,4.0,Clear,,video_not_found,,,Video file 03.mp4 not found
3,1,17,5.0,Smash,,video_not_found,,,Video file 03.mp4 not found
3,1,17,8.0,Smash,,video_not_found,,,Video file 03.mp4 not found
3,1,18,2.0,Clear,,video_not_found,,,Video file 03.mp4 not found
3,1,18,3.0,Smash,,video_not_found,,,Video file 03.mp4 not found
3,1,19,12.0,Clear,,video_not_found,,,Video file 03.mp4 not found
3,1,19,13.0,Clear,,video_not_found,,,Video file 03.mp4 not found
3,1,19,14.0,Smash,,video_not_found,,,Video file 03.mp4 not found
3,1,21,3.0,Smash,,video_not_found,,,Video file 03.mp4 not found
3,1,21,6.0,Smash,,video_not_found,,,Video file 03.mp4 not found
3,1,21,13.0,Smash,,video_not_found,,,Video file 03.mp4 not found
3,1,21,18.0,Clear,,video_not_found,,,Video file 03.mp4 not found
3,1,21,19.0,Smash,,video_not_found,,,Video file 03.mp4 not found
3,1,22,3.0,Smash,,video_not_found,,,Video file 03.mp4 not found
3,1,22,20.0,Clear,,video_not_found,,,Video file 03.mp4 not found
3,1,23,4.0,Smash,,video_not_found,,,Video file 03.mp4 not found
3,1,23,12.0,Smash,,video_not_found,,,Video file 03.mp4 not found
3,1,24,3.0,Smash,,video_not_found,,,Video file 03.mp4 not found
3,1,24,6.0,Smash,,video_not_found,,,Video file 03.mp4 not found
3,1,25,3.0,Clear,,video_not_found,,,Video file 03.mp4 not found
3,1,25,4.0,Smash,,video_not_found,,,Video file 03.mp4 not found
3,1,26,13.0,Smash,,video_not_found,,,Video file 03.mp4 not found
3,1,27,3.0,Clear,,video_not_found,,,Video file 03.mp4 not found
3,1,27,4.0,Smash,,video_not_found,,,Video file 03.mp4 not found
3,1,27,10.0,Clear,,video_not_found,,,Video file 03.mp4 not found
3,1,27,16.0,Smash,,video_not_found,,,Video file 03.mp4 not found
3,1,28,13.0,Clear,,video_not_found,,,Video file 03.mp4 not found
3,1,28,14.0,Smash,,video_not_found,,,Video file 03.mp4 not found
3,1,29,6.0,Clear,,video_not_found,,,Video file 03.mp4 not found
3,1,29,7.0,Clear,,video_not_found,,,Video file 03.mp4 not found
3,1,30,14.0,Clear,,video_not_found,,,Video file 03.mp4 not found
3,1,32,7.0,Smash,,video_not_found,,,Video file 03.mp4 not found
3,1,33,10.0,Clear,,video_not_found,,,Video file 03.mp4 not found
3,1,33,15.0,Smash,,video_not_found,,,Video file 03.mp4 not found
3,1,34,7.0,Smash,,video_not_found,,,Video file 03.mp4 not found
3,1,36,4.0,Smash,,video_not_found,,,Video file 03.mp4 not found
3,1,37,4.0,Clear,,video_not_found,,,Video file 03.mp4 not found
3,1,38,4.0,Smash,,video_not_found,,,Video file 03.mp4 not found
3,1,40,10.0,Clear,,video_not_found,,,Video file 03.mp4 not found
3,1,40,15.0,Smash,,video_not_found,,,Video file 03.mp4 not found
3,1,40,21.0,Clear,,video_not_found,,,Video file 03.mp4 not found
3,1,40,22.0,Smash,,video_not_found,,,Video file 03.mp4 not found
3,1,40,28.0,Clear,,video_not_found,,,Video file 03.mp4 not found
3,2,1,4.0,Smash,,video_not_found,,,Video file 03.mp4 not found
3,2,3,2.0,Smash,,video_not_found,,,Video file 03.mp4 not found
3,2,3,13.0,Clear,,video_not_found,,,Video file 03.mp4 not found
3,2,3,17.0,Smash,,video_not_found,,,Video file 03.mp4 not found
3,2,3,20.0,Clear,,video_not_found,,,Video file 03.mp4 not found
3,2,3,21.0,Smash,,video_not_found,,,Video file 03.mp4 not found
3,2,3,25.0,Clear,,video_not_found,,,Video file 03.mp4 not found
3,2,3,26.0,Smash,,video_not_found,,,Video file 03.mp4 not found
3,2,4,7.0,Smash,,video_not_found,,,Video file 03.mp4 not found
3,2,5,2.0,Clear,,video_not_found,,,Video file 03.mp4 not found
3,2,5,3.0,Smash,,video_not_found,,,Video file 03.mp4 not found
3,2,6,6.0,Clear,,video_not_found,,,Video file 03.mp4 not found
3,2,6,7.0,Clear,,video_not_found,,,Video file 03.mp4 not found
3,2,6,11.0,Smash,,video_not_found,,,Video file 03.mp4 not found
3,2,7,4.0,Clear,,video_not_found,,,Video file 03.mp4 not found
3,2,7,5.0,Smash,,video_not_found,,,Video file 03.mp4 not found
3,2,8,6.0,Smash,,video_not_found,,,Video file 03.mp4 not found
3,2,8,10.0,Clear,,video_not_found,,,Video file 03.mp4 not found
3,2,8,14.0,Smash,,video_not_found,,,Video file 03.mp4 not found
3,2,8,20.0,Smash,,video_not_found,,,Video file 03.mp4 not found
3,2,9,3.0,Clear,,video_not_found,,,Video file 03.mp4 not found
3,2,9,4.0,Smash,,video_not_found,,,Video file 03.mp4 not found
3,2,10,2.0,Clear,,video_not_found,,,Video file 03.mp4 not found
3,2,10,3.0,Smash,,video_not_found,,,Video file 03.mp4 not found
3,2,10,6.0,Smash,,video_not_found,,,Video file 03.mp4 not found
3,2,12,2.0,Clear,,video_not_found,,,Video file 03.mp4 not found
3,2,13,4.0,Smash,,video_not_found,,,Video file 03.mp4 not found
3,2,14,4.0,Clear,,video_not_found,,,Video file 03.mp4 not found
3,2,14,5.0,Smash,,video_not_found,,,Video file 03.mp4 not found
3,2,14,18.0,Clear,,video_not_found,,,Video file 03.mp4 not found
3,2,14,19.0,Clear,,video_not_found,,,Video file 03.mp4 not found
3,2,15,11.0,Smash,,video_not_found,,,Video file 03.mp4 not found
3,2,16,9.0,Clear,,video_not_found,,,Video file 03.mp4 not found
3,2,16,10.0,Smash,,video_not_found,,,Video file 03.mp4 not found
3,2,17,4.0,Clear,,video_not_found,,,Video file 03.mp4 not found
3,2,17,8.0,Smash,,video_not_found,,,Video file 03.mp4 not found
3,2,17,13.0,Clear,,video_not_found,,,Video file 03.mp4 not found
3,2,17,17.0,Clear,,video_not_found,,,Video file 03.mp4 not found
3,2,17,18.0,Smash,,video_not_found,,,Video file 03.mp4 not found
3,2,19,10.0,Clear,,video_not_found,,,Video file 03.mp4 not found
3,2,19,11.0,Clear,,video_not_found,,,Video file 03.mp4 not found
3,2,19,15.0,Clear,,video_not_found,,,Video file 03.mp4 not found
3,2,19,18.0,Smash,,video_not_found,,,Video file 03.mp4 not found
3,2,20,3.0,Clear,,video_not_found,,,Video file 03.mp4 not found
3,2,20,4.0,Smash,,video_not_found,,,Video file 03.mp4 not found
3,2,22,4.0,Clear,,video_not_found,,,Video file 03.mp4 not found
3,2,22,5.0,Smash,,video_not_found,,,Video file 03.mp4 not found
3,2,22,8.0,Smash,,video_not_found,,,Video file 03.mp4 not found
3,2,22,16.0,Clear,,video_not_found,,,Video file 03.mp4 not found
3,2,22,17.0,Smash,,video_not_found,,,Video file 03.mp4 not found
3,2,23,4.0,Smash,,video_not_found,,,Video file 03.mp4 not found
3,2,26,9.0,Smash,,video_not_found,,,Video file 03.mp4 not found
3,2,27,3.0,Clear,,video_not_found,,,Video file 03.mp4 not found
3,2,27,4.0,Smash,,video_not_found,,,Video file 03.mp4 not found
3,2,28,7.0,Smash,,video_not_found,,,Video file 03.mp4 not found
3,2,28,12.0,Clear,,video_not_found,,,Video file 03.mp4 not found
3,2,28,16.0,Smash,,video_not_found,,,Video file 03.mp4 not found
3,2,29,5.0,Smash,,video_not_found,,,Video file 03.mp4 not found
3,2,29,9.0,Smash,,video_not_found,,,Video file 03.mp4 not found
3,2,30,3.0,Smash,,video_not_found,,,Video file 03.mp4 not found
3,2,30,9.0,Smash,,video_not_found,,,Video file 03.mp4 not found
3,2,32,3.0,Clear,,video_not_found,,,Video file 03.mp4 not found
3,2,33,6.0,Clear,,video_not_found,,,Video file 03.mp4 not found
3,2,36,8.0,Smash,,video_not_found,,,Video file 03.mp4 not found
3,2,37,3.0,Clear,,video_not_found,,,Video file 03.mp4 not found
3,2,37,11.0,Smash,,video_not_found,,,Video file 03.mp4 not found
3,2,37,22.0,Smash,,video_not_found,,,Video file 03.mp4 not found
4,1,1,8.0,Smash,10679.0,success,04_set1_rally1_ball8_Smash.mp4,51 frames,
4,1,4,5.0,Clear,12253.0,success,04_set1_rally4_ball5_Clear.mp4,51 frames,
4,1,4,6.0,Clear,12286.0,success,04_set1_rally4_ball6_Clear.mp4,51 frames,
4,1,5,8.0,Smash,12892.0,success,04_set1_rally5_ball8_Smash.mp4,51 frames,
4,1,6,6.0,Smash,13537.0,success,04_set1_rally6_ball6_Smash.mp4,51 frames,
4,1,7,10.0,Clear,14192.0,success,04_set1_rally7_ball10_Clear.mp4,51 frames,
4,1,7,11.0,Clear,14218.0,success,04_set1_rally7_ball11_Clear.mp4,51 frames,
4,1,7,15.0,Clear,14313.0,success,04_set1_rally7_ball15_Clear.mp4,51 frames,
4,1,7,19.0,Clear,14410.0,success,04_set1_rally7_ball19_Clear.mp4,51 frames,
4,1,7,23.0,Clear,14520.0,success,04_set1_rally7_ball23_Clear.mp4,51 frames,
4,1,7,24.0,Clear,14545.0,success,04_set1_rally7_ball24_Clear.mp4,51 frames,
4,1,7,32.0,Clear,14746.0,success,04_set1_rally7_ball32_Clear.mp4,51 frames,
4,1,8,8.0,Clear,16552.0,success,04_set1_rally8_ball8_Clear.mp4,51 frames,
4,1,9,7.0,Smash,17097.0,success,04_set1_rally9_ball7_Smash.mp4,51 frames,
4,1,10,3.0,Clear,17591.0,success,04_set1_rally10_ball3_Clear.mp4,51 frames,
4,1,10,6.0,Smash,17654.0,success,04_set1_rally10_ball6_Smash.mp4,51 frames,
4,1,11,7.0,Smash,18293.0,success,04_set1_rally11_ball7_Smash.mp4,51 frames,
4,1,11,10.0,Clear,18362.0,success,04_set1_rally11_ball10_Clear.mp4,51 frames,
4,1,11,11.0,Smash,18390.0,success,04_set1_rally11_ball11_Smash.mp4,51 frames,
4,1,12,10.0,Clear,19753.0,success,04_set1_rally12_ball10_Clear.mp4,51 frames,
4,1,14,5.0,Smash,21266.0,success,04_set1_rally14_ball5_Smash.mp4,51 frames,
4,1,15,4.0,Smash,21894.0,success,04_set1_rally15_ball4_Smash.mp4,51 frames,
4,1,16,5.0,Clear,22683.0,success,04_set1_rally16_ball5_Clear.mp4,51 frames,
4,1,17,3.0,Clear,23664.0,success,04_set1_rally17_ball3_Clear.mp4,51 frames,
4,1,17,9.0,Clear,23821.0,success,04_set1_rally17_ball9_Clear.mp4,51 frames,
4,1,17,18.0,Smash,24051.0,success,04_set1_rally17_ball18_Smash.mp4,51 frames,
4,1,18,8.0,Clear,24720.0,success,04_set1_rally18_ball8_Clear.mp4,51 frames,
4,1,18,9.0,Smash,24755.0,success,04_set1_rally18_ball9_Smash.mp4,51 frames,
4,1,18,20.0,Smash,25012.0,success,04_set1_rally18_ball20_Smash.mp4,51 frames,
4,1,18,31.0,Clear,25218.0,success,04_set1_rally18_ball31_Clear.mp4,51 frames,
4,1,20,5.0,Smash,29677.0,success,04_set1_rally20_ball5_Smash.mp4,51 frames,
4,1,20,10.0,Smash,29826.0,success,04_set1_rally20_ball10_Smash.mp4,51 frames,
4,1,22,12.0,Smash,31350.0,success,04_set1_rally22_ball12_Smash.mp4,51 frames,
4,1,25,5.0,Smash,33545.0,success,04_set1_rally25_ball5_Smash.mp4,51 frames,
4,1,25,10.0,Smash,33635.0,success,04_set1_rally25_ball10_Smash.mp4,51 frames,
4,1,26,5.0,Smash,34815.0,success,04_set1_rally26_ball5_Smash.mp4,51 frames,
4,1,26,11.0,Smash,34966.0,success,04_set1_rally26_ball11_Smash.mp4,51 frames,
4,1,28,14.0,Smash,37202.0,success,04_set1_rally28_ball14_Smash.mp4,51 frames,
4,1,29,7.0,Smash,38177.0,success,04_set1_rally29_ball7_Smash.mp4,51 frames,
4,1,31,7.0,Smash,39746.0,success,04_set1_rally31_ball7_Smash.mp4,51 frames,
4,1,31,10.0,Clear,39811.0,success,04_set1_rally31_ball10_Clear.mp4,51 frames,
4,1,31,11.0,Smash,39840.0,success,04_set1_rally31_ball11_Smash.mp4,51 frames,
4,1,33,14.0,Smash,41424.0,success,04_set1_rally33_ball14_Smash.mp4,51 frames,
4,1,34,3.0,Smash,43125.0,success,04_set1_rally34_ball3_Smash.mp4,51 frames,
4,1,34,13.0,Smash,43312.0,success,04_set1_rally34_ball13_Smash.mp4,51 frames,
4,1,36,4.0,Clear,45214.0,success,04_set1_rally36_ball4_Clear.mp4,51 frames,
4,1,37,13.0,Smash,46571.0,success,04_set1_rally37_ball13_Smash.mp4,51 frames,
4,1,37,17.0,Clear,46670.0,success,04_set1_rally37_ball17_Clear.mp4,51 frames,
4,1,38,5.0,Smash,47683.0,success,04_set1_rally38_ball5_Smash.mp4,51 frames,
4,2,3,7.0,Smash,53730.0,success,04_set2_rally3_ball7_Smash.mp4,51 frames,
4,2,3,10.0,Clear,53795.0,success,04_set2_rally3_ball10_Clear.mp4,51 frames,
4,2,3,11.0,Smash,53823.0,success,04_set2_rally3_ball11_Smash.mp4,51 frames,
4,2,3,14.0,Smash,53884.0,success,04_set2_rally3_ball14_Smash.mp4,51 frames,
4,2,5,11.0,Smash,55243.0,success,04_set2_rally5_ball11_Smash.mp4,51 frames,
4,2,6,5.0,Smash,55951.0,success,04_set2_rally6_ball5_Smash.mp4,51 frames,
4,2,7,9.0,Clear,56792.0,success,04_set2_rally7_ball9_Clear.mp4,51 frames,
4,2,7,10.0,Smash,56822.0,success,04_set2_rally7_ball10_Smash.mp4,51 frames,
4,2,8,7.0,Smash,58093.0,success,04_set2_rally8_ball7_Smash.mp4,51 frames,
4,2,9,3.0,Smash,58678.0,success,04_set2_rally9_ball3_Smash.mp4,51 frames,
4,2,9,12.0,Smash,58869.0,success,04_set2_rally9_ball12_Smash.mp4,51 frames,
4,2,10,3.0,Smash,59572.0,success,04_set2_rally10_ball3_Smash.mp4,51 frames,
4,2,10,6.0,Smash,59635.0,success,04_set2_rally10_ball6_Smash.mp4,51 frames,
4,2,11,6.0,Smash,60556.0,success,04_set2_rally11_ball6_Smash.mp4,51 frames,
4,2,12,5.0,Clear,61168.0,success,04_set2_rally12_ball5_Clear.mp4,51 frames,
4,2,14,10.0,Smash,62679.0,success,04_set2_rally14_ball10_Smash.mp4,51 frames,
4,2,15,10.0,Smash,63488.0,success,04_set2_rally15_ball10_Smash.mp4,51 frames,
4,2,17,7.0,Smash,64807.0,success,04_set2_rally17_ball7_Smash.mp4,51 frames,
4,2,17,17.0,Smash,65056.0,success,04_set2_rally17_ball17_Smash.mp4,51 frames,
4,2,18,5.0,Clear,66031.0,success,04_set2_rally18_ball5_Clear.mp4,51 frames,
4,2,18,10.0,Smash,66157.0,success,04_set2_rally18_ball10_Smash.mp4,51 frames,
4,2,22,12.0,Smash,72970.0,success,04_set2_rally22_ball12_Smash.mp4,51 frames,
4,2,23,3.0,Smash,74072.0,success,04_set2_rally23_ball3_Smash.mp4,51 frames,
4,2,24,4.0,Clear,74685.0,success,04_set2_rally24_ball4_Clear.mp4,51 frames,
4,2,25,3.0,Smash,75498.0,success,04_set2_rally25_ball3_Smash.mp4,51 frames,
4,2,25,11.0,Smash,75630.0,success,04_set2_rally25_ball11_Smash.mp4,51 frames,
4,2,25,18.0,Clear,75789.0,success,04_set2_rally25_ball18_Clear.mp4,51 frames,
4,2,25,19.0,Smash,75816.0,success,04_set2_rally25_ball19_Smash.mp4,51 frames,
4,2,26,15.0,Clear,77424.0,success,04_set2_rally26_ball15_Clear.mp4,51 frames,
4,2,26,16.0,Smash,77458.0,success,04_set2_rally26_ball16_Smash.mp4,51 frames,
4,2,27,4.0,Smash,78638.0,success,04_set2_rally27_ball4_Smash.mp4,51 frames,
4,2,27,20.0,Smash,78965.0,success,04_set2_rally27_ball20_Smash.mp4,51 frames,
4,2,29,14.0,Clear,81059.0,success,04_set2_rally29_ball14_Clear.mp4,51 frames,
4,2,29,18.0,Clear,81166.0,success,04_set2_rally29_ball18_Clear.mp4,51 frames,
4,2,29,19.0,Smash,81197.0,success,04_set2_rally29_ball19_Smash.mp4,51 frames,
4,2,31,2.0,Clear,83746.0,success,04_set2_rally31_ball2_Clear.mp4,51 frames,
4,2,31,3.0,Smash,83774.0,success,04_set2_rally31_ball3_Smash.mp4,51 frames,
4,2,32,5.0,Smash,84580.0,success,04_set2_rally32_ball5_Smash.mp4,51 frames,
4,2,32,10.0,Smash,84682.0,success,04_set2_rally32_ball10_Smash.mp4,51 frames,
4,2,34,4.0,Smash,86708.0,success,04_set2_rally34_ball4_Smash.mp4,51 frames,
4,2,34,9.0,Smash,86822.0,success,04_set2_rally34_ball9_Smash.mp4,51 frames,
4,2,34,13.0,Smash,86922.0,success,04_set2_rally34_ball13_Smash.mp4,51 frames,
4,2,36,7.0,Smash,90107.0,success,04_set2_rally36_ball7_Smash.mp4,51 frames,
4,2,36,13.0,Smash,90228.0,success,04_set2_rally36_ball13_Smash.mp4,51 frames,
5,1,1,10.0,Clear,17091.0,success,05_set1_rally1_ball10_Clear.mp4,51 frames,
5,1,2,9.0,Smash,17681.0,success,05_set1_rally2_ball9_Smash.mp4,51 frames,
5,1,2,12.0,Clear,17759.0,success,05_set1_rally2_ball12_Clear.mp4,51 frames,
5,1,2,13.0,Smash,17787.0,success,05_set1_rally2_ball13_Smash.mp4,51 frames,
5,1,3,10.0,Clear,18373.0,success,05_set1_rally3_ball10_Clear.mp4,51 frames,
5,1,6,19.0,Clear,20306.0,success,05_set1_rally6_ball19_Clear.mp4,51 frames,
5,1,6,25.0,Clear,20473.0,success,05_set1_rally6_ball25_Clear.mp4,51 frames,
5,1,6,26.0,Smash,20498.0,success,05_set1_rally6_ball26_Smash.mp4,51 frames,
5,1,7,7.0,Clear,21116.0,success,05_set1_rally7_ball7_Clear.mp4,51 frames,
5,1,7,17.0,Clear,21348.0,success,05_set1_rally7_ball17_Clear.mp4,51 frames,
5,1,7,21.0,Clear,21458.0,success,05_set1_rally7_ball21_Clear.mp4,51 frames,
5,1,7,26.0,Clear,21604.0,success,05_set1_rally7_ball26_Clear.mp4,51 frames,
5,1,7,33.0,Clear,21818.0,success,05_set1_rally7_ball33_Clear.mp4,51 frames,
5,1,8,10.0,Clear,22495.0,success,05_set1_rally8_ball10_Clear.mp4,51 frames,
5,1,8,11.0,Smash,22533.0,success,05_set1_rally8_ball11_Smash.mp4,51 frames,
5,1,9,9.0,Smash,23443.0,success,05_set1_rally9_ball9_Smash.mp4,51 frames,
5,1,10,9.0,Smash,24634.0,success,05_set1_rally10_ball9_Smash.mp4,51 frames,
5,1,11,5.0,Smash,25893.0,success,05_set1_rally11_ball5_Smash.mp4,51 frames,
5,1,12,5.0,Clear,26535.0,success,05_set1_rally12_ball5_Clear.mp4,51 frames,
5,1,12,6.0,Smash,26563.0,success,05_set1_rally12_ball6_Smash.mp4,51 frames,
5,1,12,21.0,Smash,26890.0,success,05_set1_rally12_ball21_Smash.mp4,51 frames,
5,1,18,9.0,Clear,31824.0,success,05_set1_rally18_ball9_Clear.mp4,51 frames,
5,1,18,13.0,Smash,31922.0,success,05_set1_rally18_ball13_Smash.mp4,51 frames,
5,1,19,3.0,Clear,32416.0,success,05_set1_rally19_ball3_Clear.mp4,51 frames,
5,1,19,4.0,Smash,32444.0,success,05_set1_rally19_ball4_Smash.mp4,51 frames,
5,1,19,13.0,Smash,32620.0,success,05_set1_rally19_ball13_Smash.mp4,51 frames,
5,1,20,4.0,Smash,33558.0,success,05_set1_rally20_ball4_Smash.mp4,51 frames,
5,1,20,12.0,Clear,33731.0,success,05_set1_rally20_ball12_Clear.mp4,51 frames,
5,1,21,5.0,Smash,35776.0,success,05_set1_rally21_ball5_Smash.mp4,51 frames,
5,1,21,10.0,Smash,35887.0,success,05_set1_rally21_ball10_Smash.mp4,51 frames,
5,1,21,12.0,Smash,35914.0,success,05_set1_rally21_ball12_Smash.mp4,51 frames,
5,1,21,18.0,Smash,36018.0,success,05_set1_rally21_ball18_Smash.mp4,51 frames,
5,1,21,21.0,Clear,36087.0,success,05_set1_rally21_ball21_Clear.mp4,51 frames,
5,1,21,22.0,Clear,36119.0,success,05_set1_rally21_ball22_Clear.mp4,51 frames,
5,1,21,30.0,Smash,36331.0,success,05_set1_rally21_ball30_Smash.mp4,51 frames,
5,1,21,34.0,Clear,36424.0,success,05_set1_rally21_ball34_Clear.mp4,51 frames,
5,1,21,35.0,Smash,36446.0,success,05_set1_rally21_ball35_Smash.mp4,51 frames,
5,1,23,4.0,Clear,37850.0,success,05_set1_rally23_ball4_Clear.mp4,51 frames,
5,1,23,5.0,Smash,37881.0,success,05_set1_rally23_ball5_Smash.mp4,51 frames,
5,1,24,7.0,Smash,38706.0,success,05_set1_rally24_ball7_Smash.mp4,51 frames,
5,1,25,4.0,Smash,39185.0,success,05_set1_rally25_ball4_Smash.mp4,51 frames,
5,1,25,5.0,Smash,39217.0,success,05_set1_rally25_ball5_Smash.mp4,51 frames,
5,1,25,9.0,Smash,39290.0,success,05_set1_rally25_ball9_Smash.mp4,51 frames,
5,1,27,5.0,Smash,40388.0,success,05_set1_rally27_ball5_Smash.mp4,51 frames,
5,1,29,3.0,Smash,41939.0,success,05_set1_rally29_ball3_Smash.mp4,51 frames,
5,1,29,6.0,Smash,42008.0,success,05_set1_rally29_ball6_Smash.mp4,51 frames,
5,1,30,7.0,Clear,42667.0,success,05_set1_rally30_ball7_Clear.mp4,51 frames,
5,1,31,8.0,Clear,43696.0,success,05_set1_rally31_ball8_Clear.mp4,51 frames,
5,1,31,9.0,Clear,43727.0,success,05_set1_rally31_ball9_Clear.mp4,51 frames,
5,1,31,12.0,Smash,43805.0,success,05_set1_rally31_ball12_Smash.mp4,51 frames,
5,1,31,18.0,Smash,43932.0,success,05_set1_rally31_ball18_Smash.mp4,51 frames,
5,1,31,23.0,Smash,44069.0,success,05_set1_rally31_ball23_Smash.mp4,51 frames,
5,1,32,3.0,Clear,44864.0,success,05_set1_rally32_ball3_Clear.mp4,51 frames,
5,1,32,4.0,Smash,44890.0,success,05_set1_rally32_ball4_Smash.mp4,51 frames,
5,1,33,10.0,Clear,45463.0,success,05_set1_rally33_ball10_Clear.mp4,51 frames,
5,1,34,5.0,Clear,46046.0,success,05_set1_rally34_ball5_Clear.mp4,51 frames,
5,1,34,6.0,Clear,46071.0,success,05_set1_rally34_ball6_Clear.mp4,51 frames,
5,1,34,7.0,Clear,46100.0,success,05_set1_rally34_ball7_Clear.mp4,51 frames,
5,1,34,10.0,Clear,46160.0,success,05_set1_rally34_ball10_Clear.mp4,51 frames,
5,1,34,11.0,Clear,46185.0,success,05_set1_rally34_ball11_Clear.mp4,51 frames,
5,1,34,12.0,Clear,46233.0,success,05_set1_rally34_ball12_Clear.mp4,51 frames,
5,1,34,13.0,Clear,46266.0,success,05_set1_rally34_ball13_Clear.mp4,51 frames,
5,1,34,14.0,Smash,46308.0,success,05_set1_rally34_ball14_Smash.mp4,51 frames,
5,2,1,3.0,Clear,49846.0,success,05_set2_rally1_ball3_Clear.mp4,51 frames,
5,2,1,4.0,Smash,49886.0,success,05_set2_rally1_ball4_Smash.mp4,51 frames,
5,2,3,10.0,Clear,51141.0,success,05_set2_rally3_ball10_Clear.mp4,51 frames,
5,2,4,11.0,Smash,51783.0,success,05_set2_rally4_ball11_Smash.mp4,51 frames,
5,2,6,9.0,Smash,53109.0,success,05_set2_rally6_ball9_Smash.mp4,51 frames,
5,2,9,3.0,Clear,54673.0,success,05_set2_rally9_ball3_Clear.mp4,51 frames,
5,2,9,4.0,Smash,54707.0,success,05_set2_rally9_ball4_Smash.mp4,51 frames,
5,2,10,9.0,Clear,56216.0,success,05_set2_rally10_ball9_Clear.mp4,51 frames,
5,2,10,23.0,Clear,56579.0,success,05_set2_rally10_ball23_Clear.mp4,51 frames,
5,2,11,6.0,Clear,57280.0,success,05_set2_rally11_ball6_Clear.mp4,51 frames,
5,2,11,7.0,Smash,57324.0,success,05_set2_rally11_ball7_Smash.mp4,51 frames,
5,2,11,15.0,Clear,57504.0,success,05_set2_rally11_ball15_Clear.mp4,51 frames,
5,2,11,16.0,Smash,57538.0,success,05_set2_rally11_ball16_Smash.mp4,51 frames,
5,2,11,22.0,Clear,57688.0,success,05_set2_rally11_ball22_Clear.mp4,51 frames,
5,2,13,6.0,Smash,59125.0,success,05_set2_rally13_ball6_Smash.mp4,51 frames,
5,2,14,5.0,Smash,59651.0,success,05_set2_rally14_ball5_Smash.mp4,51 frames,
5,2,15,3.0,Smash,60224.0,success,05_set2_rally15_ball3_Smash.mp4,51 frames,
5,2,16,4.0,Smash,60713.0,success,05_set2_rally16_ball4_Smash.mp4,51 frames,
5,2,16,10.0,Clear,60847.0,success,05_set2_rally16_ball10_Clear.mp4,51 frames,
5,2,18,3.0,Clear,64048.0,success,05_set2_rally18_ball3_Clear.mp4,51 frames,
5,2,19,5.0,Clear,64820.0,success,05_set2_rally19_ball5_Clear.mp4,51 frames,
5,2,19,9.0,Clear,64915.0,success,05_set2_rally19_ball9_Clear.mp4,51 frames,
5,2,22,3.0,Clear,66225.0,success,05_set2_rally22_ball3_Clear.mp4,51 frames,
5,2,22,4.0,Clear,66252.0,success,05_set2_rally22_ball4_Clear.mp4,51 frames,
5,2,22,5.0,Clear,66284.0,success,05_set2_rally22_ball5_Clear.mp4,51 frames,
5,2,22,11.0,Clear,66424.0,success,05_set2_rally22_ball11_Clear.mp4,51 frames,
5,2,23,3.0,Clear,66959.0,success,05_set2_rally23_ball3_Clear.mp4,51 frames,
5,2,23,11.0,Clear,67176.0,success,05_set2_rally23_ball11_Clear.mp4,51 frames,
5,2,23,12.0,Clear,67209.0,success,05_set2_rally23_ball12_Clear.mp4,51 frames,
5,2,23,16.0,Clear,67322.0,success,05_set2_rally23_ball16_Clear.mp4,51 frames,
5,2,24,3.0,Clear,67857.0,success,05_set2_rally24_ball3_Clear.mp4,51 frames,
5,2,24,4.0,Smash,67887.0,success,05_set2_rally24_ball4_Smash.mp4,51 frames,
5,2,24,8.0,Clear,67977.0,success,05_set2_rally24_ball8_Clear.mp4,51 frames,
5,2,24,9.0,Smash,68007.0,success,05_set2_rally24_ball9_Smash.mp4,51 frames,
5,2,25,5.0,Clear,68560.0,success,05_set2_rally25_ball5_Clear.mp4,51 frames,
5,2,25,6.0,Smash,68605.0,success,05_set2_rally25_ball6_Smash.mp4,51 frames,
5,2,25,9.0,Clear,68670.0,success,05_set2_rally25_ball9_Clear.mp4,51 frames,
5,2,25,10.0,Clear,68695.0,success,05_set2_rally25_ball10_Clear.mp4,51 frames,
5,2,25,14.0,Clear,68806.0,success,05_set2_rally25_ball14_Clear.mp4,51 frames,
5,2,25,15.0,Clear,68841.0,success,05_set2_rally25_ball15_Clear.mp4,51 frames,
5,2,25,16.0,Clear,68872.0,success,05_set2_rally25_ball16_Clear.mp4,51 frames,
5,2,25,19.0,Clear,68960.0,success,05_set2_rally25_ball19_Clear.mp4,51 frames,
5,2,25,20.0,Clear,68978.0,success,05_set2_rally25_ball20_Clear.mp4,51 frames,
5,2,25,21.0,Smash,69013.0,success,05_set2_rally25_ball21_Smash.mp4,51 frames,
5,2,27,3.0,Clear,69886.0,success,05_set2_rally27_ball3_Clear.mp4,51 frames,
5,2,27,4.0,Clear,69914.0,success,05_set2_rally27_ball4_Clear.mp4,51 frames,
5,2,27,5.0,Clear,69949.0,success,05_set2_rally27_ball5_Clear.mp4,51 frames,
5,2,30,3.0,Clear,71418.0,success,05_set2_rally30_ball3_Clear.mp4,51 frames,
5,2,30,10.0,Clear,71611.0,success,05_set2_rally30_ball10_Clear.mp4,51 frames,
5,2,31,3.0,Clear,72227.0,success,05_set2_rally31_ball3_Clear.mp4,51 frames,
5,2,31,4.0,Clear,72261.0,success,05_set2_rally31_ball4_Clear.mp4,51 frames,
5,2,31,5.0,Clear,72279.0,success,05_set2_rally31_ball5_Clear.mp4,51 frames,
5,2,31,16.0,Clear,72566.0,success,05_set2_rally31_ball16_Clear.mp4,51 frames,
5,2,31,20.0,Clear,72656.0,success,05_set2_rally31_ball20_Clear.mp4,51 frames,
5,2,31,21.0,Clear,72685.0,success,05_set2_rally31_ball21_Clear.mp4,51 frames,
5,2,31,22.0,Smash,72717.0,success,05_set2_rally31_ball22_Smash.mp4,51 frames,
5,2,32,10.0,Clear,73723.0,success,05_set2_rally32_ball10_Clear.mp4,51 frames,
5,3,1,11.0,Smash,77565.0,success,05_set3_rally1_ball11_Smash.mp4,51 frames,
5,3,2,9.0,Smash,78161.0,success,05_set3_rally2_ball9_Smash.mp4,51 frames,
5,3,3,10.0,Clear,79168.0,success,05_set3_rally3_ball10_Clear.mp4,51 frames,
5,3,3,14.0,Clear,79252.0,success,05_set3_rally3_ball14_Clear.mp4,51 frames,
5,3,3,17.0,Smash,79318.0,success,05_set3_rally3_ball17_Smash.mp4,51 frames,
5,3,3,22.0,Clear,79433.0,success,05_set3_rally3_ball22_Clear.mp4,51 frames,
5,3,3,23.0,Clear,79470.0,success,05_set3_rally3_ball23_Clear.mp4,51 frames,
5,3,4,3.0,Smash,80329.0,success,05_set3_rally4_ball3_Smash.mp4,51 frames,
5,3,5,5.0,Smash,81147.0,success,05_set3_rally5_ball5_Smash.mp4,51 frames,
5,3,6,3.0,Smash,81866.0,success,05_set3_rally6_ball3_Smash.mp4,51 frames,
5,3,6,19.0,Clear,82178.0,success,05_set3_rally6_ball19_Clear.mp4,51 frames,
5,3,6,20.0,Smash,82226.0,success,05_set3_rally6_ball20_Smash.mp4,51 frames,
5,3,6,30.0,Clear,82451.0,success,05_set3_rally6_ball30_Clear.mp4,51 frames,
5,3,6,34.0,Clear,82560.0,success,05_set3_rally6_ball34_Clear.mp4,51 frames,
5,3,6,35.0,Smash,82594.0,success,05_set3_rally6_ball35_Smash.mp4,51 frames,
5,3,6,42.0,Smash,82773.0,success,05_set3_rally6_ball42_Smash.mp4,51 frames,
5,3,10,11.0,Smash,87774.0,success,05_set3_rally10_ball11_Smash.mp4,51 frames,
5,3,10,18.0,Clear,87933.0,success,05_set3_rally10_ball18_Clear.mp4,51 frames,
5,3,11,3.0,Clear,89062.0,success,05_set3_rally11_ball3_Clear.mp4,51 frames,
5,3,11,7.0,Clear,89171.0,success,05_set3_rally11_ball7_Clear.mp4,51 frames,
5,3,12,4.0,Smash,89939.0,success,05_set3_rally12_ball4_Smash.mp4,51 frames,
5,3,12,7.0,Smash,90004.0,success,05_set3_rally12_ball7_Smash.mp4,51 frames,
5,3,13,5.0,Smash,91328.0,success,05_set3_rally13_ball5_Smash.mp4,51 frames,
5,3,14,11.0,Smash,92254.0,success,05_set3_rally14_ball11_Smash.mp4,51 frames,
5,3,15,12.0,Smash,93604.0,success,05_set3_rally15_ball12_Smash.mp4,51 frames,
5,3,17,12.0,Clear,95242.0,success,05_set3_rally17_ball12_Clear.mp4,51 frames,
5,3,17,13.0,Smash,95278.0,success,05_set3_rally17_ball13_Smash.mp4,51 frames,
5,3,17,18.0,Clear,95405.0,success,05_set3_rally17_ball18_Clear.mp4,51 frames,
5,3,18,4.0,Smash,96195.0,success,05_set3_rally18_ball4_Smash.mp4,51 frames,
5,3,18,8.0,Clear,96292.0,success,05_set3_rally18_ball8_Clear.mp4,51 frames,
5,3,19,4.0,Smash,98717.0,success,05_set3_rally19_ball4_Smash.mp4,51 frames,
5,3,22,5.0,Smash,101151.0,success,05_set3_rally22_ball5_Smash.mp4,51 frames,
5,3,25,5.0,Smash,104608.0,success,05_set3_rally25_ball5_Smash.mp4,51 frames,
5,3,26,7.0,Smash,105302.0,success,05_set3_rally26_ball7_Smash.mp4,51 frames,
5,3,27,5.0,Smash,106435.0,success,05_set3_rally27_ball5_Smash.mp4,51 frames,
5,3,27,11.0,Smash,106565.0,success,05_set3_rally27_ball11_Smash.mp4,51 frames,
5,3,27,17.0,Clear,106685.0,success,05_set3_rally27_ball17_Clear.mp4,51 frames,
5,3,27,21.0,Smash,106798.0,success,05_set3_rally27_ball21_Smash.mp4,51 frames,
5,3,27,28.0,Clear,106976.0,success,05_set3_rally27_ball28_Clear.mp4,51 frames,
5,3,27,29.0,Smash,107010.0,success,05_set3_rally27_ball29_Smash.mp4,51 frames,
5,3,29,3.0,Smash,109099.0,success,05_set3_rally29_ball3_Smash.mp4,51 frames,
5,3,31,3.0,Clear,111003.0,success,05_set3_rally31_ball3_Clear.mp4,51 frames,
5,3,31,7.0,Clear,111106.0,success,05_set3_rally31_ball7_Clear.mp4,51 frames,
5,3,31,8.0,Smash,111129.0,success,05_set3_rally31_ball8_Smash.mp4,51 frames,
5,3,32,3.0,Clear,111823.0,success,05_set3_rally32_ball3_Clear.mp4,51 frames,
5,3,32,4.0,Clear,111855.0,success,05_set3_rally32_ball4_Clear.mp4,51 frames,
5,3,32,5.0,Clear,111885.0,success,05_set3_rally32_ball5_Clear.mp4,51 frames,
5,3,33,3.0,Clear,112583.0,success,05_set3_rally33_ball3_Clear.mp4,51 frames,
5,3,33,7.0,Clear,112675.0,success,05_set3_rally33_ball7_Clear.mp4,51 frames,
5,3,33,8.0,Smash,112697.0,success,05_set3_rally33_ball8_Smash.mp4,51 frames,
5,3,34,10.0,Smash,113565.0,success,05_set3_rally34_ball10_Smash.mp4,51 frames,
5,3,35,3.0,Clear,114155.0,success,05_set3_rally35_ball3_Clear.mp4,51 frames,
5,3,35,4.0,Smash,114182.0,success,05_set3_rally35_ball4_Smash.mp4,51 frames,
5,3,36,12.0,Clear,115193.0,success,05_set3_rally36_ball12_Clear.mp4,51 frames,
5,3,37,3.0,Clear,115937.0,success,05_set3_rally37_ball3_Clear.mp4,51 frames,
5,3,37,10.0,Clear,116120.0,success,05_set3_rally37_ball10_Clear.mp4,51 frames,
5,3,37,11.0,Clear,116148.0,success,05_set3_rally37_ball11_Clear.mp4,51 frames,
5,3,37,18.0,Clear,116333.0,success,05_set3_rally37_ball18_Clear.mp4,51 frames,
5,3,37,19.0,Smash,116368.0,success,05_set3_rally37_ball19_Smash.mp4,51 frames,
6,1,1,3.0,Clear,17924.0,success,06_set1_rally1_ball3_Clear.mp4,51 frames,
6,1,1,4.0,Clear,17955.0,success,06_set1_rally1_ball4_Clear.mp4,51 frames,
6,1,1,5.0,Clear,17984.0,success,06_set1_rally1_ball5_Clear.mp4,51 frames,
6,1,2,6.0,Clear,18446.0,success,06_set1_rally2_ball6_Clear.mp4,51 frames,
6,1,2,11.0,Smash,18567.0,success,06_set1_rally2_ball11_Smash.mp4,51 frames,
6,1,3,2.0,Clear,19098.0,success,06_set1_rally3_ball2_Clear.mp4,51 frames,
6,1,4,3.0,Clear,19969.0,success,06_set1_rally4_ball3_Clear.mp4,51 frames,
6,1,4,6.0,Smash,20053.0,success,06_set1_rally4_ball6_Smash.mp4,51 frames,
6,1,4,13.0,Smash,20170.0,success,06_set1_rally4_ball13_Smash.mp4,51 frames,
6,1,4,17.0,Clear,20238.0,success,06_set1_rally4_ball17_Clear.mp4,51 frames,
6,1,4,21.0,Clear,20353.0,success,06_set1_rally4_ball21_Clear.mp4,51 frames,
6,1,4,22.0,Clear,20379.0,success,06_set1_rally4_ball22_Clear.mp4,51 frames,
6,1,4,23.0,Smash,20419.0,success,06_set1_rally4_ball23_Smash.mp4,51 frames,
6,1,4,29.0,Clear,20587.0,success,06_set1_rally4_ball29_Clear.mp4,51 frames,
6,1,4,30.0,Smash,20620.0,success,06_set1_rally4_ball30_Smash.mp4,51 frames,
6,1,5,2.0,Clear,21393.0,success,06_set1_rally5_ball2_Clear.mp4,51 frames,
6,1,5,11.0,Clear,21633.0,success,06_set1_rally5_ball11_Clear.mp4,51 frames,
6,1,5,12.0,Smash,21669.0,success,06_set1_rally5_ball12_Smash.mp4,51 frames,
6,1,5,18.0,Clear,21808.0,success,06_set1_rally5_ball18_Clear.mp4,51 frames,
6,1,6,2.0,Smash,22565.0,success,06_set1_rally6_ball2_Smash.mp4,51 frames,
6,1,8,4.0,Smash,23613.0,success,06_set1_rally8_ball4_Smash.mp4,51 frames,
6,1,9,2.0,Clear,24171.0,success,06_set1_rally9_ball2_Clear.mp4,51 frames,
6,1,10,3.0,Clear,24889.0,success,06_set1_rally10_ball3_Clear.mp4,51 frames,
6,1,10,4.0,Smash,24928.0,success,06_set1_rally10_ball4_Smash.mp4,51 frames,
6,1,10,11.0,Clear,25088.0,success,06_set1_rally10_ball11_Clear.mp4,51 frames,
6,1,10,23.0,Clear,25432.0,success,06_set1_rally10_ball23_Clear.mp4,51 frames,
6,1,11,3.0,Smash,26204.0,success,06_set1_rally11_ball3_Smash.mp4,51 frames,
6,1,11,8.0,Smash,26308.0,success,06_set1_rally11_ball8_Smash.mp4,51 frames,
6,1,12,3.0,Clear,26778.0,success,06_set1_rally12_ball3_Clear.mp4,51 frames,
6,1,15,16.0,Smash,29021.0,success,06_set1_rally15_ball16_Smash.mp4,51 frames,
6,1,15,24.0,Clear,29220.0,success,06_set1_rally15_ball24_Clear.mp4,51 frames,
6,1,15,33.0,Smash,29442.0,success,06_set1_rally15_ball33_Smash.mp4,51 frames,
6,1,16,9.0,Smash,30703.0,success,06_set1_rally16_ball9_Smash.mp4,51 frames,
6,1,17,2.0,Smash,32004.0,success,06_set1_rally17_ball2_Smash.mp4,51 frames,
6,1,18,3.0,Clear,32510.0,success,06_set1_rally18_ball3_Clear.mp4,51 frames,
6,1,18,7.0,Clear,32603.0,success,06_set1_rally18_ball7_Clear.mp4,51 frames,
6,1,18,14.0,Smash,32769.0,success,06_set1_rally18_ball14_Smash.mp4,51 frames,
6,1,18,17.0,Clear,32827.0,success,06_set1_rally18_ball17_Clear.mp4,51 frames,
6,1,18,18.0,Clear,32853.0,success,06_set1_rally18_ball18_Clear.mp4,51 frames,
6,1,18,30.0,Smash,33166.0,success,06_set1_rally18_ball30_Smash.mp4,51 frames,
6,1,19,14.0,Clear,34226.0,success,06_set1_rally19_ball14_Clear.mp4,51 frames,
6,1,22,13.0,Clear,37831.0,success,06_set1_rally22_ball13_Clear.mp4,51 frames,
6,1,22,29.0,Smash,38258.0,success,06_set1_rally22_ball29_Smash.mp4,51 frames,
6,1,22,33.0,Smash,38335.0,success,06_set1_rally22_ball33_Smash.mp4,51 frames,
6,1,23,8.0,Smash,39955.0,success,06_set1_rally23_ball8_Smash.mp4,51 frames,
6,1,25,10.0,Clear,41417.0,success,06_set1_rally25_ball10_Clear.mp4,51 frames,
6,1,25,19.0,Clear,41633.0,success,06_set1_rally25_ball19_Clear.mp4,51 frames,
6,1,26,5.0,Smash,42457.0,success,06_set1_rally26_ball5_Smash.mp4,51 frames,
6,1,27,12.0,Smash,43573.0,success,06_set1_rally27_ball12_Smash.mp4,51 frames,
6,1,28,4.0,Smash,44315.0,success,06_set1_rally28_ball4_Smash.mp4,51 frames,
6,1,31,3.0,Smash,46710.0,success,06_set1_rally31_ball3_Smash.mp4,51 frames,
6,1,32,3.0,Clear,47477.0,success,06_set1_rally32_ball3_Clear.mp4,51 frames,
6,1,32,4.0,Clear,47509.0,success,06_set1_rally32_ball4_Clear.mp4,51 frames,
6,1,32,5.0,Smash,47541.0,success,06_set1_rally32_ball5_Smash.mp4,51 frames,
6,1,33,4.0,Clear,48529.0,success,06_set1_rally33_ball4_Clear.mp4,51 frames,
6,1,33,5.0,Smash,48560.0,success,06_set1_rally33_ball5_Smash.mp4,51 frames,
6,1,33,8.0,Clear,48624.0,success,06_set1_rally33_ball8_Clear.mp4,51 frames,
6,1,33,9.0,Smash,48662.0,success,06_set1_rally33_ball9_Smash.mp4,51 frames,
6,1,33,14.0,Smash,48781.0,success,06_set1_rally33_ball14_Smash.mp4,51 frames,
6,1,34,16.0,Clear,50651.0,success,06_set1_rally34_ball16_Clear.mp4,51 frames,
6,1,34,17.0,Smash,50690.0,success,06_set1_rally34_ball17_Smash.mp4,51 frames,
6,1,34,26.0,Clear,50849.0,success,06_set1_rally34_ball26_Clear.mp4,51 frames,
6,1,35,8.0,Smash,52067.0,success,06_set1_rally35_ball8_Smash.mp4,51 frames,
6,1,36,4.0,Smash,53225.0,success,06_set1_rally36_ball4_Smash.mp4,51 frames,
6,1,38,4.0,Clear,55297.0,success,06_set1_rally38_ball4_Clear.mp4,51 frames,
6,1,39,9.0,Clear,56714.0,success,06_set1_rally39_ball9_Clear.mp4,51 frames,
6,1,39,10.0,Clear,56743.0,success,06_set1_rally39_ball10_Clear.mp4,51 frames,
6,1,39,11.0,Clear,56772.0,success,06_set1_rally39_ball11_Clear.mp4,51 frames,
6,1,40,5.0,Smash,58108.0,success,06_set1_rally40_ball5_Smash.mp4,51 frames,
6,1,40,9.0,Smash,58178.0,success,06_set1_rally40_ball9_Smash.mp4,51 frames,
6,2,2,8.0,Clear,65583.0,success,06_set2_rally2_ball8_Clear.mp4,51 frames,
6,2,2,9.0,Smash,65616.0,success,06_set2_rally2_ball9_Smash.mp4,51 frames,
6,2,3,20.0,Smash,67057.0,success,06_set2_rally3_ball20_Smash.mp4,51 frames,
6,2,4,18.0,Smash,68132.0,success,06_set2_rally4_ball18_Smash.mp4,51 frames,
6,2,5,10.0,Smash,69035.0,success,06_set2_rally5_ball10_Smash.mp4,51 frames,
6,2,6,4.0,Clear,70337.0,success,06_set2_rally6_ball4_Clear.mp4,51 frames,
6,2,6,5.0,Smash,70364.0,success,06_set2_rally6_ball5_Smash.mp4,51 frames,
6,2,10,17.0,Clear,73161.0,success,06_set2_rally10_ball17_Clear.mp4,51 frames,
6,2,10,29.0,Clear,73490.0,success,06_set2_rally10_ball29_Clear.mp4,51 frames,
6,2,10,35.0,Clear,73665.0,success,06_set2_rally10_ball35_Clear.mp4,51 frames,
6,2,10,36.0,Smash,73689.0,success,06_set2_rally10_ball36_Smash.mp4,51 frames,
6,2,13,7.0,Clear,75549.0,success,06_set2_rally13_ball7_Clear.mp4,51 frames,
6,2,14,2.0,Smash,75895.0,success,06_set2_rally14_ball2_Smash.mp4,51 frames,
6,2,14,6.0,Clear,75983.0,success,06_set2_rally14_ball6_Clear.mp4,51 frames,
6,2,14,10.0,Smash,76083.0,success,06_set2_rally14_ball10_Smash.mp4,51 frames,
6,2,15,3.0,Clear,76644.0,success,06_set2_rally15_ball3_Clear.mp4,51 frames,
6,2,15,4.0,Clear,76672.0,success,06_set2_rally15_ball4_Clear.mp4,51 frames,
6,2,15,5.0,Clear,76707.0,success,06_set2_rally15_ball5_Clear.mp4,51 frames,
6,2,16,3.0,Smash,78685.0,success,06_set2_rally16_ball3_Smash.mp4,51 frames,
6,2,19,3.0,Clear,80219.0,success,06_set2_rally19_ball3_Clear.mp4,51 frames,
6,2,19,4.0,Clear,80246.0,success,06_set2_rally19_ball4_Clear.mp4,51 frames,
6,2,20,3.0,Clear,80857.0,success,06_set2_rally20_ball3_Clear.mp4,51 frames,
6,2,20,4.0,Clear,80888.0,success,06_set2_rally20_ball4_Clear.mp4,51 frames,
6,2,21,3.0,Clear,81600.0,success,06_set2_rally21_ball3_Clear.mp4,51 frames,
6,2,21,4.0,Smash,81636.0,success,06_set2_rally21_ball4_Smash.mp4,51 frames,
6,2,21,7.0,Smash,81709.0,success,06_set2_rally21_ball7_Smash.mp4,51 frames,
6,2,21,12.0,Clear,81842.0,success,06_set2_rally21_ball12_Clear.mp4,51 frames,
6,2,21,17.0,Smash,81990.0,success,06_set2_rally21_ball17_Smash.mp4,51 frames,
6,2,21,20.0,Clear,82044.0,success,06_set2_rally21_ball20_Clear.mp4,51 frames,
6,2,21,25.0,Clear,82186.0,success,06_set2_rally21_ball25_Clear.mp4,51 frames,
6,2,22,3.0,Clear,82952.0,success,06_set2_rally22_ball3_Clear.mp4,51 frames,
6,2,24,4.0,Clear,84407.0,success,06_set2_rally24_ball4_Clear.mp4,51 frames,
6,2,25,8.0,Clear,85536.0,success,06_set2_rally25_ball8_Clear.mp4,51 frames,
6,2,27,3.0,Clear,86662.0,success,06_set2_rally27_ball3_Clear.mp4,51 frames,
6,2,27,7.0,Clear,86769.0,success,06_set2_rally27_ball7_Clear.mp4,51 frames,
6,2,29,14.0,Clear,88012.0,success,06_set2_rally29_ball14_Clear.mp4,51 frames,
6,2,30,7.0,Smash,88622.0,success,06_set2_rally30_ball7_Smash.mp4,51 frames,
6,2,31,13.0,Clear,89318.0,success,06_set2_rally31_ball13_Clear.mp4,51 frames,
6,2,32,3.0,Clear,89783.0,success,06_set2_rally32_ball3_Clear.mp4,51 frames,
6,2,32,4.0,Clear,89809.0,success,06_set2_rally32_ball4_Clear.mp4,51 frames,
6,2,32,8.0,Clear,89901.0,success,06_set2_rally32_ball8_Clear.mp4,51 frames,
6,2,33,3.0,Clear,90510.0,success,06_set2_rally33_ball3_Clear.mp4,51 frames,
6,2,35,3.0,Clear,91445.0,success,06_set2_rally35_ball3_Clear.mp4,51 frames,
6,2,35,8.0,Smash,91588.0,success,06_set2_rally35_ball8_Smash.mp4,51 frames,
6,3,1,9.0,Clear,96979.0,success,06_set3_rally1_ball9_Clear.mp4,51 frames,
6,3,1,10.0,Clear,97007.0,success,06_set3_rally1_ball10_Clear.mp4,51 frames,
6,3,1,11.0,Clear,97037.0,success,06_set3_rally1_ball11_Clear.mp4,51 frames,
6,3,1,24.0,Smash,97361.0,success,06_set3_rally1_ball24_Smash.mp4,51 frames,
6,3,1,28.0,Clear,97446.0,success,06_set3_rally1_ball28_Clear.mp4,51 frames,
6,3,1,29.0,Smash,97472.0,success,06_set3_rally1_ball29_Smash.mp4,51 frames,
6,3,2,11.0,Smash,98446.0,success,06_set3_rally2_ball11_Smash.mp4,51 frames,
6,3,5,5.0,Clear,100810.0,success,06_set3_rally5_ball5_Clear.mp4,51 frames,
6,3,6,5.0,Clear,101369.0,success,06_set3_rally6_ball5_Clear.mp4,51 frames,
6,3,6,6.0,Smash,101400.0,success,06_set3_rally6_ball6_Smash.mp4,51 frames,
6,3,9,3.0,Smash,103324.0,success,06_set3_rally9_ball3_Smash.mp4,51 frames,
6,3,11,4.0,Clear,104763.0,success,06_set3_rally11_ball4_Clear.mp4,51 frames,
6,3,11,14.0,Smash,104993.0,success,06_set3_rally11_ball14_Smash.mp4,51 frames,
6,3,12,5.0,Smash,105747.0,success,06_set3_rally12_ball5_Smash.mp4,51 frames,
6,3,13,5.0,Smash,106488.0,success,06_set3_rally13_ball5_Smash.mp4,51 frames,
6,3,13,20.0,Smash,106793.0,success,06_set3_rally13_ball20_Smash.mp4,51 frames,
6,3,13,24.0,Smash,106892.0,success,06_set3_rally13_ball24_Smash.mp4,51 frames,
6,3,13,38.0,Clear,107253.0,success,06_set3_rally13_ball38_Clear.mp4,51 frames,
6,3,13,42.0,Smash,107366.0,success,06_set3_rally13_ball42_Smash.mp4,51 frames,
6,3,17,3.0,Clear,111182.0,success,06_set3_rally17_ball3_Clear.mp4,51 frames,
6,3,17,7.0,Smash,111269.0,success,06_set3_rally17_ball7_Smash.mp4,51 frames,
6,3,18,9.0,Smash,112373.0,success,06_set3_rally18_ball9_Smash.mp4,51 frames,
6,3,18,13.0,Clear,112460.0,success,06_set3_rally18_ball13_Clear.mp4,51 frames,
6,3,18,14.0,Smash,112489.0,success,06_set3_rally18_ball14_Smash.mp4,51 frames,
6,3,18,26.0,Clear,112761.0,success,06_set3_rally18_ball26_Clear.mp4,51 frames,
6,3,19,3.0,Clear,113387.0,success,06_set3_rally19_ball3_Clear.mp4,51 frames,
6,3,19,4.0,Smash,113414.0,success,06_set3_rally19_ball4_Smash.mp4,51 frames,
6,3,20,7.0,Smash,114201.0,success,06_set3_rally20_ball7_Smash.mp4,51 frames,
6,3,21,17.0,Clear,115132.0,success,06_set3_rally21_ball17_Clear.mp4,51 frames,
6,3,22,18.0,Clear,117949.0,success,06_set3_rally22_ball18_Clear.mp4,51 frames,
6,3,22,23.0,Clear,118090.0,success,06_set3_rally22_ball23_Clear.mp4,51 frames,
6,3,22,24.0,Smash,118129.0,success,06_set3_rally22_ball24_Smash.mp4,51 frames,
6,3,23,4.0,Smash,118988.0,success,06_set3_rally23_ball4_Smash.mp4,51 frames,
6,3,23,7.0,Clear,119036.0,success,06_set3_rally23_ball7_Clear.mp4,51 frames,
6,3,23,8.0,Smash,119072.0,success,06_set3_rally23_ball8_Smash.mp4,51 frames,
6,3,23,33.0,Smash,119714.0,success,06_set3_rally23_ball33_Smash.mp4,51 frames,
6,3,23,37.0,Clear,119834.0,success,06_set3_rally23_ball37_Clear.mp4,51 frames,
6,3,23,45.0,Clear,120055.0,success,06_set3_rally23_ball45_Clear.mp4,51 frames,
6,3,24,3.0,Clear,121341.0,success,06_set3_rally24_ball3_Clear.mp4,51 frames,
6,3,24,4.0,Smash,121379.0,success,06_set3_rally24_ball4_Smash.mp4,51 frames,
6,3,24,9.0,Smash,121509.0,success,06_set3_rally24_ball9_Smash.mp4,51 frames,
6,3,27,7.0,Smash,123656.0,success,06_set3_rally27_ball7_Smash.mp4,51 frames,
6,3,28,4.0,Clear,124519.0,success,06_set3_rally28_ball4_Clear.mp4,51 frames,
6,3,28,5.0,Smash,124556.0,success,06_set3_rally28_ball5_Smash.mp4,51 frames,
6,3,29,9.0,Smash,125551.0,success,06_set3_rally29_ball9_Smash.mp4,51 frames,
6,3,30,10.0,Smash,126413.0,success,06_set3_rally30_ball10_Smash.mp4,51 frames,
6,3,33,6.0,Smash,128816.0,success,06_set3_rally33_ball6_Smash.mp4,51 frames,
6,3,33,11.0,Clear,128930.0,success,06_set3_rally33_ball11_Clear.mp4,51 frames,
6,3,34,3.0,Clear,129712.0,success,06_set3_rally34_ball3_Clear.mp4,51 frames,
6,3,34,4.0,Smash,129737.0,success,06_set3_rally34_ball4_Smash.mp4,51 frames,
6,3,35,6.0,Smash,130509.0,success,06_set3_rally35_ball6_Smash.mp4,51 frames,
6,3,35,11.0,Clear,130594.0,success,06_set3_rally35_ball11_Clear.mp4,51 frames,
6,3,35,12.0,Smash,130632.0,success,06_set3_rally35_ball12_Smash.mp4,51 frames,
7,1,1,3.0,Smash,14554.0,success,07_set1_rally1_ball3_Smash.mp4,51 frames,
7,1,1,8.0,Smash,14665.0,success,07_set1_rally1_ball8_Smash.mp4,51 frames,
7,1,1,14.0,Smash,14810.0,success,07_set1_rally1_ball14_Smash.mp4,51 frames,
7,1,2,2.0,Smash,15422.0,success,07_set1_rally2_ball2_Smash.mp4,51 frames,
7,1,3,3.0,Clear,15856.0,success,07_set1_rally3_ball3_Clear.mp4,51 frames,
7,1,3,8.0,Smash,15956.0,success,07_set1_rally3_ball8_Smash.mp4,51 frames,
7,1,3,14.0,Clear,16075.0,success,07_set1_rally3_ball14_Clear.mp4,51 frames,
7,1,3,25.0,Smash,16293.0,success,07_set1_rally3_ball25_Smash.mp4,51 frames,
7,1,4,3.0,Clear,16820.0,success,07_set1_rally4_ball3_Clear.mp4,51 frames,
7,1,4,4.0,Clear,16848.0,success,07_set1_rally4_ball4_Clear.mp4,51 frames,
7,1,4,5.0,Clear,16881.0,success,07_set1_rally4_ball5_Clear.mp4,51 frames,
7,1,4,11.0,Smash,17040.0,success,07_set1_rally4_ball11_Smash.mp4,51 frames,
7,1,5,4.0,Smash,17716.0,success,07_set1_rally5_ball4_Smash.mp4,51 frames,
7,1,5,6.0,Smash,17753.0,success,07_set1_rally5_ball6_Smash.mp4,51 frames,
7,1,5,9.0,Clear,17802.0,success,07_set1_rally5_ball9_Clear.mp4,51 frames,
7,1,6,3.0,Clear,18508.0,success,07_set1_rally6_ball3_Clear.mp4,51 frames,
7,1,6,10.0,Clear,18679.0,success,07_set1_rally6_ball10_Clear.mp4,51 frames,
7,1,6,11.0,Smash,18712.0,success,07_set1_rally6_ball11_Smash.mp4,51 frames,
7,1,7,4.0,Clear,19498.0,success,07_set1_rally7_ball4_Clear.mp4,51 frames,
7,1,9,5.0,Smash,20832.0,success,07_set1_rally9_ball5_Smash.mp4,51 frames,
7,1,10,3.0,Clear,21328.0,success,07_set1_rally10_ball3_Clear.mp4,51 frames,
7,1,10,4.0,Clear,21347.0,success,07_set1_rally10_ball4_Clear.mp4,51 frames,
7,1,11,3.0,Smash,21933.0,success,07_set1_rally11_ball3_Smash.mp4,51 frames,
7,1,11,10.0,Smash,22088.0,success,07_set1_rally11_ball10_Smash.mp4,51 frames,
7,1,11,20.0,Smash,22319.0,success,07_set1_rally11_ball20_Smash.mp4,51 frames,
7,1,11,28.0,Clear,22524.0,success,07_set1_rally11_ball28_Clear.mp4,51 frames,
7,1,12,2.0,Smash,23176.0,success,07_set1_rally12_ball2_Smash.mp4,51 frames,
7,1,13,6.0,Clear,23771.0,success,07_set1_rally13_ball6_Clear.mp4,51 frames,
7,1,13,11.0,Clear,23884.0,success,07_set1_rally13_ball11_Clear.mp4,51 frames,
7,1,13,19.0,Smash,24071.0,success,07_set1_rally13_ball19_Smash.mp4,51 frames,
7,1,13,28.0,Smash,24280.0,success,07_set1_rally13_ball28_Smash.mp4,51 frames,
7,1,13,31.0,Clear,24346.0,success,07_set1_rally13_ball31_Clear.mp4,51 frames,
7,1,13,32.0,Clear,24376.0,success,07_set1_rally13_ball32_Clear.mp4,51 frames,
7,1,13,33.0,Clear,24399.0,success,07_set1_rally13_ball33_Clear.mp4,51 frames,
7,1,13,34.0,Smash,24426.0,success,07_set1_rally13_ball34_Smash.mp4,51 frames,
7,1,14,24.0,Clear,26142.0,success,07_set1_rally14_ball24_Clear.mp4,51 frames,
7,1,14,25.0,Smash,26179.0,success,07_set1_rally14_ball25_Smash.mp4,51 frames,
7,1,14,28.0,Clear,26244.0,success,07_set1_rally14_ball28_Clear.mp4,51 frames,
7,1,14,29.0,Clear,26281.0,success,07_set1_rally14_ball29_Clear.mp4,51 frames,
7,1,14,33.0,Clear,26389.0,success,07_set1_rally14_ball33_Clear.mp4,51 frames,
7,1,14,37.0,Clear,26501.0,success,07_set1_rally14_ball37_Clear.mp4,51 frames,
7,1,14,45.0,Clear,26701.0,success,07_set1_rally14_ball45_Clear.mp4,51 frames,
7,1,15,5.0,Clear,27482.0,success,07_set1_rally15_ball5_Clear.mp4,51 frames,
7,1,15,20.0,Smash,27838.0,success,07_set1_rally15_ball20_Smash.mp4,51 frames,
7,1,16,3.0,Smash,28666.0,success,07_set1_rally16_ball3_Smash.mp4,51 frames,
7,1,16,9.0,Smash,28774.0,success,07_set1_rally16_ball9_Smash.mp4,51 frames,
7,1,18,5.0,Smash,30049.0,success,07_set1_rally18_ball5_Smash.mp4,51 frames,
7,1,19,7.0,Clear,31275.0,success,07_set1_rally19_ball7_Clear.mp4,51 frames,
7,1,19,8.0,Smash,31310.0,success,07_set1_rally19_ball8_Smash.mp4,51 frames,
7,1,19,11.0,Clear,31356.0,success,07_set1_rally19_ball11_Clear.mp4,51 frames,
7,1,19,14.0,Smash,31431.0,success,07_set1_rally19_ball14_Smash.mp4,51 frames,
7,1,19,16.0,Clear,31473.0,success,07_set1_rally19_ball16_Clear.mp4,51 frames,
7,1,19,17.0,Clear,31506.0,success,07_set1_rally19_ball17_Clear.mp4,51 frames,
7,1,19,20.0,Smash,31585.0,success,07_set1_rally19_ball20_Smash.mp4,51 frames,
7,1,19,23.0,Clear,31653.0,success,07_set1_rally19_ball23_Clear.mp4,51 frames,
7,1,20,6.0,Smash,32753.0,success,07_set1_rally20_ball6_Smash.mp4,51 frames,
7,1,21,13.0,Smash,33836.0,success,07_set1_rally21_ball13_Smash.mp4,51 frames,
7,1,22,5.0,Smash,36541.0,success,07_set1_rally22_ball5_Smash.mp4,51 frames,
7,1,22,14.0,Smash,36728.0,success,07_set1_rally22_ball14_Smash.mp4,51 frames,
7,1,23,3.0,Smash,37705.0,success,07_set1_rally23_ball3_Smash.mp4,51 frames,
7,1,24,3.0,Clear,38264.0,success,07_set1_rally24_ball3_Clear.mp4,51 frames,
7,1,25,3.0,Smash,39150.0,success,07_set1_rally25_ball3_Smash.mp4,51 frames,
7,1,26,4.0,Smash,39991.0,success,07_set1_rally26_ball4_Smash.mp4,51 frames,
7,1,26,8.0,Smash,40097.0,success,07_set1_rally26_ball8_Smash.mp4,51 frames,
7,1,26,10.0,Smash,40135.0,success,07_set1_rally26_ball10_Smash.mp4,51 frames,
7,1,27,3.0,Clear,40803.0,success,07_set1_rally27_ball3_Clear.mp4,51 frames,
7,1,27,4.0,Smash,40830.0,success,07_set1_rally27_ball4_Smash.mp4,51 frames,
7,1,28,3.0,Clear,41623.0,success,07_set1_rally28_ball3_Clear.mp4,51 frames,
7,1,28,4.0,Smash,41655.0,success,07_set1_rally28_ball4_Smash.mp4,51 frames,
7,1,29,3.0,Clear,42221.0,success,07_set1_rally29_ball3_Clear.mp4,51 frames,
7,1,29,4.0,Smash,42245.0,success,07_set1_rally29_ball4_Smash.mp4,51 frames,
7,1,31,4.0,Smash,45952.0,success,07_set1_rally31_ball4_Smash.mp4,51 frames,
7,1,33,8.0,Smash,47976.0,success,07_set1_rally33_ball8_Smash.mp4,51 frames,
7,1,34,9.0,Clear,48873.0,success,07_set1_rally34_ball9_Clear.mp4,51 frames,
7,1,34,10.0,Clear,48898.0,success,07_set1_rally34_ball10_Clear.mp4,51 frames,
7,1,34,11.0,Smash,48940.0,success,07_set1_rally34_ball11_Smash.mp4,51 frames,
7,1,34,28.0,Clear,49335.0,success,07_set1_rally34_ball28_Clear.mp4,51 frames,
7,1,34,32.0,Smash,49420.0,success,07_set1_rally34_ball32_Smash.mp4,51 frames,
7,1,34,38.0,Smash,49543.0,success,07_set1_rally34_ball38_Smash.mp4,51 frames,
7,1,34,41.0,Clear,49609.0,success,07_set1_rally34_ball41_Clear.mp4,51 frames,
7,1,35,2.0,Smash,51104.0,success,07_set1_rally35_ball2_Smash.mp4,51 frames,
7,1,35,5.0,Smash,51167.0,success,07_set1_rally35_ball5_Smash.mp4,51 frames,
7,1,36,4.0,Smash,51782.0,success,07_set1_rally36_ball4_Smash.mp4,51 frames,
7,1,36,12.0,Clear,51901.0,success,07_set1_rally36_ball12_Clear.mp4,51 frames,
7,1,36,16.0,Smash,51978.0,success,07_set1_rally36_ball16_Smash.mp4,51 frames,
7,1,36,19.0,Clear,52033.0,success,07_set1_rally36_ball19_Clear.mp4,51 frames,
7,1,36,20.0,Clear,52065.0,success,07_set1_rally36_ball20_Clear.mp4,51 frames,
7,1,38,3.0,Clear,53764.0,success,07_set1_rally38_ball3_Clear.mp4,51 frames,
7,1,38,4.0,Clear,53790.0,success,07_set1_rally38_ball4_Clear.mp4,51 frames,
7,1,38,8.0,Smash,53877.0,success,07_set1_rally38_ball8_Smash.mp4,51 frames,
7,1,39,6.0,Smash,54663.0,success,07_set1_rally39_ball6_Smash.mp4,51 frames,
7,1,39,15.0,Smash,54874.0,success,07_set1_rally39_ball15_Smash.mp4,51 frames,
7,1,39,22.0,Clear,54996.0,success,07_set1_rally39_ball22_Clear.mp4,51 frames,
7,1,39,23.0,Clear,55021.0,success,07_set1_rally39_ball23_Clear.mp4,51 frames,
7,1,39,26.0,Smash,55104.0,success,07_set1_rally39_ball26_Smash.mp4,51 frames,
7,1,39,31.0,Smash,55234.0,success,07_set1_rally39_ball31_Smash.mp4,51 frames,
7,1,39,34.0,Clear,55299.0,success,07_set1_rally39_ball34_Clear.mp4,51 frames,
7,1,39,35.0,Smash,55333.0,success,07_set1_rally39_ball35_Smash.mp4,51 frames,
7,1,40,15.0,Clear,57332.0,success,07_set1_rally40_ball15_Clear.mp4,51 frames,
7,1,40,22.0,Clear,57500.0,success,07_set1_rally40_ball22_Clear.mp4,51 frames,
7,1,40,26.0,Smash,57595.0,success,07_set1_rally40_ball26_Smash.mp4,51 frames,
7,2,1,9.0,Clear,61624.0,success,07_set2_rally1_ball9_Clear.mp4,51 frames,
7,2,1,10.0,Smash,61656.0,success,07_set2_rally1_ball10_Smash.mp4,51 frames,
7,2,1,14.0,Clear,61758.0,success,07_set2_rally1_ball14_Clear.mp4,51 frames,
7,2,2,4.0,Smash,62325.0,success,07_set2_rally2_ball4_Smash.mp4,51 frames,
7,2,3,4.0,Clear,62990.0,success,07_set2_rally3_ball4_Clear.mp4,51 frames,
7,2,3,12.0,Smash,63161.0,success,07_set2_rally3_ball12_Smash.mp4,51 frames,
7,2,4,7.0,Clear,64037.0,success,07_set2_rally4_ball7_Clear.mp4,51 frames,
7,2,4,8.0,Smash,64070.0,success,07_set2_rally4_ball8_Smash.mp4,51 frames,
7,2,5,10.0,Clear,64816.0,success,07_set2_rally5_ball10_Clear.mp4,51 frames,
7,2,5,11.0,Clear,64843.0,success,07_set2_rally5_ball11_Clear.mp4,51 frames,
7,2,6,3.0,Smash,65547.0,success,07_set2_rally6_ball3_Smash.mp4,51 frames,
7,2,6,6.0,Smash,65605.0,success,07_set2_rally6_ball6_Smash.mp4,51 frames,
7,2,7,4.0,Smash,69766.0,success,07_set2_rally7_ball4_Smash.mp4,51 frames,
7,2,7,16.0,Clear,69976.0,success,07_set2_rally7_ball16_Clear.mp4,51 frames,
7,2,7,17.0,Clear,69995.0,success,07_set2_rally7_ball17_Clear.mp4,51 frames,
7,2,8,3.0,Clear,70532.0,success,07_set2_rally8_ball3_Clear.mp4,51 frames,
7,2,9,11.0,Clear,71587.0,success,07_set2_rally9_ball11_Clear.mp4,51 frames,
7,2,9,12.0,Smash,71616.0,success,07_set2_rally9_ball12_Smash.mp4,51 frames,
7,2,10,3.0,Smash,72165.0,success,07_set2_rally10_ball3_Smash.mp4,51 frames,
7,2,10,14.0,Clear,72403.0,success,07_set2_rally10_ball14_Clear.mp4,51 frames,
7,2,10,15.0,Smash,72442.0,success,07_set2_rally10_ball15_Smash.mp4,51 frames,
7,2,10,18.0,Clear,72505.0,success,07_set2_rally10_ball18_Clear.mp4,51 frames,
7,2,11,3.0,Clear,73343.0,success,07_set2_rally11_ball3_Clear.mp4,51 frames,
7,2,11,4.0,Clear,73373.0,success,07_set2_rally11_ball4_Clear.mp4,51 frames,
7,2,12,20.0,Smash,74267.0,success,07_set2_rally12_ball20_Smash.mp4,51 frames,
7,2,12,24.0,Clear,74358.0,success,07_set2_rally12_ball24_Clear.mp4,51 frames,
7,2,12,28.0,Clear,74477.0,success,07_set2_rally12_ball28_Clear.mp4,51 frames,
7,2,12,29.0,Smash,74516.0,success,07_set2_rally12_ball29_Smash.mp4,51 frames,
7,2,13,8.0,Smash,76012.0,success,07_set2_rally13_ball8_Smash.mp4,51 frames,
7,2,13,15.0,Clear,76163.0,success,07_set2_rally13_ball15_Clear.mp4,51 frames,
7,2,14,2.0,Clear,76741.0,success,07_set2_rally14_ball2_Clear.mp4,51 frames,
7,2,14,3.0,Clear,76772.0,success,07_set2_rally14_ball3_Clear.mp4,51 frames,
7,2,14,8.0,Smash,76867.0,success,07_set2_rally14_ball8_Smash.mp4,51 frames,
7,2,15,4.0,Smash,78231.0,success,07_set2_rally15_ball4_Smash.mp4,51 frames,
7,2,15,8.0,Smash,78311.0,success,07_set2_rally15_ball8_Smash.mp4,51 frames,
7,2,15,11.0,Clear,78387.0,success,07_set2_rally15_ball11_Clear.mp4,51 frames,
7,2,15,23.0,Smash,78735.0,success,07_set2_rally15_ball23_Smash.mp4,51 frames,
7,2,16,13.0,Smash,79884.0,success,07_set2_rally16_ball13_Smash.mp4,51 frames,
7,2,16,17.0,Clear,79986.0,success,07_set2_rally16_ball17_Clear.mp4,51 frames,
7,2,16,18.0,Smash,80029.0,success,07_set2_rally16_ball18_Smash.mp4,51 frames,
7,2,17,3.0,Clear,81940.0,success,07_set2_rally17_ball3_Clear.mp4,51 frames,
7,2,17,4.0,Clear,81973.0,success,07_set2_rally17_ball4_Clear.mp4,51 frames,
7,2,17,7.0,Smash,82040.0,success,07_set2_rally17_ball7_Smash.mp4,51 frames,
7,2,17,9.0,Smash,82071.0,success,07_set2_rally17_ball9_Smash.mp4,51 frames,
7,2,18,3.0,Clear,82715.0,success,07_set2_rally18_ball3_Clear.mp4,51 frames,
7,2,18,4.0,Smash,82741.0,success,07_set2_rally18_ball4_Smash.mp4,51 frames,
7,2,20,2.0,Clear,83996.0,success,07_set2_rally20_ball2_Clear.mp4,51 frames,
7,2,20,3.0,Clear,84027.0,success,07_set2_rally20_ball3_Clear.mp4,51 frames,
7,2,22,5.0,Clear,85191.0,success,07_set2_rally22_ball5_Clear.mp4,51 frames,
7,2,22,9.0,Clear,85287.0,success,07_set2_rally22_ball9_Clear.mp4,51 frames,
7,2,22,10.0,Smash,85313.0,success,07_set2_rally22_ball10_Smash.mp4,51 frames,
7,2,23,15.0,Smash,87030.0,success,07_set2_rally23_ball15_Smash.mp4,51 frames,
7,2,23,21.0,Clear,87131.0,success,07_set2_rally23_ball21_Clear.mp4,51 frames,
7,2,23,26.0,Clear,87282.0,success,07_set2_rally23_ball26_Clear.mp4,51 frames,
7,2,23,27.0,Smash,87320.0,success,07_set2_rally23_ball27_Smash.mp4,51 frames,
7,2,25,7.0,Smash,89089.0,success,07_set2_rally25_ball7_Smash.mp4,51 frames,
7,2,25,10.0,Clear,89151.0,success,07_set2_rally25_ball10_Clear.mp4,51 frames,
7,2,25,14.0,Clear,89251.0,success,07_set2_rally25_ball14_Clear.mp4,51 frames,
7,2,25,15.0,Smash,89284.0,success,07_set2_rally25_ball15_Smash.mp4,51 frames,
7,2,27,6.0,Smash,90823.0,success,07_set2_rally27_ball6_Smash.mp4,51 frames,
7,2,27,10.0,Smash,90932.0,success,07_set2_rally27_ball10_Smash.mp4,51 frames,
7,2,27,13.0,Smash,91006.0,success,07_set2_rally27_ball13_Smash.mp4,51 frames,
7,2,28,4.0,Smash,91652.0,success,07_set2_rally28_ball4_Smash.mp4,51 frames,
7,2,29,8.0,Smash,92479.0,success,07_set2_rally29_ball8_Smash.mp4,51 frames,
7,2,31,6.0,Clear,93691.0,success,07_set2_rally31_ball6_Clear.mp4,51 frames,
7,2,31,14.0,Smash,93898.0,success,07_set2_rally31_ball14_Smash.mp4,51 frames,
7,2,32,3.0,Clear,94463.0,success,07_set2_rally32_ball3_Clear.mp4,51 frames,
8,1,1,10.0,Smash,10515.0,success,08_set1_rally1_ball10_Smash.mp4,51 frames,
8,1,1,16.0,Clear,10663.0,success,08_set1_rally1_ball16_Clear.mp4,51 frames,
8,1,1,19.0,Smash,10741.0,success,08_set1_rally1_ball19_Smash.mp4,51 frames,
8,1,2,5.0,Smash,11391.0,success,08_set1_rally2_ball5_Smash.mp4,51 frames,
8,1,2,9.0,Clear,11470.0,success,08_set1_rally2_ball9_Clear.mp4,51 frames,
8,1,2,10.0,Smash,11494.0,success,08_set1_rally2_ball10_Smash.mp4,51 frames,
8,1,2,19.0,Smash,11712.0,success,08_set1_rally2_ball19_Smash.mp4,51 frames,
8,1,2,23.0,Clear,11825.0,success,08_set1_rally2_ball23_Clear.mp4,51 frames,
8,1,2,24.0,Smash,11855.0,success,08_set1_rally2_ball24_Smash.mp4,51 frames,
8,1,2,28.0,Smash,11960.0,success,08_set1_rally2_ball28_Smash.mp4,51 frames,
8,1,2,31.0,Clear,12035.0,success,08_set1_rally2_ball31_Clear.mp4,51 frames,
8,1,2,32.0,Smash,12069.0,success,08_set1_rally2_ball32_Smash.mp4,51 frames,
8,1,3,4.0,Clear,13456.0,success,08_set1_rally3_ball4_Clear.mp4,51 frames,
8,1,4,3.0,Clear,13983.0,success,08_set1_rally4_ball3_Clear.mp4,51 frames,
8,1,5,4.0,Clear,14988.0,success,08_set1_rally5_ball4_Clear.mp4,51 frames,
8,1,7,5.0,Clear,16272.0,success,08_set1_rally7_ball5_Clear.mp4,51 frames,
8,1,7,6.0,Smash,16301.0,success,08_set1_rally7_ball6_Smash.mp4,51 frames,
8,1,9,7.0,Smash,17658.0,success,08_set1_rally9_ball7_Smash.mp4,51 frames,
8,1,11,7.0,Clear,19112.0,success,08_set1_rally11_ball7_Clear.mp4,51 frames,
8,1,11,8.0,Clear,19140.0,success,08_set1_rally11_ball8_Clear.mp4,51 frames,
8,1,11,9.0,Clear,19171.0,success,08_set1_rally11_ball9_Clear.mp4,51 frames,
8,1,11,13.0,Clear,19275.0,success,08_set1_rally11_ball13_Clear.mp4,51 frames,
8,1,11,14.0,Clear,19309.0,success,08_set1_rally11_ball14_Clear.mp4,51 frames,
8,1,11,18.0,Clear,19410.0,success,08_set1_rally11_ball18_Clear.mp4,51 frames,
8,1,11,19.0,Clear,19447.0,success,08_set1_rally11_ball19_Clear.mp4,51 frames,
8,1,11,24.0,Clear,19592.0,success,08_set1_rally11_ball24_Clear.mp4,51 frames,
8,1,11,25.0,Clear,19631.0,success,08_set1_rally11_ball25_Clear.mp4,51 frames,
8,1,14,2.0,Smash,21737.0,success,08_set1_rally14_ball2_Smash.mp4,51 frames,
8,1,14,4.0,Smash,21769.0,success,08_set1_rally14_ball4_Smash.mp4,51 frames,
8,1,15,6.0,Smash,23272.0,success,08_set1_rally15_ball6_Smash.mp4,51 frames,
8,1,16,2.0,Clear,23987.0,success,08_set1_rally16_ball2_Clear.mp4,51 frames,
8,1,16,3.0,Clear,24026.0,success,08_set1_rally16_ball3_Clear.mp4,51 frames,
8,1,17,8.0,Smash,24815.0,success,08_set1_rally17_ball8_Smash.mp4,51 frames,
8,1,18,3.0,Clear,26679.0,success,08_set1_rally18_ball3_Clear.mp4,51 frames,
8,1,18,6.0,Clear,26749.0,success,08_set1_rally18_ball6_Clear.mp4,51 frames,
8,1,19,4.0,Clear,27296.0,success,08_set1_rally19_ball4_Clear.mp4,51 frames,
8,1,19,10.0,Smash,27434.0,success,08_set1_rally19_ball10_Smash.mp4,51 frames,
8,1,22,2.0,Clear,29747.0,success,08_set1_rally22_ball2_Clear.mp4,51 frames,
8,1,22,3.0,Clear,29780.0,success,08_set1_rally22_ball3_Clear.mp4,51 frames,
8,1,23,4.0,Clear,30478.0,success,08_set1_rally23_ball4_Clear.mp4,51 frames,
8,1,23,5.0,Clear,30507.0,success,08_set1_rally23_ball5_Clear.mp4,51 frames,
8,1,23,6.0,Clear,30534.0,success,08_set1_rally23_ball6_Clear.mp4,51 frames,
8,1,23,11.0,Clear,30673.0,success,08_set1_rally23_ball11_Clear.mp4,51 frames,
8,1,23,12.0,Clear,30703.0,success,08_set1_rally23_ball12_Clear.mp4,51 frames,
8,1,24,2.0,Clear,31880.0,success,08_set1_rally24_ball2_Clear.mp4,51 frames,
8,1,25,5.0,Clear,32683.0,success,08_set1_rally25_ball5_Clear.mp4,51 frames,
8,1,25,8.0,Smash,32757.0,success,08_set1_rally25_ball8_Smash.mp4,51 frames,
8,1,25,16.0,Clear,32953.0,success,08_set1_rally25_ball16_Clear.mp4,51 frames,
8,1,25,17.0,Clear,32988.0,success,08_set1_rally25_ball17_Clear.mp4,51 frames,
8,1,26,4.0,Clear,33733.0,success,08_set1_rally26_ball4_Clear.mp4,51 frames,
8,1,26,5.0,Smash,33766.0,success,08_set1_rally26_ball5_Smash.mp4,51 frames,
8,1,27,9.0,Clear,34680.0,success,08_set1_rally27_ball9_Clear.mp4,51 frames,
8,1,28,4.0,Clear,35254.0,success,08_set1_rally28_ball4_Clear.mp4,51 frames,
8,1,28,9.0,Smash,35389.0,success,08_set1_rally28_ball9_Smash.mp4,51 frames,
8,1,28,11.0,Smash,35438.0,success,08_set1_rally28_ball11_Smash.mp4,51 frames,
8,1,29,3.0,Clear,36125.0,success,08_set1_rally29_ball3_Clear.mp4,51 frames,
8,1,29,4.0,Clear,36154.0,success,08_set1_rally29_ball4_Clear.mp4,51 frames,
8,1,30,3.0,Clear,37229.0,success,08_set1_rally30_ball3_Clear.mp4,51 frames,
8,1,30,4.0,Smash,37254.0,success,08_set1_rally30_ball4_Smash.mp4,51 frames,
8,2,3,15.0,Clear,42215.0,success,08_set2_rally3_ball15_Clear.mp4,51 frames,
8,2,3,16.0,Clear,42243.0,success,08_set2_rally3_ball16_Clear.mp4,51 frames,
8,2,3,22.0,Clear,42410.0,success,08_set2_rally3_ball22_Clear.mp4,51 frames,
8,2,3,23.0,Smash,42438.0,success,08_set2_rally3_ball23_Smash.mp4,51 frames,
8,2,3,26.0,Clear,42514.0,success,08_set2_rally3_ball26_Clear.mp4,51 frames,
8,2,3,30.0,Clear,42620.0,success,08_set2_rally3_ball30_Clear.mp4,51 frames,
8,2,3,31.0,Clear,42650.0,success,08_set2_rally3_ball31_Clear.mp4,51 frames,
8,2,3,32.0,Clear,42678.0,success,08_set2_rally3_ball32_Clear.mp4,51 frames,
8,2,3,33.0,Clear,42710.0,success,08_set2_rally3_ball33_Clear.mp4,51 frames,
8,2,3,34.0,Clear,42734.0,success,08_set2_rally3_ball34_Clear.mp4,51 frames,
8,2,3,38.0,Smash,42824.0,success,08_set2_rally3_ball38_Smash.mp4,51 frames,
8,2,3,40.0,Smash,42850.0,success,08_set2_rally3_ball40_Smash.mp4,51 frames,
8,2,4,6.0,Smash,44627.0,success,08_set2_rally4_ball6_Smash.mp4,51 frames,
8,2,5,6.0,Smash,46270.0,success,08_set2_rally5_ball6_Smash.mp4,51 frames,
8,2,5,8.0,Smash,46297.0,success,08_set2_rally5_ball8_Smash.mp4,51 frames,
8,2,8,5.0,Smash,48427.0,success,08_set2_rally8_ball5_Smash.mp4,51 frames,
8,2,8,11.0,Clear,48564.0,success,08_set2_rally8_ball11_Clear.mp4,51 frames,
8,2,8,12.0,Clear,48594.0,success,08_set2_rally8_ball12_Clear.mp4,51 frames,
8,2,8,13.0,Smash,48630.0,success,08_set2_rally8_ball13_Smash.mp4,51 frames,
8,2,9,6.0,Clear,49447.0,success,08_set2_rally9_ball6_Clear.mp4,51 frames,
8,2,9,7.0,Smash,49483.0,success,08_set2_rally9_ball7_Smash.mp4,51 frames,
8,2,9,11.0,Clear,49574.0,success,08_set2_rally9_ball11_Clear.mp4,51 frames,
8,2,9,16.0,Smash,49659.0,success,08_set2_rally9_ball16_Smash.mp4,51 frames,
8,2,9,18.0,Smash,49687.0,success,08_set2_rally9_ball18_Smash.mp4,51 frames,
8,2,10,4.0,Smash,51174.0,success,08_set2_rally10_ball4_Smash.mp4,51 frames,
8,2,10,11.0,Smash,51354.0,success,08_set2_rally10_ball11_Smash.mp4,51 frames,
8,2,11,8.0,Clear,52296.0,success,08_set2_rally11_ball8_Clear.mp4,51 frames,
8,2,12,2.0,Clear,53094.0,success,08_set2_rally12_ball2_Clear.mp4,51 frames,
8,2,14,4.0,Clear,54875.0,success,08_set2_rally14_ball4_Clear.mp4,51 frames,
8,2,14,7.0,Smash,54938.0,success,08_set2_rally14_ball7_Smash.mp4,51 frames,
8,2,14,11.0,Clear,55006.0,success,08_set2_rally14_ball11_Clear.mp4,51 frames,
8,2,14,12.0,Smash,55048.0,success,08_set2_rally14_ball12_Smash.mp4,51 frames,
8,2,14,15.0,Smash,55124.0,success,08_set2_rally14_ball15_Smash.mp4,51 frames,
8,2,15,8.0,Clear,56578.0,success,08_set2_rally15_ball8_Clear.mp4,51 frames,
8,2,15,9.0,Clear,56609.0,success,08_set2_rally15_ball9_Clear.mp4,51 frames,
8,2,15,14.0,Smash,56725.0,success,08_set2_rally15_ball14_Smash.mp4,51 frames,
8,2,19,13.0,Clear,61694.0,success,08_set2_rally19_ball13_Clear.mp4,51 frames,
8,2,19,14.0,Clear,61723.0,success,08_set2_rally19_ball14_Clear.mp4,51 frames,
8,2,19,15.0,Smash,61752.0,success,08_set2_rally19_ball15_Smash.mp4,51 frames,
8,2,20,11.0,Smash,63407.0,success,08_set2_rally20_ball11_Smash.mp4,51 frames,
8,2,20,15.0,Clear,63515.0,success,08_set2_rally20_ball15_Clear.mp4,51 frames,
8,2,20,16.0,Clear,63550.0,success,08_set2_rally20_ball16_Clear.mp4,51 frames,
8,2,20,17.0,Smash,63581.0,success,08_set2_rally20_ball17_Smash.mp4,51 frames,
8,2,20,22.0,Smash,63683.0,success,08_set2_rally20_ball22_Smash.mp4,51 frames,
8,2,21,5.0,Clear,65601.0,success,08_set2_rally21_ball5_Clear.mp4,51 frames,
8,2,21,9.0,Clear,65712.0,success,08_set2_rally21_ball9_Clear.mp4,51 frames,
8,2,22,3.0,Clear,66728.0,success,08_set2_rally22_ball3_Clear.mp4,51 frames,
8,2,22,7.0,Clear,66846.0,success,08_set2_rally22_ball7_Clear.mp4,51 frames,
8,2,22,8.0,Clear,66876.0,success,08_set2_rally22_ball8_Clear.mp4,51 frames,
8,2,22,18.0,Clear,67123.0,success,08_set2_rally22_ball18_Clear.mp4,51 frames,
8,2,22,22.0,Clear,67229.0,success,08_set2_rally22_ball22_Clear.mp4,51 frames,
8,2,22,23.0,Clear,67260.0,success,08_set2_rally22_ball23_Clear.mp4,51 frames,
8,2,25,4.0,Smash,70128.0,success,08_set2_rally25_ball4_Smash.mp4,51 frames,
8,2,28,4.0,Clear,72077.0,success,08_set2_rally28_ball4_Clear.mp4,51 frames,
8,2,28,5.0,Smash,72105.0,success,08_set2_rally28_ball5_Smash.mp4,51 frames,
8,2,28,9.0,Clear,72199.0,success,08_set2_rally28_ball9_Clear.mp4,51 frames,
8,2,28,10.0,Clear,72232.0,success,08_set2_rally28_ball10_Clear.mp4,51 frames,
8,2,29,3.0,Clear,73503.0,success,08_set2_rally29_ball3_Clear.mp4,51 frames,
8,2,29,10.0,Clear,73653.0,success,08_set2_rally29_ball10_Clear.mp4,51 frames,
8,2,29,11.0,Clear,73684.0,success,08_set2_rally29_ball11_Clear.mp4,51 frames,
8,2,29,12.0,Clear,73710.0,success,08_set2_rally29_ball12_Clear.mp4,51 frames,
8,2,29,13.0,Clear,73741.0,success,08_set2_rally29_ball13_Clear.mp4,51 frames,
8,2,29,14.0,Clear,73765.0,success,08_set2_rally29_ball14_Clear.mp4,51 frames,
8,2,33,3.0,Smash,76966.0,success,08_set2_rally33_ball3_Smash.mp4,51 frames,
8,2,33,11.0,Clear,77137.0,success,08_set2_rally33_ball11_Clear.mp4,51 frames,
8,2,33,12.0,Clear,77170.0,success,08_set2_rally33_ball12_Clear.mp4,51 frames,
8,2,33,13.0,Clear,77200.0,success,08_set2_rally33_ball13_Clear.mp4,51 frames,
9,1,1,4.0,Smash,1941.0,success,09_set1_rally1_ball4_Smash.mp4,51 frames,
9,1,1,7.0,Clear,2005.0,success,09_set1_rally1_ball7_Clear.mp4,51 frames,
9,1,3,3.0,Clear,3098.0,success,09_set1_rally3_ball3_Clear.mp4,51 frames,
9,1,3,4.0,Clear,3132.0,success,09_set1_rally3_ball4_Clear.mp4,51 frames,
9,1,3,5.0,Clear,3164.0,success,09_set1_rally3_ball5_Clear.mp4,51 frames,
9,1,3,9.0,Clear,3272.0,success,09_set1_rally3_ball9_Clear.mp4,51 frames,
9,1,4,3.0,Smash,3872.0,success,09_set1_rally4_ball3_Smash.mp4,51 frames,
9,1,6,5.0,Clear,4944.0,success,09_set1_rally6_ball5_Clear.mp4,51 frames,
9,1,6,6.0,Smash,4975.0,success,09_set1_rally6_ball6_Smash.mp4,51 frames,
9,1,7,4.0,Clear,5451.0,success,09_set1_rally7_ball4_Clear.mp4,51 frames,
9,1,7,10.0,Clear,5604.0,success,09_set1_rally7_ball10_Clear.mp4,51 frames,
9,1,8,5.0,Smash,6147.0,success,09_set1_rally8_ball5_Smash.mp4,51 frames,
9,1,9,3.0,Clear,6865.0,success,09_set1_rally9_ball3_Clear.mp4,51 frames,
9,1,9,4.0,Smash,6897.0,success,09_set1_rally9_ball4_Smash.mp4,51 frames,
9,1,10,2.0,Clear,7355.0,success,09_set1_rally10_ball2_Clear.mp4,51 frames,
9,1,10,3.0,Smash,7384.0,success,09_set1_rally10_ball3_Smash.mp4,51 frames,
9,1,11,4.0,Smash,7955.0,success,09_set1_rally11_ball4_Smash.mp4,51 frames,
9,1,11,12.0,Clear,8145.0,success,09_set1_rally11_ball12_Clear.mp4,51 frames,
9,1,11,13.0,Clear,8173.0,success,09_set1_rally11_ball13_Clear.mp4,51 frames,
9,1,14,11.0,Clear,10644.0,success,09_set1_rally14_ball11_Clear.mp4,51 frames,
9,1,14,12.0,Smash,10678.0,success,09_set1_rally14_ball12_Smash.mp4,51 frames,
9,1,15,8.0,Clear,12710.0,success,09_set1_rally15_ball8_Clear.mp4,51 frames,
9,1,16,4.0,Clear,13508.0,success,09_set1_rally16_ball4_Clear.mp4,51 frames,
9,1,16,5.0,Smash,13530.0,success,09_set1_rally16_ball5_Smash.mp4,51 frames,
9,1,16,9.0,Clear,13632.0,success,09_set1_rally16_ball9_Clear.mp4,51 frames,
9,1,17,4.0,Smash,14129.0,success,09_set1_rally17_ball4_Smash.mp4,51 frames,
9,1,18,2.0,Clear,14587.0,success,09_set1_rally18_ball2_Clear.mp4,51 frames,
9,1,18,3.0,Clear,14624.0,success,09_set1_rally18_ball3_Clear.mp4,51 frames,
9,1,19,3.0,Clear,15433.0,success,09_set1_rally19_ball3_Clear.mp4,51 frames,
9,1,19,11.0,Clear,15608.0,success,09_set1_rally19_ball11_Clear.mp4,51 frames,
9,1,20,10.0,Clear,16435.0,success,09_set1_rally20_ball10_Clear.mp4,51 frames,
9,1,20,15.0,Smash,16590.0,success,09_set1_rally20_ball15_Smash.mp4,51 frames,
9,1,20,19.0,Smash,16708.0,success,09_set1_rally20_ball19_Smash.mp4,51 frames,
9,1,21,6.0,Clear,17474.0,success,09_set1_rally21_ball6_Clear.mp4,51 frames,
9,1,22,3.0,Clear,18092.0,success,09_set1_rally22_ball3_Clear.mp4,51 frames,
9,1,22,4.0,Clear,18124.0,success,09_set1_rally22_ball4_Clear.mp4,51 frames,
9,1,22,11.0,Smash,18332.0,success,09_set1_rally22_ball11_Smash.mp4,51 frames,
9,1,22,13.0,Clear,18370.0,success,09_set1_rally22_ball13_Clear.mp4,51 frames,
9,1,22,14.0,Smash,18410.0,success,09_set1_rally22_ball14_Smash.mp4,51 frames,
9,1,23,3.0,Clear,19044.0,success,09_set1_rally23_ball3_Clear.mp4,51 frames,
9,1,23,7.0,Clear,19154.0,success,09_set1_rally23_ball7_Clear.mp4,51 frames,
9,1,23,8.0,Clear,19188.0,success,09_set1_rally23_ball8_Clear.mp4,51 frames,
9,1,23,9.0,Clear,19212.0,success,09_set1_rally23_ball9_Clear.mp4,51 frames,
9,1,23,10.0,Clear,19249.0,success,09_set1_rally23_ball10_Clear.mp4,51 frames,
9,1,23,13.0,Clear,19311.0,success,09_set1_rally23_ball13_Clear.mp4,51 frames,
9,1,23,14.0,Smash,19340.0,success,09_set1_rally23_ball14_Smash.mp4,51 frames,
9,1,24,3.0,Clear,20686.0,success,09_set1_rally24_ball3_Clear.mp4,51 frames,
9,1,24,7.0,Clear,20791.0,success,09_set1_rally24_ball7_Clear.mp4,51 frames,
9,1,24,8.0,Smash,20818.0,success,09_set1_rally24_ball8_Smash.mp4,51 frames,
9,1,26,3.0,Clear,21865.0,success,09_set1_rally26_ball3_Clear.mp4,51 frames,
9,1,26,8.0,Clear,21998.0,success,09_set1_rally26_ball8_Clear.mp4,51 frames,
9,1,26,12.0,Clear,22098.0,success,09_set1_rally26_ball12_Clear.mp4,51 frames,
9,1,26,13.0,Smash,22121.0,success,09_set1_rally26_ball13_Smash.mp4,51 frames,
9,1,27,3.0,Clear,22698.0,success,09_set1_rally27_ball3_Clear.mp4,51 frames,
9,1,28,4.0,Smash,23848.0,success,09_set1_rally28_ball4_Smash.mp4,51 frames,
9,1,29,3.0,Smash,24403.0,success,09_set1_rally29_ball3_Smash.mp4,51 frames,
9,1,29,8.0,Smash,24502.0,success,09_set1_rally29_ball8_Smash.mp4,51 frames,
9,1,30,2.0,Clear,25008.0,success,09_set1_rally30_ball2_Clear.mp4,51 frames,
9,2,2,8.0,Smash,30188.0,success,09_set2_rally2_ball8_Smash.mp4,51 frames,
9,2,3,6.0,Clear,30879.0,success,09_set2_rally3_ball6_Clear.mp4,51 frames,
9,2,4,4.0,Smash,31315.0,success,09_set2_rally4_ball4_Smash.mp4,51 frames,
9,2,6,4.0,Smash,32170.0,success,09_set2_rally6_ball4_Smash.mp4,51 frames,
9,2,7,4.0,Clear,32792.0,success,09_set2_rally7_ball4_Clear.mp4,51 frames,
9,2,7,5.0,Smash,32818.0,success,09_set2_rally7_ball5_Smash.mp4,51 frames,
9,2,7,10.0,Smash,32937.0,success,09_set2_rally7_ball10_Smash.mp4,51 frames,
9,2,7,13.0,Smash,32982.0,success,09_set2_rally7_ball13_Smash.mp4,51 frames,
9,2,8,7.0,Clear,33752.0,success,09_set2_rally8_ball7_Clear.mp4,51 frames,
9,2,8,8.0,Smash,33782.0,success,09_set2_rally8_ball8_Smash.mp4,51 frames,
9,2,10,3.0,Smash,35262.0,success,09_set2_rally10_ball3_Smash.mp4,51 frames,
9,2,10,7.0,Clear,35353.0,success,09_set2_rally10_ball7_Clear.mp4,51 frames,
9,2,10,14.0,Clear,35527.0,success,09_set2_rally10_ball14_Clear.mp4,51 frames,
9,2,10,15.0,Clear,35554.0,success,09_set2_rally10_ball15_Clear.mp4,51 frames,
9,2,10,16.0,Clear,35580.0,success,09_set2_rally10_ball16_Clear.mp4,51 frames,
9,2,10,17.0,Smash,35611.0,success,09_set2_rally10_ball17_Smash.mp4,51 frames,
9,2,11,6.0,Clear,36290.0,success,09_set2_rally11_ball6_Clear.mp4,51 frames,
9,2,11,7.0,Clear,36319.0,success,09_set2_rally11_ball7_Clear.mp4,51 frames,
9,2,11,8.0,Smash,36352.0,success,09_set2_rally11_ball8_Smash.mp4,51 frames,
9,2,12,4.0,Clear,37001.0,success,09_set2_rally12_ball4_Clear.mp4,51 frames,
9,2,12,8.0,Clear,37113.0,success,09_set2_rally12_ball8_Clear.mp4,51 frames,
9,2,14,3.0,Clear,38539.0,success,09_set2_rally14_ball3_Clear.mp4,51 frames,
9,2,14,4.0,Smash,38569.0,success,09_set2_rally14_ball4_Smash.mp4,51 frames,
9,2,14,9.0,Smash,38705.0,success,09_set2_rally14_ball9_Smash.mp4,51 frames,
9,2,15,3.0,Clear,40076.0,success,09_set2_rally15_ball3_Clear.mp4,51 frames,
9,2,15,8.0,Smash,40208.0,success,09_set2_rally15_ball8_Smash.mp4,51 frames,
9,2,16,2.0,Smash,40636.0,success,09_set2_rally16_ball2_Smash.mp4,51 frames,
9,2,17,4.0,Smash,42707.0,success,09_set2_rally17_ball4_Smash.mp4,51 frames,
9,2,18,3.0,Clear,43265.0,success,09_set2_rally18_ball3_Clear.mp4,51 frames,
9,2,21,5.0,Clear,44843.0,success,09_set2_rally21_ball5_Clear.mp4,51 frames,
9,2,21,6.0,Smash,44870.0,success,09_set2_rally21_ball6_Smash.mp4,51 frames,
9,2,21,10.0,Clear,44962.0,success,09_set2_rally21_ball10_Clear.mp4,51 frames,
9,2,23,3.0,Smash,46013.0,success,09_set2_rally23_ball3_Smash.mp4,51 frames,
9,2,24,5.0,Clear,46553.0,success,09_set2_rally24_ball5_Clear.mp4,51 frames,
9,2,25,4.0,Clear,47027.0,success,09_set2_rally25_ball4_Clear.mp4,51 frames,
9,2,25,5.0,Smash,47056.0,success,09_set2_rally25_ball5_Smash.mp4,51 frames,
9,2,25,12.0,Clear,47215.0,success,09_set2_rally25_ball12_Clear.mp4,51 frames,
9,2,26,2.0,Smash,47998.0,success,09_set2_rally26_ball2_Smash.mp4,51 frames,
9,2,28,3.0,Clear,49116.0,success,09_set2_rally28_ball3_Clear.mp4,51 frames,
9,2,28,4.0,Smash,49142.0,success,09_set2_rally28_ball4_Smash.mp4,51 frames,
9,2,29,3.0,Clear,50266.0,success,09_set2_rally29_ball3_Clear.mp4,51 frames,
9,2,29,4.0,Clear,50294.0,success,09_set2_rally29_ball4_Clear.mp4,51 frames,
9,2,29,5.0,Smash,50318.0,success,09_set2_rally29_ball5_Smash.mp4,51 frames,
9,2,30,7.0,Smash,50894.0,success,09_set2_rally30_ball7_Smash.mp4,51 frames,
9,2,32,4.0,Clear,52132.0,success,09_set2_rally32_ball4_Clear.mp4,51 frames,
9,2,32,5.0,Clear,52161.0,success,09_set2_rally32_ball5_Clear.mp4,51 frames,
9,2,33,4.0,Smash,54464.0,success,09_set2_rally33_ball4_Smash.mp4,51 frames,
9,2,33,8.0,Clear,54553.0,success,09_set2_rally33_ball8_Clear.mp4,51 frames,
9,2,33,9.0,Smash,54592.0,success,09_set2_rally33_ball9_Smash.mp4,51 frames,
9,2,34,2.0,Smash,54999.0,success,09_set2_rally34_ball2_Smash.mp4,51 frames,
9,2,34,9.0,Clear,55167.0,success,09_set2_rally34_ball9_Clear.mp4,51 frames,
9,2,34,10.0,Smash,55202.0,success,09_set2_rally34_ball10_Smash.mp4,51 frames,
10,1,1,3.0,Clear,4381.0,success,10_set1_rally1_ball3_Clear.mp4,51 frames,
10,1,1,7.0,Clear,4460.0,success,10_set1_rally1_ball7_Clear.mp4,51 frames,
10,1,1,8.0,Clear,4487.0,success,10_set1_rally1_ball8_Clear.mp4,51 frames,
10,1,2,5.0,Clear,4971.0,success,10_set1_rally2_ball5_Clear.mp4,51 frames,
10,1,3,2.0,Clear,5358.0,success,10_set1_rally3_ball2_Clear.mp4,51 frames,
10,1,3,3.0,Clear,5384.0,success,10_set1_rally3_ball3_Clear.mp4,51 frames,
10,1,3,10.0,Clear,5542.0,success,10_set1_rally3_ball10_Clear.mp4,51 frames,
10,1,3,19.0,Clear,5784.0,success,10_set1_rally3_ball19_Clear.mp4,51 frames,
10,1,4,3.0,Clear,6402.0,success,10_set1_rally4_ball3_Clear.mp4,51 frames,
10,1,4,4.0,Smash,6427.0,success,10_set1_rally4_ball4_Smash.mp4,51 frames,
10,1,4,7.0,Clear,6494.0,success,10_set1_rally4_ball7_Clear.mp4,51 frames,
10,1,4,8.0,Smash,6522.0,success,10_set1_rally4_ball8_Smash.mp4,51 frames,
10,1,4,11.0,Smash,6596.0,success,10_set1_rally4_ball11_Smash.mp4,51 frames,
10,1,4,17.0,Clear,6731.0,success,10_set1_rally4_ball17_Clear.mp4,51 frames,
10,1,4,18.0,Clear,6756.0,success,10_set1_rally4_ball18_Clear.mp4,51 frames,
10,1,7,3.0,Clear,8443.0,success,10_set1_rally7_ball3_Clear.mp4,51 frames,
10,1,8,6.0,Smash,9048.0,success,10_set1_rally8_ball6_Smash.mp4,51 frames,
10,1,9,4.0,Clear,9493.0,success,10_set1_rally9_ball4_Clear.mp4,51 frames,
10,1,9,5.0,Clear,9517.0,success,10_set1_rally9_ball5_Clear.mp4,51 frames,
10,1,11,4.0,Smash,11267.0,success,10_set1_rally11_ball4_Smash.mp4,51 frames,
10,1,11,9.0,Clear,11393.0,success,10_set1_rally11_ball9_Clear.mp4,51 frames,
10,1,11,10.0,Clear,11416.0,success,10_set1_rally11_ball10_Clear.mp4,51 frames,
10,1,11,11.0,Clear,11450.0,success,10_set1_rally11_ball11_Clear.mp4,51 frames,
10,1,12,3.0,Clear,12041.0,success,10_set1_rally12_ball3_Clear.mp4,51 frames,
10,1,12,4.0,Smash,12070.0,success,10_set1_rally12_ball4_Smash.mp4,51 frames,
10,1,12,7.0,Clear,12145.0,success,10_set1_rally12_ball7_Clear.mp4,51 frames,
10,1,12,8.0,Clear,12176.0,success,10_set1_rally12_ball8_Clear.mp4,51 frames,
10,1,12,12.0,Clear,12290.0,success,10_set1_rally12_ball12_Clear.mp4,51 frames,
10,1,12,19.0,Clear,12480.0,success,10_set1_rally12_ball19_Clear.mp4,51 frames,
10,1,12,20.0,Smash,12509.0,success,10_set1_rally12_ball20_Smash.mp4,51 frames,
10,1,12,23.0,Clear,12575.0,success,10_set1_rally12_ball23_Clear.mp4,51 frames,
10,1,13,4.0,Smash,14125.0,success,10_set1_rally13_ball4_Smash.mp4,51 frames,
10,1,15,3.0,Smash,15097.0,success,10_set1_rally15_ball3_Smash.mp4,51 frames,
10,1,15,8.0,Smash,15186.0,success,10_set1_rally15_ball8_Smash.mp4,51 frames,
10,1,16,6.0,Clear,15958.0,success,10_set1_rally16_ball6_Clear.mp4,51 frames,
10,1,16,11.0,Smash,16079.0,success,10_set1_rally16_ball11_Smash.mp4,51 frames,
10,1,19,4.0,Clear,18357.0,success,10_set1_rally19_ball4_Clear.mp4,51 frames,
10,1,19,15.0,Clear,18620.0,success,10_set1_rally19_ball15_Clear.mp4,51 frames,
10,1,20,4.0,Clear,20372.0,success,10_set1_rally20_ball4_Clear.mp4,51 frames,
10,1,20,5.0,Smash,20395.0,success,10_set1_rally20_ball5_Smash.mp4,51 frames,
10,1,21,3.0,Smash,22158.0,success,10_set1_rally21_ball3_Smash.mp4,51 frames,
10,1,21,6.0,Clear,22222.0,success,10_set1_rally21_ball6_Clear.mp4,51 frames,
10,1,21,7.0,Smash,22254.0,success,10_set1_rally21_ball7_Smash.mp4,51 frames,
10,1,21,15.0,Clear,22446.0,success,10_set1_rally21_ball15_Clear.mp4,51 frames,
10,1,21,16.0,Smash,22471.0,success,10_set1_rally21_ball16_Smash.mp4,51 frames,
10,1,23,3.0,Clear,24092.0,success,10_set1_rally23_ball3_Clear.mp4,51 frames,
10,1,25,7.0,Clear,25190.0,success,10_set1_rally25_ball7_Clear.mp4,51 frames,
10,1,25,14.0,Smash,25361.0,success,10_set1_rally25_ball14_Smash.mp4,51 frames,
10,1,25,16.0,Smash,25396.0,success,10_set1_rally25_ball16_Smash.mp4,51 frames,
10,1,26,7.0,Clear,26552.0,success,10_set1_rally26_ball7_Clear.mp4,51 frames,
10,1,26,8.0,Clear,26582.0,success,10_set1_rally26_ball8_Clear.mp4,51 frames,
10,1,26,11.0,Clear,26662.0,success,10_set1_rally26_ball11_Clear.mp4,51 frames,
10,1,26,12.0,Clear,26691.0,success,10_set1_rally26_ball12_Clear.mp4,51 frames,
10,1,26,13.0,Clear,26720.0,success,10_set1_rally26_ball13_Clear.mp4,51 frames,
10,1,26,14.0,Clear,26749.0,success,10_set1_rally26_ball14_Clear.mp4,51 frames,
10,1,27,3.0,Clear,27335.0,success,10_set1_rally27_ball3_Clear.mp4,51 frames,
10,1,27,9.0,Clear,27484.0,success,10_set1_rally27_ball9_Clear.mp4,51 frames,
10,1,28,4.0,Clear,28070.0,success,10_set1_rally28_ball4_Clear.mp4,51 frames,
10,1,28,5.0,Clear,28090.0,success,10_set1_rally28_ball5_Clear.mp4,51 frames,
10,1,28,6.0,Clear,28119.0,success,10_set1_rally28_ball6_Clear.mp4,51 frames,
10,1,28,11.0,Clear,28238.0,success,10_set1_rally28_ball11_Clear.mp4,51 frames,
10,1,28,12.0,Clear,28277.0,success,10_set1_rally28_ball12_Clear.mp4,51 frames,
10,1,29,3.0,Clear,28912.0,success,10_set1_rally29_ball3_Clear.mp4,51 frames,
10,1,29,7.0,Clear,29030.0,success,10_set1_rally29_ball7_Clear.mp4,51 frames,
10,1,29,8.0,Clear,29060.0,success,10_set1_rally29_ball8_Clear.mp4,51 frames,
10,1,29,9.0,Clear,29090.0,success,10_set1_rally29_ball9_Clear.mp4,51 frames,
10,1,29,14.0,Smash,29246.0,success,10_set1_rally29_ball14_Smash.mp4,51 frames,
10,1,29,16.0,Smash,29284.0,success,10_set1_rally29_ball16_Smash.mp4,51 frames,
10,1,30,3.0,Smash,30386.0,success,10_set1_rally30_ball3_Smash.mp4,51 frames,
10,1,31,4.0,Clear,30915.0,success,10_set1_rally31_ball4_Clear.mp4,51 frames,
10,1,31,8.0,Smash,31005.0,success,10_set1_rally31_ball8_Smash.mp4,51 frames,
10,1,32,3.0,Smash,31559.0,success,10_set1_rally32_ball3_Smash.mp4,51 frames,
10,1,33,6.0,Smash,32273.0,success,10_set1_rally33_ball6_Smash.mp4,51 frames,
10,1,33,11.0,Smash,32402.0,success,10_set1_rally33_ball11_Smash.mp4,51 frames,
10,1,33,17.0,Smash,32554.0,success,10_set1_rally33_ball17_Smash.mp4,51 frames,
10,1,35,3.0,Smash,34540.0,success,10_set1_rally35_ball3_Smash.mp4,51 frames,
10,1,35,10.0,Clear,34695.0,success,10_set1_rally35_ball10_Clear.mp4,51 frames,
10,1,36,3.0,Clear,35324.0,success,10_set1_rally36_ball3_Clear.mp4,51 frames,
10,1,36,4.0,Clear,35349.0,success,10_set1_rally36_ball4_Clear.mp4,51 frames,
10,1,36,7.0,Clear,35404.0,success,10_set1_rally36_ball7_Clear.mp4,51 frames,
10,1,36,8.0,Clear,35430.0,success,10_set1_rally36_ball8_Clear.mp4,51 frames,
10,2,5,5.0,Clear,40869.0,success,10_set2_rally5_ball5_Clear.mp4,51 frames,
10,2,5,6.0,Smash,40884.0,success,10_set2_rally5_ball6_Smash.mp4,51 frames,
10,2,6,4.0,Clear,41336.0,success,10_set2_rally6_ball4_Clear.mp4,51 frames,
10,2,6,10.0,Smash,41468.0,success,10_set2_rally6_ball10_Smash.mp4,51 frames,
10,2,8,5.0,Smash,42498.0,success,10_set2_rally8_ball5_Smash.mp4,51 frames,
10,2,9,6.0,Smash,43290.0,success,10_set2_rally9_ball6_Smash.mp4,51 frames,
10,2,9,11.0,Clear,43405.0,success,10_set2_rally9_ball11_Clear.mp4,51 frames,
10,2,9,12.0,Smash,43436.0,success,10_set2_rally9_ball12_Smash.mp4,51 frames,
10,2,10,6.0,Clear,43995.0,success,10_set2_rally10_ball6_Clear.mp4,51 frames,
10,2,10,10.0,Smash,44119.0,success,10_set2_rally10_ball10_Smash.mp4,51 frames,
10,2,11,3.0,Clear,44649.0,success,10_set2_rally11_ball3_Clear.mp4,51 frames,
10,2,11,4.0,Clear,44684.0,success,10_set2_rally11_ball4_Clear.mp4,51 frames,
10,2,11,8.0,Clear,44794.0,success,10_set2_rally11_ball8_Clear.mp4,51 frames,
10,2,11,18.0,Smash,45094.0,success,10_set2_rally11_ball18_Smash.mp4,51 frames,
10,2,11,20.0,Smash,45129.0,success,10_set2_rally11_ball20_Smash.mp4,51 frames,
10,2,11,24.0,Clear,45236.0,success,10_set2_rally11_ball24_Clear.mp4,51 frames,
10,2,11,25.0,Clear,45270.0,success,10_set2_rally11_ball25_Clear.mp4,51 frames,
10,2,11,29.0,Clear,45367.0,success,10_set2_rally11_ball29_Clear.mp4,51 frames,
10,2,17,3.0,Clear,50583.0,success,10_set2_rally17_ball3_Clear.mp4,51 frames,
10,2,18,4.0,Smash,51990.0,success,10_set2_rally18_ball4_Smash.mp4,51 frames,
10,2,20,3.0,Clear,54364.0,success,10_set2_rally20_ball3_Clear.mp4,51 frames,
10,2,20,4.0,Smash,54394.0,success,10_set2_rally20_ball4_Smash.mp4,51 frames,
10,2,20,9.0,Smash,54490.0,success,10_set2_rally20_ball9_Smash.mp4,51 frames,
10,2,21,5.0,Smash,55129.0,success,10_set2_rally21_ball5_Smash.mp4,51 frames,
10,2,22,3.0,Smash,55497.0,success,10_set2_rally22_ball3_Smash.mp4,51 frames,
10,2,26,15.0,Clear,57580.0,success,10_set2_rally26_ball15_Clear.mp4,51 frames,
10,2,28,6.0,Clear,58554.0,success,10_set2_rally28_ball6_Clear.mp4,51 frames,
10,2,28,9.0,Clear,58632.0,success,10_set2_rally28_ball9_Clear.mp4,51 frames,
10,2,30,3.0,Clear,60466.0,success,10_set2_rally30_ball3_Clear.mp4,51 frames,
10,2,30,4.0,Clear,60487.0,success,10_set2_rally30_ball4_Clear.mp4,51 frames,
10,2,30,9.0,Smash,60630.0,success,10_set2_rally30_ball9_Smash.mp4,51 frames,
10,2,32,7.0,Clear,62413.0,success,10_set2_rally32_ball7_Clear.mp4,51 frames,
10,2,32,8.0,Smash,62445.0,success,10_set2_rally32_ball8_Smash.mp4,51 frames,
10,2,33,6.0,Clear,62909.0,success,10_set2_rally33_ball6_Clear.mp4,51 frames,
10,2,33,7.0,Clear,62938.0,success,10_set2_rally33_ball7_Clear.mp4,51 frames,
10,2,33,8.0,Clear,62971.0,success,10_set2_rally33_ball8_Clear.mp4,51 frames,
10,2,34,3.0,Clear,63335.0,success,10_set2_rally34_ball3_Clear.mp4,51 frames,
10,2,34,8.0,Clear,63456.0,success,10_set2_rally34_ball8_Clear.mp4,51 frames,
10,2,34,9.0,Clear,63483.0,success,10_set2_rally34_ball9_Clear.mp4,51 frames,
10,2,34,10.0,Smash,63508.0,success,10_set2_rally34_ball10_Smash.mp4,51 frames,
10,2,35,9.0,Smash,64582.0,success,10_set2_rally35_ball9_Smash.mp4,51 frames,
10,2,36,3.0,Clear,65126.0,success,10_set2_rally36_ball3_Clear.mp4,51 frames,
10,2,36,11.0,Clear,65332.0,success,10_set2_rally36_ball11_Clear.mp4,51 frames,
10,2,36,12.0,Clear,65359.0,success,10_set2_rally36_ball12_Clear.mp4,51 frames,
10,2,36,13.0,Clear,65389.0,success,10_set2_rally36_ball13_Clear.mp4,51 frames,
10,2,36,14.0,Smash,65418.0,success,10_set2_rally36_ball14_Smash.mp4,51 frames,
11,1,1,10.0,Clear,9806.0,success,11_set1_rally1_ball10_Clear.mp4,51 frames,
11,1,1,11.0,Clear,9833.0,success,11_set1_rally1_ball11_Clear.mp4,51 frames,
11,1,1,12.0,Clear,9859.0,success,11_set1_rally1_ball12_Clear.mp4,51 frames,
11,1,2,9.0,Smash,10575.0,success,11_set1_rally2_ball9_Smash.mp4,51 frames,
11,1,3,5.0,Smash,11224.0,success,11_set1_rally3_ball5_Smash.mp4,51 frames,
11,1,4,3.0,Clear,11617.0,success,11_set1_rally4_ball3_Clear.mp4,51 frames,
11,1,4,4.0,Smash,11646.0,success,11_set1_rally4_ball4_Smash.mp4,51 frames,
11,1,5,10.0,Smash,12397.0,success,11_set1_rally5_ball10_Smash.mp4,51 frames,
11,1,6,5.0,Smash,12766.0,success,11_set1_rally6_ball5_Smash.mp4,51 frames,
11,1,9,8.0,Smash,14352.0,success,11_set1_rally9_ball8_Smash.mp4,51 frames,
11,1,10,8.0,Smash,14879.0,success,11_set1_rally10_ball8_Smash.mp4,51 frames,
11,1,11,2.0,Clear,15380.0,success,11_set1_rally11_ball2_Clear.mp4,51 frames,
11,1,12,3.0,Smash,15916.0,success,11_set1_rally12_ball3_Smash.mp4,51 frames,
11,1,13,5.0,Clear,16541.0,success,11_set1_rally13_ball5_Clear.mp4,51 frames,
11,1,14,5.0,Clear,17157.0,success,11_set1_rally14_ball5_Clear.mp4,51 frames,
11,1,16,6.0,Smash,18041.0,success,11_set1_rally16_ball6_Smash.mp4,51 frames,
11,1,17,8.0,Clear,19842.0,success,11_set1_rally17_ball8_Clear.mp4,51 frames,
11,1,17,13.0,Clear,19962.0,success,11_set1_rally17_ball13_Clear.mp4,51 frames,
11,1,17,14.0,Clear,19988.0,success,11_set1_rally17_ball14_Clear.mp4,51 frames,
11,1,17,15.0,Clear,20011.0,success,11_set1_rally17_ball15_Clear.mp4,51 frames,
11,1,19,4.0,Clear,22033.0,success,11_set1_rally19_ball4_Clear.mp4,51 frames,
11,1,20,11.0,Clear,22937.0,success,11_set1_rally20_ball11_Clear.mp4,51 frames,
11,1,20,12.0,Smash,22974.0,success,11_set1_rally20_ball12_Smash.mp4,51 frames,
11,1,20,15.0,Clear,23022.0,success,11_set1_rally20_ball15_Clear.mp4,51 frames,
11,1,22,12.0,Smash,24323.0,success,11_set1_rally22_ball12_Smash.mp4,51 frames,
11,1,23,12.0,Smash,25413.0,success,11_set1_rally23_ball12_Smash.mp4,51 frames,
11,1,24,5.0,Smash,26050.0,success,11_set1_rally24_ball5_Smash.mp4,51 frames,
11,1,25,14.0,Smash,26817.0,success,11_set1_rally25_ball14_Smash.mp4,51 frames,
11,1,28,7.0,Clear,28689.0,success,11_set1_rally28_ball7_Clear.mp4,51 frames,
11,1,28,8.0,Smash,28717.0,success,11_set1_rally28_ball8_Smash.mp4,51 frames,
11,1,29,11.0,Smash,29317.0,success,11_set1_rally29_ball11_Smash.mp4,51 frames,
11,1,31,4.0,Clear,30843.0,success,11_set1_rally31_ball4_Clear.mp4,51 frames,
11,1,31,5.0,Clear,30868.0,success,11_set1_rally31_ball5_Clear.mp4,51 frames,
11,1,31,6.0,Smash,30912.0,success,11_set1_rally31_ball6_Smash.mp4,51 frames,
11,1,32,10.0,Clear,32386.0,success,11_set1_rally32_ball10_Clear.mp4,51 frames,
11,1,33,5.0,Smash,33043.0,success,11_set1_rally33_ball5_Smash.mp4,51 frames,
11,1,33,13.0,Clear,33194.0,success,11_set1_rally33_ball13_Clear.mp4,51 frames,
11,1,33,14.0,Smash,33221.0,success,11_set1_rally33_ball14_Smash.mp4,51 frames,
11,1,34,6.0,Smash,33853.0,success,11_set1_rally34_ball6_Smash.mp4,51 frames,
11,1,34,16.0,Clear,34016.0,success,11_set1_rally34_ball16_Clear.mp4,51 frames,
11,1,34,17.0,Clear,34043.0,success,11_set1_rally34_ball17_Clear.mp4,51 frames,
11,1,34,18.0,Clear,34064.0,success,11_set1_rally34_ball18_Clear.mp4,51 frames,
11,1,34,19.0,Clear,34109.0,success,11_set1_rally34_ball19_Clear.mp4,51 frames,
11,1,34,20.0,Clear,34131.0,success,11_set1_rally34_ball20_Clear.mp4,51 frames,
11,1,35,7.0,Smash,36045.0,success,11_set1_rally35_ball7_Smash.mp4,51 frames,
11,1,35,12.0,Clear,36174.0,success,11_set1_rally35_ball12_Clear.mp4,51 frames,
11,1,35,17.0,Smash,36302.0,success,11_set1_rally35_ball17_Smash.mp4,51 frames,
11,1,37,14.0,Smash,37685.0,success,11_set1_rally37_ball14_Smash.mp4,51 frames,
11,2,3,8.0,Clear,42017.0,success,11_set2_rally3_ball8_Clear.mp4,51 frames,
11,2,3,9.0,Smash,42044.0,success,11_set2_rally3_ball9_Smash.mp4,51 frames,
11,2,3,11.0,Smash,42069.0,success,11_set2_rally3_ball11_Smash.mp4,51 frames,
11,2,3,13.0,Smash,42093.0,success,11_set2_rally3_ball13_Smash.mp4,51 frames,
11,2,4,7.0,Clear,42768.0,success,11_set2_rally4_ball7_Clear.mp4,51 frames,
11,2,4,12.0,Clear,42876.0,success,11_set2_rally4_ball12_Clear.mp4,51 frames,
11,2,4,13.0,Smash,42900.0,success,11_set2_rally4_ball13_Smash.mp4,51 frames,
11,2,6,3.0,Clear,44420.0,success,11_set2_rally6_ball3_Clear.mp4,51 frames,
11,2,6,7.0,Clear,44506.0,success,11_set2_rally6_ball7_Clear.mp4,51 frames,
11,2,6,8.0,Smash,44540.0,success,11_set2_rally6_ball8_Smash.mp4,51 frames,
11,2,7,6.0,Smash,45614.0,success,11_set2_rally7_ball6_Smash.mp4,51 frames,
11,2,10,5.0,Smash,47987.0,success,11_set2_rally10_ball5_Smash.mp4,51 frames,
11,2,11,2.0,Smash,48588.0,success,11_set2_rally11_ball2_Smash.mp4,51 frames,
11,2,11,6.0,Clear,48698.0,success,11_set2_rally11_ball6_Clear.mp4,51 frames,
11,2,11,7.0,Smash,48724.0,success,11_set2_rally11_ball7_Smash.mp4,51 frames,
11,2,11,13.0,Smash,48873.0,success,11_set2_rally11_ball13_Smash.mp4,51 frames,
11,2,11,19.0,Smash,48961.0,success,11_set2_rally11_ball19_Smash.mp4,51 frames,
11,2,12,3.0,Smash,50482.0,success,11_set2_rally12_ball3_Smash.mp4,51 frames,
11,2,14,6.0,Smash,51502.0,success,11_set2_rally14_ball6_Smash.mp4,51 frames,
11,2,15,4.0,Smash,51943.0,success,11_set2_rally15_ball4_Smash.mp4,51 frames,
11,2,15,10.0,Smash,52093.0,success,11_set2_rally15_ball10_Smash.mp4,51 frames,
11,2,16,7.0,Smash,53360.0,success,11_set2_rally16_ball7_Smash.mp4,51 frames,
11,2,18,5.0,Smash,54709.0,success,11_set2_rally18_ball5_Smash.mp4,51 frames,
11,2,18,10.0,Smash,54818.0,success,11_set2_rally18_ball10_Smash.mp4,51 frames,
11,2,18,14.0,Smash,54904.0,success,11_set2_rally18_ball14_Smash.mp4,51 frames,
11,2,21,8.0,Clear,57097.0,success,11_set2_rally21_ball8_Clear.mp4,51 frames,
11,2,21,9.0,Smash,57124.0,success,11_set2_rally21_ball9_Smash.mp4,51 frames,
11,2,21,18.0,Smash,57331.0,success,11_set2_rally21_ball18_Smash.mp4,51 frames,
11,2,24,22.0,Smash,61014.0,success,11_set2_rally24_ball22_Smash.mp4,51 frames,
11,2,25,5.0,Smash,62092.0,success,11_set2_rally25_ball5_Smash.mp4,51 frames,
11,2,25,10.0,Smash,62190.0,success,11_set2_rally25_ball10_Smash.mp4,51 frames,
11,2,27,4.0,Smash,64951.0,success,11_set2_rally27_ball4_Smash.mp4,51 frames,
11,2,28,2.0,Clear,66008.0,success,11_set2_rally28_ball2_Clear.mp4,51 frames,
11,2,28,11.0,Smash,66210.0,success,11_set2_rally28_ball11_Smash.mp4,51 frames,
11,2,29,11.0,Clear,67305.0,success,11_set2_rally29_ball11_Clear.mp4,51 frames,
11,2,29,12.0,Clear,67334.0,success,11_set2_rally29_ball12_Clear.mp4,51 frames,
11,2,29,13.0,Clear,67361.0,success,11_set2_rally29_ball13_Clear.mp4,51 frames,
11,2,29,14.0,Clear,67402.0,success,11_set2_rally29_ball14_Clear.mp4,51 frames,
11,2,31,5.0,Smash,69819.0,success,11_set2_rally31_ball5_Smash.mp4,51 frames,
11,2,32,13.0,Clear,70460.0,success,11_set2_rally32_ball13_Clear.mp4,51 frames,
11,2,32,17.0,Smash,70553.0,success,11_set2_rally32_ball17_Smash.mp4,51 frames,
11,2,32,22.0,Smash,70670.0,success,11_set2_rally32_ball22_Smash.mp4,51 frames,
11,2,33,6.0,Smash,71705.0,success,11_set2_rally33_ball6_Smash.mp4,51 frames,
11,2,35,15.0,Clear,73840.0,success,11_set2_rally35_ball15_Clear.mp4,51 frames,
11,2,35,28.0,Smash,74208.0,success,11_set2_rally35_ball28_Smash.mp4,51 frames,
11,2,35,34.0,Smash,74364.0,success,11_set2_rally35_ball34_Smash.mp4,51 frames,
11,2,35,40.0,Clear,74521.0,success,11_set2_rally35_ball40_Clear.mp4,51 frames,
11,2,35,44.0,Clear,74650.0,success,11_set2_rally35_ball44_Clear.mp4,51 frames,
11,2,36,2.0,Smash,77490.0,success,11_set2_rally36_ball2_Smash.mp4,51 frames,
11,2,36,8.0,Smash,77604.0,success,11_set2_rally36_ball8_Smash.mp4,51 frames,
11,2,36,15.0,Clear,77722.0,success,11_set2_rally36_ball15_Clear.mp4,51 frames,
11,2,36,16.0,Clear,77759.0,success,11_set2_rally36_ball16_Clear.mp4,51 frames,
11,2,36,17.0,Clear,77792.0,success,11_set2_rally36_ball17_Clear.mp4,51 frames,
11,2,36,24.0,Clear,77979.0,success,11_set2_rally36_ball24_Clear.mp4,51 frames,
11,2,36,28.0,Clear,78102.0,success,11_set2_rally36_ball28_Clear.mp4,51 frames,
11,2,37,6.0,Smash,80144.0,success,11_set2_rally37_ball6_Smash.mp4,51 frames,
11,3,1,8.0,Clear,85369.0,success,11_set3_rally1_ball8_Clear.mp4,51 frames,
11,3,1,9.0,Smash,85394.0,success,11_set3_rally1_ball9_Smash.mp4,51 frames,
11,3,1,18.0,Clear,85569.0,success,11_set3_rally1_ball18_Clear.mp4,51 frames,
11,3,2,10.0,Clear,86617.0,success,11_set3_rally2_ball10_Clear.mp4,51 frames,
11,3,2,11.0,Clear,86654.0,success,11_set3_rally2_ball11_Clear.mp4,51 frames,
11,3,2,12.0,Smash,86686.0,success,11_set3_rally2_ball12_Smash.mp4,51 frames,
11,3,3,4.0,Smash,87310.0,success,11_set3_rally3_ball4_Smash.mp4,51 frames,
11,3,4,3.0,Smash,87792.0,success,11_set3_rally4_ball3_Smash.mp4,51 frames,
11,3,5,4.0,Clear,88470.0,success,11_set3_rally5_ball4_Clear.mp4,51 frames,
11,3,5,5.0,Smash,88501.0,success,11_set3_rally5_ball5_Smash.mp4,51 frames,
11,3,6,16.0,Clear,89610.0,success,11_set3_rally6_ball16_Clear.mp4,51 frames,
11,3,6,20.0,Clear,89722.0,success,11_set3_rally6_ball20_Clear.mp4,51 frames,
11,3,6,21.0,Smash,89741.0,success,11_set3_rally6_ball21_Smash.mp4,51 frames,
11,3,7,10.0,Smash,91306.0,success,11_set3_rally7_ball10_Smash.mp4,51 frames,
11,3,7,13.0,Clear,91378.0,success,11_set3_rally7_ball13_Clear.mp4,51 frames,
11,3,7,14.0,Clear,91406.0,success,11_set3_rally7_ball14_Clear.mp4,51 frames,
11,3,7,15.0,Smash,91435.0,success,11_set3_rally7_ball15_Smash.mp4,51 frames,
11,3,7,18.0,Clear,91516.0,success,11_set3_rally7_ball18_Clear.mp4,51 frames,
11,3,10,9.0,Smash,94074.0,success,11_set3_rally10_ball9_Smash.mp4,51 frames,
11,3,10,13.0,Smash,94146.0,success,11_set3_rally10_ball13_Smash.mp4,51 frames,
11,3,10,18.0,Smash,94270.0,success,11_set3_rally10_ball18_Smash.mp4,51 frames,
11,3,13,10.0,Smash,97143.0,success,11_set3_rally13_ball10_Smash.mp4,51 frames,
11,3,13,14.0,Clear,97243.0,success,11_set3_rally13_ball14_Clear.mp4,51 frames,
11,3,13,15.0,Clear,97276.0,success,11_set3_rally13_ball15_Clear.mp4,51 frames,
11,3,14,4.0,Clear,98510.0,success,11_set3_rally14_ball4_Clear.mp4,51 frames,
11,3,14,5.0,Clear,98541.0,success,11_set3_rally14_ball5_Clear.mp4,51 frames,
11,3,14,6.0,Smash,98574.0,success,11_set3_rally14_ball6_Smash.mp4,51 frames,
11,3,14,10.0,Clear,98668.0,success,11_set3_rally14_ball10_Clear.mp4,51 frames,
11,3,14,11.0,Smash,98697.0,success,11_set3_rally14_ball11_Smash.mp4,51 frames,
11,3,14,13.0,Clear,98734.0,success,11_set3_rally14_ball13_Clear.mp4,51 frames,
11,3,14,14.0,Clear,98771.0,success,11_set3_rally14_ball14_Clear.mp4,51 frames,
11,3,14,22.0,Clear,99001.0,success,11_set3_rally14_ball22_Clear.mp4,51 frames,
11,3,14,23.0,Smash,99044.0,success,11_set3_rally14_ball23_Smash.mp4,51 frames,
11,3,16,3.0,Smash,102147.0,success,11_set3_rally16_ball3_Smash.mp4,51 frames,
11,3,17,10.0,Clear,103374.0,success,11_set3_rally17_ball10_Clear.mp4,51 frames,
11,3,17,16.0,Clear,103542.0,success,11_set3_rally17_ball16_Clear.mp4,51 frames,
11,3,17,17.0,Clear,103578.0,success,11_set3_rally17_ball17_Clear.mp4,51 frames,
11,3,20,4.0,Smash,105584.0,success,11_set3_rally20_ball4_Smash.mp4,51 frames,
11,3,20,14.0,Smash,105858.0,success,11_set3_rally20_ball14_Smash.mp4,51 frames,
11,3,21,7.0,Clear,106622.0,success,11_set3_rally21_ball7_Clear.mp4,51 frames,
11,3,21,8.0,Clear,106656.0,success,11_set3_rally21_ball8_Clear.mp4,51 frames,
11,3,21,9.0,Clear,106687.0,success,11_set3_rally21_ball9_Clear.mp4,51 frames,
11,3,21,10.0,Smash,106725.0,success,11_set3_rally21_ball10_Smash.mp4,51 frames,
11,3,24,3.0,Clear,109031.0,success,11_set3_rally24_ball3_Clear.mp4,51 frames,
11,3,24,4.0,Smash,109056.0,success,11_set3_rally24_ball4_Smash.mp4,51 frames,
11,3,25,4.0,Smash,109663.0,success,11_set3_rally25_ball4_Smash.mp4,51 frames,
11,3,27,7.0,Clear,111550.0,success,11_set3_rally27_ball7_Clear.mp4,51 frames,
11,3,27,8.0,Smash,111576.0,success,11_set3_rally27_ball8_Smash.mp4,51 frames,
11,3,27,12.0,Smash,111651.0,success,11_set3_rally27_ball12_Smash.mp4,51 frames,
11,3,27,15.0,Clear,111709.0,success,11_set3_rally27_ball15_Clear.mp4,51 frames,
11,3,27,16.0,Smash,111734.0,success,11_set3_rally27_ball16_Smash.mp4,51 frames,
11,3,28,3.0,Clear,112371.0,success,11_set3_rally28_ball3_Clear.mp4,51 frames,
11,3,29,5.0,Smash,112976.0,success,11_set3_rally29_ball5_Smash.mp4,51 frames,
11,3,30,2.0,Smash,114501.0,success,11_set3_rally30_ball2_Smash.mp4,51 frames,
11,3,31,3.0,Smash,115817.0,success,11_set3_rally31_ball3_Smash.mp4,51 frames,
11,3,32,4.0,Clear,116742.0,success,11_set3_rally32_ball4_Clear.mp4,51 frames,
11,3,32,13.0,Clear,116947.0,success,11_set3_rally32_ball13_Clear.mp4,51 frames,
11,3,32,14.0,Smash,116981.0,success,11_set3_rally32_ball14_Smash.mp4,51 frames,
11,3,32,30.0,Clear,117354.0,success,11_set3_rally32_ball30_Clear.mp4,51 frames,
11,3,32,34.0,Clear,117481.0,success,11_set3_rally32_ball34_Clear.mp4,51 frames,
11,3,32,35.0,Smash,117516.0,success,11_set3_rally32_ball35_Smash.mp4,51 frames,
11,3,32,48.0,Clear,117800.0,success,11_set3_rally32_ball48_Clear.mp4,51 frames,
11,3,33,7.0,Smash,121982.0,success,11_set3_rally33_ball7_Smash.mp4,51 frames,
11,3,33,11.0,Clear,122064.0,success,11_set3_rally33_ball11_Clear.mp4,51 frames,
11,3,33,12.0,Smash,122098.0,success,11_set3_rally33_ball12_Smash.mp4,51 frames,
11,3,34,6.0,Clear,122944.0,success,11_set3_rally34_ball6_Clear.mp4,51 frames,
11,3,34,7.0,Smash,122971.0,success,11_set3_rally34_ball7_Smash.mp4,51 frames,
12,1,1,4.0,Clear,,video_not_found,,,Video file 12.mp4 not found
12,1,1,5.0,Clear,,video_not_found,,,Video file 12.mp4 not found
12,1,1,6.0,Smash,,video_not_found,,,Video file 12.mp4 not found
12,1,4,12.0,Smash,,video_not_found,,,Video file 12.mp4 not found
12,1,4,15.0,Clear,,video_not_found,,,Video file 12.mp4 not found
12,1,4,16.0,Clear,,video_not_found,,,Video file 12.mp4 not found
12,1,5,3.0,Clear,,video_not_found,,,Video file 12.mp4 not found
12,1,6,5.0,Clear,,video_not_found,,,Video file 12.mp4 not found
12,1,6,6.0,Smash,,video_not_found,,,Video file 12.mp4 not found
12,1,7,3.0,Clear,,video_not_found,,,Video file 12.mp4 not found
12,1,7,7.0,Clear,,video_not_found,,,Video file 12.mp4 not found
12,1,7,8.0,Smash,,video_not_found,,,Video file 12.mp4 not found
12,1,7,12.0,Smash,,video_not_found,,,Video file 12.mp4 not found
12,1,9,7.0,Smash,,video_not_found,,,Video file 12.mp4 not found
12,1,9,12.0,Smash,,video_not_found,,,Video file 12.mp4 not found
12,1,9,15.0,Smash,,video_not_found,,,Video file 12.mp4 not found
12,1,10,7.0,Clear,,video_not_found,,,Video file 12.mp4 not found
12,1,10,13.0,Clear,,video_not_found,,,Video file 12.mp4 not found
12,1,10,14.0,Clear,,video_not_found,,,Video file 12.mp4 not found
12,1,10,15.0,Smash,,video_not_found,,,Video file 12.mp4 not found
12,1,11,5.0,Smash,,video_not_found,,,Video file 12.mp4 not found
12,1,14,3.0,Clear,,video_not_found,,,Video file 12.mp4 not found
12,1,14,6.0,Smash,,video_not_found,,,Video file 12.mp4 not found
12,1,14,10.0,Clear,,video_not_found,,,Video file 12.mp4 not found
12,1,14,11.0,Smash,,video_not_found,,,Video file 12.mp4 not found
12,1,14,15.0,Smash,,video_not_found,,,Video file 12.mp4 not found
12,1,15,4.0,Smash,,video_not_found,,,Video file 12.mp4 not found
12,1,15,7.0,Clear,,video_not_found,,,Video file 12.mp4 not found
12,1,15,8.0,Smash,,video_not_found,,,Video file 12.mp4 not found
12,1,15,11.0,Smash,,video_not_found,,,Video file 12.mp4 not found
12,1,17,4.0,Clear,,video_not_found,,,Video file 12.mp4 not found
12,1,17,5.0,Smash,,video_not_found,,,Video file 12.mp4 not found
12,1,17,10.0,Smash,,video_not_found,,,Video file 12.mp4 not found
12,1,18,4.0,Smash,,video_not_found,,,Video file 12.mp4 not found
12,1,20,6.0,Clear,,video_not_found,,,Video file 12.mp4 not found
12,1,20,10.0,Clear,,video_not_found,,,Video file 12.mp4 not found
12,1,21,4.0,Clear,,video_not_found,,,Video file 12.mp4 not found
12,1,21,10.0,Smash,,video_not_found,,,Video file 12.mp4 not found
12,1,22,3.0,Smash,,video_not_found,,,Video file 12.mp4 not found
12,1,23,5.0,Clear,,video_not_found,,,Video file 12.mp4 not found
12,1,25,12.0,Clear,,video_not_found,,,Video file 12.mp4 not found
12,1,27,6.0,Smash,,video_not_found,,,Video file 12.mp4 not found
12,1,29,4.0,Smash,,video_not_found,,,Video file 12.mp4 not found
12,1,31,3.0,Clear,,video_not_found,,,Video file 12.mp4 not found
12,1,31,13.0,Clear,,video_not_found,,,Video file 12.mp4 not found
12,1,31,21.0,Smash,,video_not_found,,,Video file 12.mp4 not found
12,1,32,4.0,Clear,,video_not_found,,,Video file 12.mp4 not found
12,1,32,5.0,Clear,,video_not_found,,,Video file 12.mp4 not found
12,1,33,3.0,Clear,,video_not_found,,,Video file 12.mp4 not found
12,1,33,4.0,Clear,,video_not_found,,,Video file 12.mp4 not found
12,1,33,7.0,Smash,,video_not_found,,,Video file 12.mp4 not found
12,1,33,11.0,Clear,,video_not_found,,,Video file 12.mp4 not found
12,1,34,5.0,Smash,,video_not_found,,,Video file 12.mp4 not found
12,1,36,4.0,Smash,,video_not_found,,,Video file 12.mp4 not found
12,1,36,9.0,Clear,,video_not_found,,,Video file 12.mp4 not found
12,1,38,3.0,Smash,,video_not_found,,,Video file 12.mp4 not found
12,2,3,11.0,Clear,,video_not_found,,,Video file 12.mp4 not found
12,2,3,12.0,Clear,,video_not_found,,,Video file 12.mp4 not found
12,2,3,13.0,Smash,,video_not_found,,,Video file 12.mp4 not found
12,2,4,16.0,Smash,,video_not_found,,,Video file 12.mp4 not found
12,2,4,19.0,Clear,,video_not_found,,,Video file 12.mp4 not found
12,2,4,20.0,Clear,,video_not_found,,,Video file 12.mp4 not found
12,2,4,21.0,Clear,,video_not_found,,,Video file 12.mp4 not found
12,2,5,3.0,Clear,,video_not_found,,,Video file 12.mp4 not found
12,2,7,3.0,Smash,,video_not_found,,,Video file 12.mp4 not found
12,2,8,4.0,Clear,,video_not_found,,,Video file 12.mp4 not found
12,2,9,13.0,Smash,,video_not_found,,,Video file 12.mp4 not found
12,2,11,3.0,Clear,,video_not_found,,,Video file 12.mp4 not found
12,2,13,3.0,Clear,,video_not_found,,,Video file 12.mp4 not found
12,2,13,4.0,Smash,,video_not_found,,,Video file 12.mp4 not found
12,2,13,7.0,Smash,,video_not_found,,,Video file 12.mp4 not found
12,2,13,21.0,Clear,,video_not_found,,,Video file 12.mp4 not found
12,2,14,4.0,Smash,,video_not_found,,,Video file 12.mp4 not found
12,2,15,4.0,Clear,,video_not_found,,,Video file 12.mp4 not found
12,2,15,5.0,Smash,,video_not_found,,,Video file 12.mp4 not found
12,2,16,7.0,Smash,,video_not_found,,,Video file 12.mp4 not found
12,2,16,11.0,Smash,,video_not_found,,,Video file 12.mp4 not found
12,2,17,4.0,Smash,,video_not_found,,,Video file 12.mp4 not found
12,2,18,6.0,Smash,,video_not_found,,,Video file 12.mp4 not found
12,2,23,7.0,Clear,,video_not_found,,,Video file 12.mp4 not found
12,2,23,8.0,Clear,,video_not_found,,,Video file 12.mp4 not found
12,2,26,3.0,Smash,,video_not_found,,,Video file 12.mp4 not found
12,2,29,9.0,Smash,,video_not_found,,,Video file 12.mp4 not found
12,2,30,4.0,Smash,,video_not_found,,,Video file 12.mp4 not found
12,2,30,7.0,Smash,,video_not_found,,,Video file 12.mp4 not found
12,2,30,10.0,Clear,,video_not_found,,,Video file 12.mp4 not found
12,2,31,3.0,Smash,,video_not_found,,,Video file 12.mp4 not found
12,2,32,4.0,Clear,,video_not_found,,,Video file 12.mp4 not found
12,2,32,5.0,Clear,,video_not_found,,,Video file 12.mp4 not found
12,2,33,8.0,Smash,,video_not_found,,,Video file 12.mp4 not found
12,2,33,15.0,Clear,,video_not_found,,,Video file 12.mp4 not found
12,2,33,16.0,Smash,,video_not_found,,,Video file 12.mp4 not found
12,2,34,5.0,Smash,,video_not_found,,,Video file 12.mp4 not found
12,2,35,3.0,Smash,,video_not_found,,,Video file 12.mp4 not found
12,2,36,9.0,Clear,,video_not_found,,,Video file 12.mp4 not found
12,2,38,9.0,Smash,,video_not_found,,,Video file 12.mp4 not found
12,2,39,2.0,Smash,,video_not_found,,,Video file 12.mp4 not found
12,2,40,5.0,Smash,,video_not_found,,,Video file 12.mp4 not found
12,2,40,8.0,Smash,,video_not_found,,,Video file 12.mp4 not found
13,1,2,24.0,Clear,17530.0,success,13_set1_rally2_ball24_Clear.mp4,51 frames,
13,1,2,25.0,Smash,17566.0,success,13_set1_rally2_ball25_Smash.mp4,51 frames,
13,1,4,8.0,Clear,20260.0,success,13_set1_rally4_ball8_Clear.mp4,51 frames,
13,1,4,9.0,Smash,20288.0,success,13_set1_rally4_ball9_Smash.mp4,51 frames,
13,1,9,3.0,Clear,23469.0,success,13_set1_rally9_ball3_Clear.mp4,51 frames,
13,1,9,13.0,Clear,23700.0,success,13_set1_rally9_ball13_Clear.mp4,51 frames,
13,1,9,20.0,Clear,23881.0,success,13_set1_rally9_ball20_Clear.mp4,51 frames,
13,1,9,24.0,Clear,23983.0,success,13_set1_rally9_ball24_Clear.mp4,51 frames,
13,1,9,25.0,Smash,24014.0,success,13_set1_rally9_ball25_Smash.mp4,51 frames,
13,1,10,13.0,Clear,25468.0,success,13_set1_rally10_ball13_Clear.mp4,51 frames,
13,1,10,14.0,Clear,25502.0,success,13_set1_rally10_ball14_Clear.mp4,51 frames,
13,1,10,15.0,Clear,25536.0,success,13_set1_rally10_ball15_Clear.mp4,51 frames,
13,1,10,16.0,Clear,25566.0,success,13_set1_rally10_ball16_Clear.mp4,51 frames,
13,1,10,23.0,Clear,25773.0,success,13_set1_rally10_ball23_Clear.mp4,51 frames,
13,1,10,25.0,Smash,25835.0,success,13_set1_rally10_ball25_Smash.mp4,51 frames,
13,1,11,23.0,Clear,27027.0,success,13_set1_rally11_ball23_Clear.mp4,51 frames,
13,1,11,24.0,Clear,27060.0,success,13_set1_rally11_ball24_Clear.mp4,51 frames,
13,1,11,25.0,Clear,27097.0,success,13_set1_rally11_ball25_Clear.mp4,51 frames,
13,1,11,26.0,Clear,27133.0,success,13_set1_rally11_ball26_Clear.mp4,51 frames,
13,1,11,27.0,Clear,27174.0,success,13_set1_rally11_ball27_Clear.mp4,51 frames,
13,1,13,11.0,Clear,30018.0,success,13_set1_rally13_ball11_Clear.mp4,51 frames,
13,1,22,7.0,Clear,38518.0,success,13_set1_rally22_ball7_Clear.mp4,51 frames,
13,1,23,6.0,Clear,39218.0,success,13_set1_rally23_ball6_Clear.mp4,51 frames,
13,1,23,7.0,Smash,39249.0,success,13_set1_rally23_ball7_Smash.mp4,51 frames,
13,1,23,15.0,Clear,39449.0,success,13_set1_rally23_ball15_Clear.mp4,51 frames,
13,1,23,25.0,Clear,39700.0,success,13_set1_rally23_ball25_Clear.mp4,51 frames,
13,1,26,3.0,Clear,42087.0,success,13_set1_rally26_ball3_Clear.mp4,51 frames,
13,1,26,4.0,Clear,42120.0,success,13_set1_rally26_ball4_Clear.mp4,51 frames,
13,1,26,21.0,Clear,42543.0,success,13_set1_rally26_ball21_Clear.mp4,51 frames,
13,1,26,22.0,Smash,42576.0,success,13_set1_rally26_ball22_Smash.mp4,51 frames,
13,1,26,37.0,Clear,42918.0,success,13_set1_rally26_ball37_Clear.mp4,51 frames,
13,1,26,41.0,Clear,43044.0,success,13_set1_rally26_ball41_Clear.mp4,51 frames,
13,1,26,52.0,Clear,43348.0,success,13_set1_rally26_ball52_Clear.mp4,51 frames,
13,1,26,59.0,Clear,43566.0,success,13_set1_rally26_ball59_Clear.mp4,51 frames,
13,1,27,4.0,Clear,45031.0,success,13_set1_rally27_ball4_Clear.mp4,51 frames,
13,1,27,5.0,Clear,45062.0,success,13_set1_rally27_ball5_Clear.mp4,51 frames,
13,1,27,12.0,Clear,45245.0,success,13_set1_rally27_ball12_Clear.mp4,51 frames,
13,1,27,13.0,Clear,45276.0,success,13_set1_rally27_ball13_Clear.mp4,51 frames,
13,1,28,7.0,Clear,46297.0,success,13_set1_rally28_ball7_Clear.mp4,51 frames,
13,1,32,4.0,Clear,49192.0,success,13_set1_rally32_ball4_Clear.mp4,51 frames,
13,1,35,17.0,Clear,51300.0,success,13_set1_rally35_ball17_Clear.mp4,51 frames,
13,1,35,23.0,Clear,51463.0,success,13_set1_rally35_ball23_Clear.mp4,51 frames,
13,1,40,2.0,Clear,56066.0,success,13_set1_rally40_ball2_Clear.mp4,51 frames,
13,1,41,3.0,Smash,58054.0,success,13_set1_rally41_ball3_Smash.mp4,51 frames,
13,1,45,3.0,Smash,61963.0,success,13_set1_rally45_ball3_Smash.mp4,51 frames,
13,2,3,7.0,Clear,68168.0,success,13_set2_rally3_ball7_Clear.mp4,51 frames,
13,2,3,8.0,Clear,68202.0,success,13_set2_rally3_ball8_Clear.mp4,51 frames,
13,2,3,9.0,Smash,68239.0,success,13_set2_rally3_ball9_Smash.mp4,51 frames,
13,2,7,3.0,Smash,71259.0,success,13_set2_rally7_ball3_Smash.mp4,51 frames,
13,2,9,12.0,Smash,73131.0,success,13_set2_rally9_ball12_Smash.mp4,51 frames,
13,2,9,15.0,Smash,73192.0,success,13_set2_rally9_ball15_Smash.mp4,51 frames,
13,2,10,27.0,Clear,74600.0,success,13_set2_rally10_ball27_Clear.mp4,51 frames,
13,2,13,4.0,Smash,76884.0,success,13_set2_rally13_ball4_Smash.mp4,51 frames,
13,2,14,6.0,Smash,78742.0,success,13_set2_rally14_ball6_Smash.mp4,51 frames,
13,2,18,6.0,Smash,81883.0,success,13_set2_rally18_ball6_Smash.mp4,51 frames,
13,2,27,12.0,Clear,88305.0,success,13_set2_rally27_ball12_Clear.mp4,51 frames,
13,2,27,22.0,Smash,88573.0,success,13_set2_rally27_ball22_Smash.mp4,51 frames,
13,2,27,37.0,Clear,88972.0,success,13_set2_rally27_ball37_Clear.mp4,51 frames,
13,2,27,40.0,Clear,89071.0,success,13_set2_rally27_ball40_Clear.mp4,51 frames,
13,2,27,41.0,Clear,89102.0,success,13_set2_rally27_ball41_Clear.mp4,51 frames,
13,2,27,42.0,Clear,89142.0,success,13_set2_rally27_ball42_Clear.mp4,51 frames,
13,2,27,49.0,Clear,89350.0,success,13_set2_rally27_ball49_Clear.mp4,51 frames,
13,2,27,50.0,Clear,89391.0,success,13_set2_rally27_ball50_Clear.mp4,51 frames,
13,2,27,54.0,Clear,89527.0,success,13_set2_rally27_ball54_Clear.mp4,51 frames,
13,2,27,59.0,Clear,89660.0,success,13_set2_rally27_ball59_Clear.mp4,51 frames,
13,2,27,60.0,Clear,89701.0,success,13_set2_rally27_ball60_Clear.mp4,51 frames,
13,2,27,61.0,Clear,89735.0,success,13_set2_rally27_ball61_Clear.mp4,51 frames,
13,2,27,62.0,Clear,89782.0,success,13_set2_rally27_ball62_Clear.mp4,51 frames,
13,2,27,63.0,Clear,89818.0,success,13_set2_rally27_ball63_Clear.mp4,51 frames,
13,2,28,13.0,Clear,91952.0,success,13_set2_rally28_ball13_Clear.mp4,51 frames,
13,2,28,14.0,Clear,91983.0,success,13_set2_rally28_ball14_Clear.mp4,51 frames,
13,2,28,23.0,Clear,92236.0,success,13_set2_rally28_ball23_Clear.mp4,51 frames,
13,2,29,3.0,Smash,93168.0,success,13_set2_rally29_ball3_Smash.mp4,51 frames,
13,2,32,6.0,Clear,96342.0,success,13_set2_rally32_ball6_Clear.mp4,51 frames,
13,2,32,7.0,Clear,96377.0,success,13_set2_rally32_ball7_Clear.mp4,51 frames,
14,1,8,8.0,Clear,19781.0,success,14_set1_rally8_ball8_Clear.mp4,51 frames,
14,1,14,7.0,Smash,24198.0,success,14_set1_rally14_ball7_Smash.mp4,51 frames,
14,1,14,14.0,Smash,24316.0,success,14_set1_rally14_ball14_Smash.mp4,51 frames,
14,1,14,19.0,Smash,24415.0,success,14_set1_rally14_ball19_Smash.mp4,51 frames,
14,1,17,4.0,Clear,27517.0,success,14_set1_rally17_ball4_Clear.mp4,51 frames,
14,1,17,11.0,Clear,27679.0,success,14_set1_rally17_ball11_Clear.mp4,51 frames,
14,1,18,9.0,Clear,29187.0,success,14_set1_rally18_ball9_Clear.mp4,51 frames,
14,1,21,10.0,Clear,32783.0,success,14_set1_rally21_ball10_Clear.mp4,51 frames,
14,1,21,27.0,Clear,33120.0,success,14_set1_rally21_ball27_Clear.mp4,51 frames,
14,1,21,28.0,Clear,33148.0,success,14_set1_rally21_ball28_Clear.mp4,51 frames,
14,1,25,24.0,Clear,37426.0,success,14_set1_rally25_ball24_Clear.mp4,51 frames,
14,1,25,27.0,Smash,37516.0,success,14_set1_rally25_ball27_Smash.mp4,51 frames,
14,1,25,32.0,Clear,37603.0,success,14_set1_rally25_ball32_Clear.mp4,51 frames,
14,1,25,33.0,Clear,37641.0,success,14_set1_rally25_ball33_Clear.mp4,51 frames,
14,1,27,7.0,Clear,40030.0,success,14_set1_rally27_ball7_Clear.mp4,51 frames,
14,1,32,4.0,Clear,45624.0,success,14_set1_rally32_ball4_Clear.mp4,51 frames,
14,1,34,7.0,Clear,47592.0,success,14_set1_rally34_ball7_Clear.mp4,51 frames,
14,1,35,8.0,Clear,48924.0,success,14_set1_rally35_ball8_Clear.mp4,51 frames,
14,2,2,6.0,Clear,53258.0,success,14_set2_rally2_ball6_Clear.mp4,51 frames,
14,2,12,15.0,Clear,63806.0,success,14_set2_rally12_ball15_Clear.mp4,51 frames,
14,2,12,28.0,Clear,64137.0,success,14_set2_rally12_ball28_Clear.mp4,51 frames,
14,2,13,2.0,Clear,64787.0,success,14_set2_rally13_ball2_Clear.mp4,51 frames,
14,2,13,10.0,Clear,64966.0,success,14_set2_rally13_ball10_Clear.mp4,51 frames,
14,2,14,13.0,Clear,66466.0,success,14_set2_rally14_ball13_Clear.mp4,51 frames,
14,2,14,14.0,Clear,66498.0,success,14_set2_rally14_ball14_Clear.mp4,51 frames,
14,2,21,5.0,Smash,72591.0,success,14_set2_rally21_ball5_Smash.mp4,51 frames,
14,2,29,2.0,Clear,77379.0,success,14_set2_rally29_ball2_Clear.mp4,51 frames,
14,2,30,3.0,Clear,77812.0,success,14_set2_rally30_ball3_Clear.mp4,51 frames,
14,3,1,8.0,Clear,82371.0,success,14_set3_rally1_ball8_Clear.mp4,51 frames,
14,3,4,26.0,Clear,85371.0,success,14_set3_rally4_ball26_Clear.mp4,51 frames,
14,3,9,12.0,Clear,90737.0,success,14_set3_rally9_ball12_Clear.mp4,51 frames,
14,3,11,16.0,Clear,92499.0,success,14_set3_rally11_ball16_Clear.mp4,51 frames,
14,3,11,23.0,Clear,92687.0,success,14_set3_rally11_ball23_Clear.mp4,51 frames,
14,3,11,24.0,Clear,92713.0,success,14_set3_rally11_ball24_Clear.mp4,51 frames,
14,3,11,28.0,Clear,92823.0,success,14_set3_rally11_ball28_Clear.mp4,51 frames,
14,3,11,32.0,Clear,92927.0,success,14_set3_rally11_ball32_Clear.mp4,51 frames,
14,3,13,4.0,Clear,94821.0,success,14_set3_rally13_ball4_Clear.mp4,51 frames,
14,3,13,5.0,Clear,94851.0,success,14_set3_rally13_ball5_Clear.mp4,51 frames,
14,3,14,3.0,Clear,95817.0,success,14_set3_rally14_ball3_Clear.mp4,51 frames,
14,3,14,13.0,Clear,96034.0,success,14_set3_rally14_ball13_Clear.mp4,51 frames,
14,3,14,14.0,Clear,96064.0,success,14_set3_rally14_ball14_Clear.mp4,51 frames,
14,3,15,13.0,Clear,97101.0,success,14_set3_rally15_ball13_Clear.mp4,51 frames,
14,3,15,14.0,Clear,97132.0,success,14_set3_rally15_ball14_Clear.mp4,51 frames,
14,3,16,13.0,Clear,99131.0,success,14_set3_rally16_ball13_Clear.mp4,51 frames,
14,3,16,19.0,Clear,99273.0,success,14_set3_rally16_ball19_Clear.mp4,51 frames,
14,3,17,18.0,Clear,102273.0,success,14_set3_rally17_ball18_Clear.mp4,51 frames,
14,3,17,27.0,Clear,102510.0,success,14_set3_rally17_ball27_Clear.mp4,51 frames,
14,3,17,31.0,Clear,102602.0,success,14_set3_rally17_ball31_Clear.mp4,51 frames,
14,3,21,8.0,Clear,106160.0,success,14_set3_rally21_ball8_Clear.mp4,51 frames,
14,3,24,8.0,Clear,108619.0,success,14_set3_rally24_ball8_Clear.mp4,51 frames,
14,3,24,12.0,Clear,108728.0,success,14_set3_rally24_ball12_Clear.mp4,51 frames,
14,3,24,15.0,Clear,108810.0,success,14_set3_rally24_ball15_Clear.mp4,51 frames,
14,3,25,14.0,Clear,109693.0,success,14_set3_rally25_ball14_Clear.mp4,51 frames,
14,3,33,10.0,Clear,115270.0,success,14_set3_rally33_ball10_Clear.mp4,51 frames,
15,1,1,7.0,Clear,23780.0,success,15_set1_rally1_ball7_Clear.mp4,51 frames,
15,1,2,8.0,Smash,24535.0,success,15_set1_rally2_ball8_Smash.mp4,51 frames,
15,1,7,12.0,Clear,28311.0,success,15_set1_rally7_ball12_Clear.mp4,51 frames,
15,1,9,3.0,Clear,29819.0,success,15_set1_rally9_ball3_Clear.mp4,51 frames,
15,1,9,4.0,Smash,29849.0,success,15_set1_rally9_ball4_Smash.mp4,51 frames,
15,1,9,8.0,Clear,29933.0,success,15_set1_rally9_ball8_Clear.mp4,51 frames,
15,1,11,4.0,Smash,31630.0,success,15_set1_rally11_ball4_Smash.mp4,51 frames,
15,1,12,9.0,Smash,33067.0,success,15_set1_rally12_ball9_Smash.mp4,51 frames,
15,1,12,12.0,Smash,33120.0,success,15_set1_rally12_ball12_Smash.mp4,51 frames,
15,1,12,16.0,Smash,33176.0,success,15_set1_rally12_ball16_Smash.mp4,51 frames,
15,1,13,2.0,Clear,34049.0,success,15_set1_rally13_ball2_Clear.mp4,51 frames,
15,1,13,7.0,Smash,34146.0,success,15_set1_rally13_ball7_Smash.mp4,51 frames,
15,1,20,8.0,Clear,40245.0,success,15_set1_rally20_ball8_Clear.mp4,51 frames,
15,1,22,8.0,Clear,42913.0,success,15_set1_rally22_ball8_Clear.mp4,51 frames,
15,1,22,15.0,Clear,43067.0,success,15_set1_rally22_ball15_Clear.mp4,51 frames,
15,1,22,20.0,Clear,43206.0,success,15_set1_rally22_ball20_Clear.mp4,51 frames,
15,1,22,21.0,Clear,43237.0,success,15_set1_rally22_ball21_Clear.mp4,51 frames,
15,1,22,24.0,Smash,43294.0,success,15_set1_rally22_ball24_Smash.mp4,51 frames,
15,1,23,6.0,Smash,44487.0,success,15_set1_rally23_ball6_Smash.mp4,51 frames,
15,1,24,2.0,Smash,45956.0,success,15_set1_rally24_ball2_Smash.mp4,51 frames,
15,1,27,8.0,Clear,48664.0,success,15_set1_rally27_ball8_Clear.mp4,51 frames,
15,1,27,9.0,Clear,48695.0,success,15_set1_rally27_ball9_Clear.mp4,51 frames,
15,1,27,10.0,Smash,48724.0,success,15_set1_rally27_ball10_Smash.mp4,51 frames,
15,1,28,2.0,Smash,49645.0,success,15_set1_rally28_ball2_Smash.mp4,51 frames,
15,1,29,15.0,Smash,51426.0,success,15_set1_rally29_ball15_Smash.mp4,51 frames,
15,1,32,2.0,Smash,55367.0,success,15_set1_rally32_ball2_Smash.mp4,51 frames,
15,1,34,2.0,Smash,56760.0,success,15_set1_rally34_ball2_Smash.mp4,51 frames,
15,1,36,17.0,Clear,59585.0,success,15_set1_rally36_ball17_Clear.mp4,51 frames,
15,1,36,18.0,Smash,59611.0,success,15_set1_rally36_ball18_Smash.mp4,51 frames,
15,1,36,22.0,Clear,59701.0,success,15_set1_rally36_ball22_Clear.mp4,51 frames,
15,1,36,27.0,Clear,59811.0,success,15_set1_rally36_ball27_Clear.mp4,51 frames,
15,1,36,28.0,Clear,59839.0,success,15_set1_rally36_ball28_Clear.mp4,51 frames,
15,1,38,2.0,Smash,62285.0,success,15_set1_rally38_ball2_Smash.mp4,51 frames,
15,2,1,4.0,Smash,66458.0,success,15_set2_rally1_ball4_Smash.mp4,51 frames,
15,2,2,5.0,Smash,67308.0,success,15_set2_rally2_ball5_Smash.mp4,51 frames,
15,2,4,4.0,Clear,68341.0,success,15_set2_rally4_ball4_Clear.mp4,51 frames,
15,2,4,5.0,Smash,68381.0,success,15_set2_rally4_ball5_Smash.mp4,51 frames,
15,2,7,3.0,Clear,71270.0,success,15_set2_rally7_ball3_Clear.mp4,51 frames,
15,2,7,4.0,Smash,71297.0,success,15_set2_rally7_ball4_Smash.mp4,51 frames,
15,2,8,6.0,Smash,72481.0,success,15_set2_rally8_ball6_Smash.mp4,51 frames,
15,2,8,12.0,Smash,72562.0,success,15_set2_rally8_ball12_Smash.mp4,51 frames,
15,2,11,14.0,Clear,74853.0,success,15_set2_rally11_ball14_Clear.mp4,51 frames,
15,2,11,15.0,Clear,74882.0,success,15_set2_rally11_ball15_Clear.mp4,51 frames,
15,2,11,26.0,Clear,75184.0,success,15_set2_rally11_ball26_Clear.mp4,51 frames,
15,2,12,6.0,Smash,75996.0,success,15_set2_rally12_ball6_Smash.mp4,51 frames,
15,2,14,6.0,Smash,78011.0,success,15_set2_rally14_ball6_Smash.mp4,51 frames,
15,2,14,17.0,Smash,78221.0,success,15_set2_rally14_ball17_Smash.mp4,51 frames,
15,2,15,8.0,Smash,79895.0,success,15_set2_rally15_ball8_Smash.mp4,51 frames,
15,2,16,5.0,Smash,81091.0,success,15_set2_rally16_ball5_Smash.mp4,51 frames,
15,2,16,9.0,Clear,81186.0,success,15_set2_rally16_ball9_Clear.mp4,51 frames,
15,2,18,3.0,Clear,83937.0,success,15_set2_rally18_ball3_Clear.mp4,51 frames,
15,2,20,17.0,Clear,85497.0,success,15_set2_rally20_ball17_Clear.mp4,51 frames,
15,2,21,4.0,Smash,86594.0,success,15_set2_rally21_ball4_Smash.mp4,51 frames,
15,2,23,2.0,Smash,88845.0,success,15_set2_rally23_ball2_Smash.mp4,51 frames,
15,2,24,10.0,Smash,89685.0,success,15_set2_rally24_ball10_Smash.mp4,51 frames,
15,2,25,4.0,Clear,90945.0,success,15_set2_rally25_ball4_Clear.mp4,51 frames,
15,2,31,16.0,Smash,96193.0,success,15_set2_rally31_ball16_Smash.mp4,51 frames,
15,2,32,3.0,Smash,97955.0,success,15_set2_rally32_ball3_Smash.mp4,51 frames,
15,2,34,4.0,Clear,99375.0,success,15_set2_rally34_ball4_Clear.mp4,51 frames,
15,2,36,15.0,Clear,102237.0,success,15_set2_rally36_ball15_Clear.mp4,51 frames,
15,2,36,16.0,Clear,102271.0,success,15_set2_rally36_ball16_Clear.mp4,51 frames,
15,3,1,14.0,Smash,106580.0,success,15_set3_rally1_ball14_Smash.mp4,51 frames,
15,3,2,4.0,Smash,107312.0,success,15_set3_rally2_ball4_Smash.mp4,51 frames,
15,3,6,7.0,Clear,110953.0,success,15_set3_rally6_ball7_Clear.mp4,51 frames,
15,3,6,8.0,Smash,110984.0,success,15_set3_rally6_ball8_Smash.mp4,51 frames,
15,3,6,10.0,Smash,111017.0,success,15_set3_rally6_ball10_Smash.mp4,51 frames,
15,3,7,2.0,Clear,112243.0,success,15_set3_rally7_ball2_Clear.mp4,51 frames,
15,3,13,6.0,Smash,116635.0,success,15_set3_rally13_ball6_Smash.mp4,51 frames,
15,3,16,6.0,Clear,120758.0,success,15_set3_rally16_ball6_Clear.mp4,51 frames,
15,3,16,7.0,Clear,120780.0,success,15_set3_rally16_ball7_Clear.mp4,51 frames,
15,3,16,20.0,Clear,121109.0,success,15_set3_rally16_ball20_Clear.mp4,51 frames,
15,3,16,21.0,Clear,121139.0,success,15_set3_rally16_ball21_Clear.mp4,51 frames,
15,3,16,26.0,Clear,121284.0,success,15_set3_rally16_ball26_Clear.mp4,51 frames,
15,3,16,27.0,Clear,121299.0,success,15_set3_rally16_ball27_Clear.mp4,51 frames,
15,3,16,28.0,Clear,121334.0,success,15_set3_rally16_ball28_Clear.mp4,51 frames,
15,3,16,29.0,Clear,121362.0,success,15_set3_rally16_ball29_Clear.mp4,51 frames,
15,3,21,8.0,Clear,125746.0,success,15_set3_rally21_ball8_Clear.mp4,51 frames,
15,3,21,13.0,Clear,125901.0,success,15_set3_rally21_ball13_Clear.mp4,51 frames,
15,3,22,3.0,Clear,126450.0,success,15_set3_rally22_ball3_Clear.mp4,51 frames,
15,3,24,2.0,Smash,127560.0,success,15_set3_rally24_ball2_Smash.mp4,51 frames,
15,3,27,7.0,Clear,129364.0,success,15_set3_rally27_ball7_Clear.mp4,51 frames,
15,3,28,3.0,Clear,129857.0,success,15_set3_rally28_ball3_Clear.mp4,51 frames,
16,1,1,15.0,Smash,13974.0,success,16_set1_rally1_ball15_Smash.mp4,51 frames,
16,1,3,2.0,Clear,15109.0,success,16_set1_rally3_ball2_Clear.mp4,51 frames,
16,1,3,11.0,Smash,15291.0,success,16_set1_rally3_ball11_Smash.mp4,51 frames,
16,1,3,15.0,Smash,15366.0,success,16_set1_rally3_ball15_Smash.mp4,51 frames,
16,1,4,4.0,Smash,16013.0,success,16_set1_rally4_ball4_Smash.mp4,51 frames,
16,1,4,7.0,Smash,16076.0,success,16_set1_rally4_ball7_Smash.mp4,51 frames,
16,1,6,3.0,Smash,17144.0,success,16_set1_rally6_ball3_Smash.mp4,51 frames,
16,1,6,11.0,Smash,17316.0,success,16_set1_rally6_ball11_Smash.mp4,51 frames,
16,1,8,4.0,Smash,18658.0,success,16_set1_rally8_ball4_Smash.mp4,51 frames,
16,1,8,12.0,Smash,18856.0,success,16_set1_rally8_ball12_Smash.mp4,51 frames,
16,1,8,16.0,Smash,18954.0,success,16_set1_rally8_ball16_Smash.mp4,51 frames,
16,1,11,3.0,Smash,21180.0,success,16_set1_rally11_ball3_Smash.mp4,51 frames,
16,1,11,7.0,Smash,21260.0,success,16_set1_rally11_ball7_Smash.mp4,51 frames,
16,1,11,13.0,Smash,21424.0,success,16_set1_rally11_ball13_Smash.mp4,51 frames,
16,1,11,16.0,Smash,21454.0,success,16_set1_rally11_ball16_Smash.mp4,51 frames,
16,1,11,20.0,Clear,21544.0,success,16_set1_rally11_ball20_Clear.mp4,51 frames,
16,1,15,9.0,Smash,24452.0,success,16_set1_rally15_ball9_Smash.mp4,51 frames,
16,1,19,7.0,Smash,27433.0,success,16_set1_rally19_ball7_Smash.mp4,51 frames,
16,1,24,6.0,Smash,32073.0,success,16_set1_rally24_ball6_Smash.mp4,51 frames,
16,1,27,4.0,Smash,34535.0,success,16_set1_rally27_ball4_Smash.mp4,51 frames,
16,1,27,8.0,Smash,34624.0,success,16_set1_rally27_ball8_Smash.mp4,51 frames,
16,1,27,11.0,Smash,34689.0,success,16_set1_rally27_ball11_Smash.mp4,51 frames,
16,1,28,13.0,Smash,35993.0,success,16_set1_rally28_ball13_Smash.mp4,51 frames,
16,1,29,4.0,Smash,37147.0,success,16_set1_rally29_ball4_Smash.mp4,51 frames,
16,1,30,5.0,Smash,37884.0,success,16_set1_rally30_ball5_Smash.mp4,51 frames,
16,1,32,5.0,Smash,39589.0,success,16_set1_rally32_ball5_Smash.mp4,51 frames,
16,1,32,12.0,Smash,39738.0,success,16_set1_rally32_ball12_Smash.mp4,51 frames,
16,1,33,5.0,Smash,40370.0,success,16_set1_rally33_ball5_Smash.mp4,51 frames,
16,1,33,21.0,Smash,40743.0,success,16_set1_rally33_ball21_Smash.mp4,51 frames,
16,1,34,4.0,Smash,41982.0,success,16_set1_rally34_ball4_Smash.mp4,51 frames,
16,1,35,5.0,Smash,43118.0,success,16_set1_rally35_ball5_Smash.mp4,51 frames,
16,1,36,4.0,Smash,43878.0,success,16_set1_rally36_ball4_Smash.mp4,51 frames,
16,1,38,9.0,Smash,45171.0,success,16_set1_rally38_ball9_Smash.mp4,51 frames,
16,1,40,4.0,Smash,46670.0,success,16_set1_rally40_ball4_Smash.mp4,51 frames,
16,1,42,4.0,Smash,48577.0,success,16_set1_rally42_ball4_Smash.mp4,51 frames,
16,2,4,2.0,Smash,53667.0,success,16_set2_rally4_ball2_Smash.mp4,51 frames,
16,2,5,9.0,Smash,54907.0,success,16_set2_rally5_ball9_Smash.mp4,51 frames,
16,2,5,11.0,Smash,54933.0,success,16_set2_rally5_ball11_Smash.mp4,51 frames,
16,2,5,14.0,Clear,54995.0,success,16_set2_rally5_ball14_Clear.mp4,51 frames,
16,2,6,4.0,Smash,55646.0,success,16_set2_rally6_ball4_Smash.mp4,51 frames,
16,2,8,6.0,Smash,56956.0,success,16_set2_rally8_ball6_Smash.mp4,51 frames,
16,2,8,9.0,Smash,57017.0,success,16_set2_rally8_ball9_Smash.mp4,51 frames,
16,2,8,15.0,Clear,57119.0,success,16_set2_rally8_ball15_Clear.mp4,51 frames,
16,2,10,3.0,Smash,58291.0,success,16_set2_rally10_ball3_Smash.mp4,51 frames,
16,2,10,6.0,Smash,58357.0,success,16_set2_rally10_ball6_Smash.mp4,51 frames,
16,2,11,5.0,Smash,59629.0,success,16_set2_rally11_ball5_Smash.mp4,51 frames,
16,2,11,8.0,Clear,59689.0,success,16_set2_rally11_ball8_Clear.mp4,51 frames,
16,2,12,2.0,Smash,60374.0,success,16_set2_rally12_ball2_Smash.mp4,51 frames,
16,2,12,5.0,Smash,60431.0,success,16_set2_rally12_ball5_Smash.mp4,51 frames,
16,2,13,4.0,Smash,60943.0,success,16_set2_rally13_ball4_Smash.mp4,51 frames,
16,2,16,3.0,Smash,63516.0,success,16_set2_rally16_ball3_Smash.mp4,51 frames,
16,2,17,4.0,Smash,64010.0,success,16_set2_rally17_ball4_Smash.mp4,51 frames,
16,2,17,8.0,Smash,64106.0,success,16_set2_rally17_ball8_Smash.mp4,51 frames,
16,2,17,20.0,Clear,64372.0,success,16_set2_rally17_ball20_Clear.mp4,51 frames,
16,2,17,24.0,Smash,64471.0,success,16_set2_rally17_ball24_Smash.mp4,51 frames,
16,2,18,4.0,Smash,65950.0,success,16_set2_rally18_ball4_Smash.mp4,51 frames,
16,2,25,4.0,Smash,72396.0,success,16_set2_rally25_ball4_Smash.mp4,51 frames,
16,2,29,5.0,Smash,76302.0,success,16_set2_rally29_ball5_Smash.mp4,51 frames,
16,2,31,3.0,Smash,78008.0,success,16_set2_rally31_ball3_Smash.mp4,51 frames,
16,2,31,6.0,Smash,78077.0,success,16_set2_rally31_ball6_Smash.mp4,51 frames,
16,2,31,9.0,Smash,78160.0,success,16_set2_rally31_ball9_Smash.mp4,51 frames,
17,1,2,5.0,Smash,8308.0,success,17_set1_rally2_ball5_Smash.mp4,51 frames,
17,1,3,5.0,Smash,8903.0,success,17_set1_rally3_ball5_Smash.mp4,51 frames,
17,1,4,4.0,Smash,10518.0,success,17_set1_rally4_ball4_Smash.mp4,51 frames,
17,1,6,4.0,Smash,11287.0,success,17_set1_rally6_ball4_Smash.mp4,51 frames,
17,1,8,5.0,Clear,12685.0,success,17_set1_rally8_ball5_Clear.mp4,51 frames,
17,1,8,6.0,Clear,12719.0,success,17_set1_rally8_ball6_Clear.mp4,51 frames,
17,1,8,10.0,Smash,12815.0,success,17_set1_rally8_ball10_Smash.mp4,51 frames,
17,1,8,17.0,Clear,12962.0,success,17_set1_rally8_ball17_Clear.mp4,51 frames,
17,1,8,18.0,Smash,12996.0,success,17_set1_rally8_ball18_Smash.mp4,51 frames,
17,1,9,5.0,Smash,13675.0,success,17_set1_rally9_ball5_Smash.mp4,51 frames,
17,1,9,10.0,Clear,13751.0,success,17_set1_rally9_ball10_Clear.mp4,51 frames,
17,1,9,11.0,Smash,13775.0,success,17_set1_rally9_ball11_Smash.mp4,51 frames,
17,1,9,13.0,Clear,13811.0,success,17_set1_rally9_ball13_Clear.mp4,51 frames,
17,1,9,14.0,Clear,13845.0,success,17_set1_rally9_ball14_Clear.mp4,51 frames,
17,1,9,15.0,Clear,13878.0,success,17_set1_rally9_ball15_Clear.mp4,51 frames,
17,1,12,8.0,Smash,15999.0,success,17_set1_rally12_ball8_Smash.mp4,51 frames,
17,1,13,3.0,Smash,16652.0,success,17_set1_rally13_ball3_Smash.mp4,51 frames,
17,1,14,13.0,Smash,17328.0,success,17_set1_rally14_ball13_Smash.mp4,51 frames,
17,1,15,4.0,Clear,18091.0,success,17_set1_rally15_ball4_Clear.mp4,51 frames,
17,1,15,11.0,Clear,18286.0,success,17_set1_rally15_ball11_Clear.mp4,51 frames,
17,1,18,3.0,Smash,21493.0,success,17_set1_rally18_ball3_Smash.mp4,51 frames,
17,1,19,5.0,Clear,21860.0,success,17_set1_rally19_ball5_Clear.mp4,51 frames,
17,1,21,6.0,Smash,23063.0,success,17_set1_rally21_ball6_Smash.mp4,51 frames,
17,1,22,9.0,Smash,23633.0,success,17_set1_rally22_ball9_Smash.mp4,51 frames,
17,1,24,8.0,Smash,25291.0,success,17_set1_rally24_ball8_Smash.mp4,51 frames,
17,1,25,7.0,Smash,26028.0,success,17_set1_rally25_ball7_Smash.mp4,51 frames,
17,1,25,13.0,Smash,26148.0,success,17_set1_rally25_ball13_Smash.mp4,51 frames,
17,1,26,3.0,Clear,27078.0,success,17_set1_rally26_ball3_Clear.mp4,51 frames,
17,1,26,4.0,Smash,27105.0,success,17_set1_rally26_ball4_Smash.mp4,51 frames,
17,1,26,12.0,Clear,27292.0,success,17_set1_rally26_ball12_Clear.mp4,51 frames,
17,1,26,13.0,Clear,27320.0,success,17_set1_rally26_ball13_Clear.mp4,51 frames,
17,1,26,14.0,Clear,27358.0,success,17_set1_rally26_ball14_Clear.mp4,51 frames,
17,1,27,6.0,Smash,28241.0,success,17_set1_rally27_ball6_Smash.mp4,51 frames,
17,1,27,10.0,Smash,28293.0,success,17_set1_rally27_ball10_Smash.mp4,51 frames,
17,1,28,4.0,Clear,29009.0,success,17_set1_rally28_ball4_Clear.mp4,51 frames,
17,1,30,5.0,Smash,30019.0,success,17_set1_rally30_ball5_Smash.mp4,51 frames,
17,1,31,10.0,Smash,31601.0,success,17_set1_rally31_ball10_Smash.mp4,51 frames,
17,1,31,16.0,Clear,31713.0,success,17_set1_rally31_ball16_Clear.mp4,51 frames,
17,1,33,3.0,Smash,32934.0,success,17_set1_rally33_ball3_Smash.mp4,51 frames,
17,1,34,9.0,Smash,35080.0,success,17_set1_rally34_ball9_Smash.mp4,51 frames,
17,1,35,5.0,Smash,35765.0,success,17_set1_rally35_ball5_Smash.mp4,51 frames,
17,1,36,7.0,Clear,36373.0,success,17_set1_rally36_ball7_Clear.mp4,51 frames,
17,1,36,8.0,Smash,36408.0,success,17_set1_rally36_ball8_Smash.mp4,51 frames,
17,1,36,11.0,Smash,36486.0,success,17_set1_rally36_ball11_Smash.mp4,51 frames,
17,2,1,3.0,Smash,40017.0,success,17_set2_rally1_ball3_Smash.mp4,51 frames,
17,2,1,7.0,Smash,40095.0,success,17_set2_rally1_ball7_Smash.mp4,51 frames,
17,2,2,5.0,Clear,40602.0,success,17_set2_rally2_ball5_Clear.mp4,51 frames,
17,2,2,6.0,Clear,40632.0,success,17_set2_rally2_ball6_Clear.mp4,51 frames,
17,2,3,7.0,Clear,41279.0,success,17_set2_rally3_ball7_Clear.mp4,51 frames,
17,2,3,15.0,Smash,41460.0,success,17_set2_rally3_ball15_Smash.mp4,51 frames,
17,2,4,8.0,Clear,42337.0,success,17_set2_rally4_ball8_Clear.mp4,51 frames,
17,2,4,9.0,Smash,42376.0,success,17_set2_rally4_ball9_Smash.mp4,51 frames,
17,2,4,15.0,Clear,42493.0,success,17_set2_rally4_ball15_Clear.mp4,51 frames,
17,2,6,3.0,Clear,43911.0,success,17_set2_rally6_ball3_Clear.mp4,51 frames,
17,2,12,4.0,Smash,48760.0,success,17_set2_rally12_ball4_Smash.mp4,51 frames,
17,2,13,7.0,Smash,49558.0,success,17_set2_rally13_ball7_Smash.mp4,51 frames,
17,2,14,4.0,Smash,50063.0,success,17_set2_rally14_ball4_Smash.mp4,51 frames,
17,2,14,11.0,Clear,50184.0,success,17_set2_rally14_ball11_Clear.mp4,51 frames,
17,2,14,12.0,Clear,50208.0,success,17_set2_rally14_ball12_Clear.mp4,51 frames,
17,2,14,13.0,Smash,50252.0,success,17_set2_rally14_ball13_Smash.mp4,51 frames,
17,2,16,6.0,Smash,52541.0,success,17_set2_rally16_ball6_Smash.mp4,51 frames,
17,2,16,10.0,Clear,52622.0,success,17_set2_rally16_ball10_Clear.mp4,51 frames,
17,2,16,11.0,Smash,52654.0,success,17_set2_rally16_ball11_Smash.mp4,51 frames,
17,2,17,11.0,Clear,53561.0,success,17_set2_rally17_ball11_Clear.mp4,51 frames,
17,2,17,12.0,Clear,53586.0,success,17_set2_rally17_ball12_Clear.mp4,51 frames,
17,2,17,13.0,Smash,53625.0,success,17_set2_rally17_ball13_Smash.mp4,51 frames,
17,2,19,10.0,Clear,56238.0,success,17_set2_rally19_ball10_Clear.mp4,51 frames,
17,2,24,8.0,Clear,59631.0,success,17_set2_rally24_ball8_Clear.mp4,51 frames,
17,2,24,15.0,Smash,59741.0,success,17_set2_rally24_ball15_Smash.mp4,51 frames,
17,2,28,4.0,Clear,62075.0,success,17_set2_rally28_ball4_Clear.mp4,51 frames,
17,2,28,5.0,Smash,62109.0,success,17_set2_rally28_ball5_Smash.mp4,51 frames,
17,2,31,7.0,Smash,63774.0,success,17_set2_rally31_ball7_Smash.mp4,51 frames,
17,2,31,8.0,Smash,63828.0,success,17_set2_rally31_ball8_Smash.mp4,51 frames,
17,2,32,4.0,Smash,64570.0,success,17_set2_rally32_ball4_Smash.mp4,51 frames,
17,2,32,8.0,Clear,64672.0,success,17_set2_rally32_ball8_Clear.mp4,51 frames,
17,2,32,9.0,Clear,64705.0,success,17_set2_rally32_ball9_Clear.mp4,51 frames,
17,3,1,5.0,Smash,68692.0,success,17_set3_rally1_ball5_Smash.mp4,51 frames,
17,3,5,7.0,Clear,71326.0,success,17_set3_rally5_ball7_Clear.mp4,51 frames,
17,3,6,4.0,Smash,72267.0,success,17_set3_rally6_ball4_Smash.mp4,51 frames,
17,3,6,12.0,Smash,72397.0,success,17_set3_rally6_ball12_Smash.mp4,51 frames,
17,3,7,6.0,Smash,73018.0,success,17_set3_rally7_ball6_Smash.mp4,51 frames,
17,3,8,3.0,Smash,74099.0,success,17_set3_rally8_ball3_Smash.mp4,51 frames,
17,3,9,10.0,Smash,74889.0,success,17_set3_rally9_ball10_Smash.mp4,51 frames,
17,3,9,14.0,Clear,74975.0,success,17_set3_rally9_ball14_Clear.mp4,51 frames,
17,3,10,9.0,Smash,76801.0,success,17_set3_rally10_ball9_Smash.mp4,51 frames,
17,3,11,3.0,Smash,77609.0,success,17_set3_rally11_ball3_Smash.mp4,51 frames,
17,3,11,6.0,Smash,77668.0,success,17_set3_rally11_ball6_Smash.mp4,51 frames,
17,3,12,3.0,Clear,78129.0,success,17_set3_rally12_ball3_Clear.mp4,51 frames,
17,3,12,4.0,Smash,78157.0,success,17_set3_rally12_ball4_Smash.mp4,51 frames,
17,3,13,4.0,Smash,79078.0,success,17_set3_rally13_ball4_Smash.mp4,51 frames,
17,3,14,10.0,Smash,79896.0,success,17_set3_rally14_ball10_Smash.mp4,51 frames,
17,3,14,13.0,Smash,79962.0,success,17_set3_rally14_ball13_Smash.mp4,51 frames,
17,3,16,14.0,Clear,82230.0,success,17_set3_rally16_ball14_Clear.mp4,51 frames,
17,3,16,15.0,Smash,82262.0,success,17_set3_rally16_ball15_Smash.mp4,51 frames,
17,3,16,21.0,Smash,82386.0,success,17_set3_rally16_ball21_Smash.mp4,51 frames,
17,3,20,5.0,Clear,87294.0,success,17_set3_rally20_ball5_Clear.mp4,51 frames,
17,3,20,6.0,Smash,87327.0,success,17_set3_rally20_ball6_Smash.mp4,51 frames,
17,3,21,12.0,Clear,88418.0,success,17_set3_rally21_ball12_Clear.mp4,51 frames,
17,3,21,13.0,Clear,88444.0,success,17_set3_rally21_ball13_Clear.mp4,51 frames,
17,3,22,7.0,Smash,89251.0,success,17_set3_rally22_ball7_Smash.mp4,51 frames,
17,3,23,3.0,Clear,90708.0,success,17_set3_rally23_ball3_Clear.mp4,51 frames,
17,3,24,11.0,Clear,91564.0,success,17_set3_rally24_ball11_Clear.mp4,51 frames,
17,3,24,12.0,Smash,91590.0,success,17_set3_rally24_ball12_Smash.mp4,51 frames,
17,3,26,4.0,Smash,93311.0,success,17_set3_rally26_ball4_Smash.mp4,51 frames,
17,3,30,9.0,Clear,95732.0,success,17_set3_rally30_ball9_Clear.mp4,51 frames,
17,3,30,17.0,Clear,95886.0,success,17_set3_rally30_ball17_Clear.mp4,51 frames,
17,3,30,18.0,Smash,95928.0,success,17_set3_rally30_ball18_Smash.mp4,51 frames,
17,3,34,5.0,Smash,100210.0,success,17_set3_rally34_ball5_Smash.mp4,51 frames,
17,3,38,4.0,Smash,103001.0,success,17_set3_rally38_ball4_Smash.mp4,51 frames,
17,3,38,23.0,Clear,103418.0,success,17_set3_rally38_ball23_Clear.mp4,51 frames,
17,3,38,24.0,Smash,103456.0,success,17_set3_rally38_ball24_Smash.mp4,51 frames,
17,3,38,26.0,Smash,103483.0,success,17_set3_rally38_ball26_Smash.mp4,51 frames,
17,3,39,4.0,Smash,104598.0,success,17_set3_rally39_ball4_Smash.mp4,51 frames,
18,1,1,8.0,Smash,8621.0,success,18_set1_rally1_ball8_Smash.mp4,51 frames,
18,1,1,18.0,Clear,8851.0,success,18_set1_rally1_ball18_Clear.mp4,51 frames,
18,1,3,6.0,Smash,10566.0,success,18_set1_rally3_ball6_Smash.mp4,51 frames,
18,1,6,3.0,Clear,12538.0,success,18_set1_rally6_ball3_Clear.mp4,51 frames,
18,1,6,7.0,Smash,12635.0,success,18_set1_rally6_ball7_Smash.mp4,51 frames,
18,1,14,7.0,Clear,18764.0,success,18_set1_rally14_ball7_Clear.mp4,51 frames,
18,1,20,4.0,Smash,26050.0,success,18_set1_rally20_ball4_Smash.mp4,51 frames,
18,1,21,4.0,Clear,26494.0,success,18_set1_rally21_ball4_Clear.mp4,51 frames,
18,1,23,2.0,Clear,28070.0,success,18_set1_rally23_ball2_Clear.mp4,51 frames,
18,1,23,3.0,Clear,28090.0,success,18_set1_rally23_ball3_Clear.mp4,51 frames,
18,1,23,4.0,Smash,28127.0,success,18_set1_rally23_ball4_Smash.mp4,51 frames,
18,1,24,6.0,Clear,28662.0,success,18_set1_rally24_ball6_Clear.mp4,51 frames,
18,1,24,9.0,Smash,28739.0,success,18_set1_rally24_ball9_Smash.mp4,51 frames,
18,1,25,6.0,Smash,29322.0,success,18_set1_rally25_ball6_Smash.mp4,51 frames,
18,1,31,3.0,Smash,34391.0,success,18_set1_rally31_ball3_Smash.mp4,51 frames,
18,1,31,7.0,Smash,34481.0,success,18_set1_rally31_ball7_Smash.mp4,51 frames,
18,1,31,11.0,Smash,34567.0,success,18_set1_rally31_ball11_Smash.mp4,51 frames,
18,1,33,3.0,Smash,36727.0,success,18_set1_rally33_ball3_Smash.mp4,51 frames,
18,1,33,9.0,Smash,36899.0,success,18_set1_rally33_ball9_Smash.mp4,51 frames,
18,1,34,9.0,Smash,38407.0,success,18_set1_rally34_ball9_Smash.mp4,51 frames,
18,1,34,17.0,Smash,38578.0,success,18_set1_rally34_ball17_Smash.mp4,51 frames,
18,1,34,20.0,Smash,38631.0,success,18_set1_rally34_ball20_Smash.mp4,51 frames,
18,1,34,27.0,Smash,38795.0,success,18_set1_rally34_ball27_Smash.mp4,51 frames,
18,2,2,8.0,Smash,45650.0,success,18_set2_rally2_ball8_Smash.mp4,51 frames,
18,2,3,3.0,Smash,46087.0,success,18_set2_rally3_ball3_Smash.mp4,51 frames,
18,2,6,10.0,Smash,47923.0,success,18_set2_rally6_ball10_Smash.mp4,51 frames,
18,2,9,3.0,Clear,52143.0,success,18_set2_rally9_ball3_Clear.mp4,51 frames,
18,2,9,4.0,Smash,52179.0,success,18_set2_rally9_ball4_Smash.mp4,51 frames,
18,2,9,18.0,Clear,52517.0,success,18_set2_rally9_ball18_Clear.mp4,51 frames,
18,2,14,8.0,Smash,56803.0,success,18_set2_rally14_ball8_Smash.mp4,51 frames,
18,2,17,3.0,Smash,59457.0,success,18_set2_rally17_ball3_Smash.mp4,51 frames,
18,2,19,6.0,Smash,62160.0,success,18_set2_rally19_ball6_Smash.mp4,51 frames,
18,2,19,16.0,Smash,62389.0,success,18_set2_rally19_ball16_Smash.mp4,51 frames,
18,2,23,2.0,Smash,65277.0,success,18_set2_rally23_ball2_Smash.mp4,51 frames,
19,1,1,7.0,Smash,8445.0,success,19_set1_rally1_ball7_Smash.mp4,51 frames,
19,1,1,12.0,Smash,8561.0,success,19_set1_rally1_ball12_Smash.mp4,51 frames,
19,1,1,23.0,Smash,8810.0,success,19_set1_rally1_ball23_Smash.mp4,51 frames,
19,1,1,27.0,Smash,8900.0,success,19_set1_rally1_ball27_Smash.mp4,51 frames,
19,1,4,3.0,Smash,10645.0,success,19_set1_rally4_ball3_Smash.mp4,51 frames,
19,1,4,8.0,Smash,10768.0,success,19_set1_rally4_ball8_Smash.mp4,51 frames,
19,1,5,3.0,Clear,11256.0,success,19_set1_rally5_ball3_Clear.mp4,51 frames,
19,1,5,4.0,Smash,11285.0,success,19_set1_rally5_ball4_Smash.mp4,51 frames,
19,1,5,11.0,Smash,11456.0,success,19_set1_rally5_ball11_Smash.mp4,51 frames,
19,1,5,17.0,Clear,11622.0,success,19_set1_rally5_ball17_Clear.mp4,51 frames,
19,1,5,18.0,Smash,11654.0,success,19_set1_rally5_ball18_Smash.mp4,51 frames,
19,1,5,25.0,Clear,11831.0,success,19_set1_rally5_ball25_Clear.mp4,51 frames,
19,1,9,3.0,Smash,14380.0,success,19_set1_rally9_ball3_Smash.mp4,51 frames,
19,1,12,7.0,Smash,15845.0,success,19_set1_rally12_ball7_Smash.mp4,51 frames,
19,1,12,10.0,Smash,15894.0,success,19_set1_rally12_ball10_Smash.mp4,51 frames,
19,1,12,14.0,Smash,15979.0,success,19_set1_rally12_ball14_Smash.mp4,51 frames,
19,1,12,18.0,Smash,16063.0,success,19_set1_rally12_ball18_Smash.mp4,51 frames,
19,1,13,4.0,Smash,16764.0,success,19_set1_rally13_ball4_Smash.mp4,51 frames,
19,1,15,5.0,Smash,19446.0,success,19_set1_rally15_ball5_Smash.mp4,51 frames,
19,1,16,7.0,Smash,20581.0,success,19_set1_rally16_ball7_Smash.mp4,51 frames,
19,1,16,15.0,Clear,20757.0,success,19_set1_rally16_ball15_Clear.mp4,51 frames,
19,1,16,16.0,Smash,20787.0,success,19_set1_rally16_ball16_Smash.mp4,51 frames,
19,1,18,3.0,Smash,21886.0,success,19_set1_rally18_ball3_Smash.mp4,51 frames,
19,1,19,4.0,Smash,23562.0,success,19_set1_rally19_ball4_Smash.mp4,51 frames,
19,1,20,3.0,Smash,24198.0,success,19_set1_rally20_ball3_Smash.mp4,51 frames,
19,1,20,10.0,Smash,24368.0,success,19_set1_rally20_ball10_Smash.mp4,51 frames,
19,1,20,14.0,Clear,24454.0,success,19_set1_rally20_ball14_Clear.mp4,51 frames,
19,1,20,15.0,Smash,24490.0,success,19_set1_rally20_ball15_Smash.mp4,51 frames,
19,1,22,6.0,Smash,25769.0,success,19_set1_rally22_ball6_Smash.mp4,51 frames,
19,1,23,4.0,Smash,26438.0,success,19_set1_rally23_ball4_Smash.mp4,51 frames,
19,1,24,6.0,Smash,27091.0,success,19_set1_rally24_ball6_Smash.mp4,51 frames,
19,1,25,2.0,Clear,27514.0,success,19_set1_rally25_ball2_Clear.mp4,51 frames,
19,1,25,3.0,Smash,27547.0,success,19_set1_rally25_ball3_Smash.mp4,51 frames,
19,1,26,16.0,Smash,28469.0,success,19_set1_rally26_ball16_Smash.mp4,51 frames,
19,1,28,3.0,Smash,29854.0,success,19_set1_rally28_ball3_Smash.mp4,51 frames,
19,1,28,6.0,Smash,29919.0,success,19_set1_rally28_ball6_Smash.mp4,51 frames,
19,1,28,15.0,Clear,30113.0,success,19_set1_rally28_ball15_Clear.mp4,51 frames,
19,1,28,16.0,Smash,30146.0,success,19_set1_rally28_ball16_Smash.mp4,51 frames,
19,1,28,19.0,Clear,30222.0,success,19_set1_rally28_ball19_Clear.mp4,51 frames,
19,1,28,20.0,Smash,30257.0,success,19_set1_rally28_ball20_Smash.mp4,51 frames,
19,1,29,7.0,Clear,31558.0,success,19_set1_rally29_ball7_Clear.mp4,51 frames,
19,1,29,8.0,Clear,31596.0,success,19_set1_rally29_ball8_Clear.mp4,51 frames,
19,1,29,9.0,Clear,31628.0,success,19_set1_rally29_ball9_Clear.mp4,51 frames,
19,1,29,16.0,Smash,31814.0,success,19_set1_rally29_ball16_Smash.mp4,51 frames,
19,2,1,4.0,Smash,36594.0,success,19_set2_rally1_ball4_Smash.mp4,51 frames,
19,2,2,3.0,Clear,37075.0,success,19_set2_rally2_ball3_Clear.mp4,51 frames,
19,2,2,4.0,Smash,37106.0,success,19_set2_rally2_ball4_Smash.mp4,51 frames,
19,2,3,3.0,Smash,37647.0,success,19_set2_rally3_ball3_Smash.mp4,51 frames,
19,2,4,4.0,Smash,39192.0,success,19_set2_rally4_ball4_Smash.mp4,51 frames,
19,2,6,4.0,Smash,40639.0,success,19_set2_rally6_ball4_Smash.mp4,51 frames,
19,2,6,7.0,Smash,40702.0,success,19_set2_rally6_ball7_Smash.mp4,51 frames,
19,2,6,10.0,Clear,40774.0,success,19_set2_rally6_ball10_Clear.mp4,51 frames,
19,2,6,14.0,Smash,40875.0,success,19_set2_rally6_ball14_Smash.mp4,51 frames,
19,2,6,17.0,Smash,40946.0,success,19_set2_rally6_ball17_Smash.mp4,51 frames,
19,2,6,22.0,Clear,41069.0,success,19_set2_rally6_ball22_Clear.mp4,51 frames,
19,2,6,26.0,Smash,41183.0,success,19_set2_rally6_ball26_Smash.mp4,51 frames,
19,2,8,6.0,Smash,42637.0,success,19_set2_rally8_ball6_Smash.mp4,51 frames,
19,2,10,3.0,Smash,44292.0,success,19_set2_rally10_ball3_Smash.mp4,51 frames,
19,2,10,15.0,Clear,44541.0,success,19_set2_rally10_ball15_Clear.mp4,51 frames,
19,2,10,16.0,Smash,44574.0,success,19_set2_rally10_ball16_Smash.mp4,51 frames,
19,2,11,4.0,Clear,45406.0,success,19_set2_rally11_ball4_Clear.mp4,51 frames,
19,2,11,5.0,Smash,45440.0,success,19_set2_rally11_ball5_Smash.mp4,51 frames,
19,2,12,6.0,Smash,46269.0,success,19_set2_rally12_ball6_Smash.mp4,51 frames,
19,2,13,6.0,Smash,47007.0,success,19_set2_rally13_ball6_Smash.mp4,51 frames,
19,2,13,9.0,Smash,47071.0,success,19_set2_rally13_ball9_Smash.mp4,51 frames,
19,2,13,13.0,Clear,47169.0,success,19_set2_rally13_ball13_Clear.mp4,51 frames,
19,2,13,14.0,Clear,47200.0,success,19_set2_rally13_ball14_Clear.mp4,51 frames,
19,2,14,4.0,Smash,47716.0,success,19_set2_rally14_ball4_Smash.mp4,51 frames,
19,2,14,12.0,Clear,47860.0,success,19_set2_rally14_ball12_Clear.mp4,51 frames,
19,2,14,22.0,Clear,48130.0,success,19_set2_rally14_ball22_Clear.mp4,51 frames,
19,2,14,23.0,Clear,48164.0,success,19_set2_rally14_ball23_Clear.mp4,51 frames,
19,2,14,24.0,Clear,48197.0,success,19_set2_rally14_ball24_Clear.mp4,51 frames,
19,2,14,25.0,Clear,48227.0,success,19_set2_rally14_ball25_Clear.mp4,51 frames,
19,2,14,26.0,Clear,48265.0,success,19_set2_rally14_ball26_Clear.mp4,51 frames,
19,2,14,30.0,Clear,48380.0,success,19_set2_rally14_ball30_Clear.mp4,51 frames,
19,2,14,34.0,Clear,48501.0,success,19_set2_rally14_ball34_Clear.mp4,51 frames,
19,2,16,7.0,Clear,50501.0,success,19_set2_rally16_ball7_Clear.mp4,51 frames,
19,2,16,8.0,Smash,50531.0,success,19_set2_rally16_ball8_Smash.mp4,51 frames,
19,2,22,4.0,Smash,56209.0,success,19_set2_rally22_ball4_Smash.mp4,51 frames,
19,2,24,9.0,Smash,58915.0,success,19_set2_rally24_ball9_Smash.mp4,51 frames,
19,2,24,16.0,Smash,59055.0,success,19_set2_rally24_ball16_Smash.mp4,51 frames,
19,2,25,4.0,Smash,59841.0,success,19_set2_rally25_ball4_Smash.mp4,51 frames,
19,2,29,2.0,Clear,61837.0,success,19_set2_rally29_ball2_Clear.mp4,51 frames,
19,2,29,3.0,Clear,61868.0,success,19_set2_rally29_ball3_Clear.mp4,51 frames,
19,2,29,4.0,Smash,61905.0,success,19_set2_rally29_ball4_Smash.mp4,51 frames,
19,2,29,8.0,Smash,61975.0,success,19_set2_rally29_ball8_Smash.mp4,51 frames,
19,2,32,3.0,Clear,63465.0,success,19_set2_rally32_ball3_Clear.mp4,51 frames,
19,2,32,4.0,Smash,63499.0,success,19_set2_rally32_ball4_Smash.mp4,51 frames,
19,2,33,5.0,Smash,63893.0,success,19_set2_rally33_ball5_Smash.mp4,51 frames,
19,3,1,6.0,Smash,67449.0,success,19_set3_rally1_ball6_Smash.mp4,51 frames,
19,3,3,3.0,Smash,68457.0,success,19_set3_rally3_ball3_Smash.mp4,51 frames,
19,3,3,14.0,Smash,68699.0,success,19_set3_rally3_ball14_Smash.mp4,51 frames,
19,3,4,11.0,Smash,69525.0,success,19_set3_rally4_ball11_Smash.mp4,51 frames,
19,3,6,2.0,Smash,71670.0,success,19_set3_rally6_ball2_Smash.mp4,51 frames,
19,3,9,4.0,Smash,74452.0,success,19_set3_rally9_ball4_Smash.mp4,51 frames,
19,3,10,8.0,Smash,75203.0,success,19_set3_rally10_ball8_Smash.mp4,51 frames,
19,3,10,11.0,Smash,75272.0,success,19_set3_rally10_ball11_Smash.mp4,51 frames,
19,3,10,14.0,Smash,75336.0,success,19_set3_rally10_ball14_Smash.mp4,51 frames,
19,3,10,17.0,Smash,75406.0,success,19_set3_rally10_ball17_Smash.mp4,51 frames,
19,3,10,20.0,Smash,75473.0,success,19_set3_rally10_ball20_Smash.mp4,51 frames,
19,3,10,24.0,Clear,75553.0,success,19_set3_rally10_ball24_Clear.mp4,51 frames,
19,3,11,16.0,Smash,77033.0,success,19_set3_rally11_ball16_Smash.mp4,51 frames,
19,3,11,22.0,Clear,77173.0,success,19_set3_rally11_ball22_Clear.mp4,51 frames,
19,3,11,23.0,Clear,77210.0,success,19_set3_rally11_ball23_Clear.mp4,51 frames,
19,3,12,4.0,Smash,78530.0,success,19_set3_rally12_ball4_Smash.mp4,51 frames,
19,3,12,7.0,Smash,78605.0,success,19_set3_rally12_ball7_Smash.mp4,51 frames,
19,3,13,10.0,Clear,80161.0,success,19_set3_rally13_ball10_Clear.mp4,51 frames,
19,3,14,3.0,Smash,80716.0,success,19_set3_rally14_ball3_Smash.mp4,51 frames,
19,3,14,10.0,Smash,80847.0,success,19_set3_rally14_ball10_Smash.mp4,51 frames,
19,3,15,6.0,Smash,82025.0,success,19_set3_rally15_ball6_Smash.mp4,51 frames,
19,3,16,4.0,Smash,82684.0,success,19_set3_rally16_ball4_Smash.mp4,51 frames,
19,3,16,12.0,Smash,82902.0,success,19_set3_rally16_ball12_Smash.mp4,51 frames,
19,3,17,3.0,Smash,83759.0,success,19_set3_rally17_ball3_Smash.mp4,51 frames,
19,3,17,13.0,Clear,83946.0,success,19_set3_rally17_ball13_Clear.mp4,51 frames,
19,3,17,14.0,Smash,83976.0,success,19_set3_rally17_ball14_Smash.mp4,51 frames,
19,3,17,18.0,Smash,84063.0,success,19_set3_rally17_ball18_Smash.mp4,51 frames,
19,3,20,13.0,Smash,86823.0,success,19_set3_rally20_ball13_Smash.mp4,51 frames,
19,3,21,10.0,Smash,87710.0,success,19_set3_rally21_ball10_Smash.mp4,51 frames,
19,3,22,7.0,Smash,90185.0,success,19_set3_rally22_ball7_Smash.mp4,51 frames,
19,3,22,10.0,Smash,90248.0,success,19_set3_rally22_ball10_Smash.mp4,51 frames,
19,3,22,13.0,Smash,90318.0,success,19_set3_rally22_ball13_Smash.mp4,51 frames,
19,3,22,16.0,Smash,90375.0,success,19_set3_rally22_ball16_Smash.mp4,51 frames,
19,3,22,19.0,Smash,90428.0,success,19_set3_rally22_ball19_Smash.mp4,51 frames,
19,3,23,11.0,Smash,91578.0,success,19_set3_rally23_ball11_Smash.mp4,51 frames,
19,3,25,4.0,Smash,93527.0,success,19_set3_rally25_ball4_Smash.mp4,51 frames,
19,3,25,8.0,Smash,93614.0,success,19_set3_rally25_ball8_Smash.mp4,51 frames,
19,3,25,15.0,Smash,93747.0,success,19_set3_rally25_ball15_Smash.mp4,51 frames,
19,3,25,18.0,Smash,93815.0,success,19_set3_rally25_ball18_Smash.mp4,51 frames,
19,3,25,28.0,Smash,94070.0,success,19_set3_rally25_ball28_Smash.mp4,51 frames,
19,3,26,3.0,Smash,95561.0,success,19_set3_rally26_ball3_Smash.mp4,51 frames,
19,3,26,8.0,Smash,95687.0,success,19_set3_rally26_ball8_Smash.mp4,51 frames,
19,3,28,6.0,Smash,97666.0,success,19_set3_rally28_ball6_Smash.mp4,51 frames,
19,3,30,3.0,Smash,99079.0,success,19_set3_rally30_ball3_Smash.mp4,51 frames,
19,3,31,5.0,Smash,100470.0,success,19_set3_rally31_ball5_Smash.mp4,51 frames,
19,3,31,9.0,Smash,100556.0,success,19_set3_rally31_ball9_Smash.mp4,51 frames,
19,3,33,4.0,Smash,101963.0,success,19_set3_rally33_ball4_Smash.mp4,51 frames,
19,3,35,3.0,Smash,103507.0,success,19_set3_rally35_ball3_Smash.mp4,51 frames,
19,3,36,4.0,Smash,104060.0,success,19_set3_rally36_ball4_Smash.mp4,51 frames,
19,3,36,7.0,Smash,104126.0,success,19_set3_rally36_ball7_Smash.mp4,51 frames,
19,3,36,10.0,Smash,104182.0,success,19_set3_rally36_ball10_Smash.mp4,51 frames,
19,3,36,13.0,Smash,104249.0,success,19_set3_rally36_ball13_Smash.mp4,51 frames,
19,3,37,3.0,Smash,105592.0,success,19_set3_rally37_ball3_Smash.mp4,51 frames,
19,3,38,4.0,Smash,106841.0,success,19_set3_rally38_ball4_Smash.mp4,51 frames,
19,3,38,8.0,Smash,106934.0,success,19_set3_rally38_ball8_Smash.mp4,51 frames,
19,3,38,11.0,Smash,107003.0,success,19_set3_rally38_ball11_Smash.mp4,51 frames,
19,3,38,15.0,Smash,107086.0,success,19_set3_rally38_ball15_Smash.mp4,51 frames,
19,3,39,5.0,Smash,108044.0,success,19_set3_rally39_ball5_Smash.mp4,51 frames,
19,3,40,4.0,Smash,109157.0,success,19_set3_rally40_ball4_Smash.mp4,51 frames,
19,3,41,5.0,Smash,110122.0,success,19_set3_rally41_ball5_Smash.mp4,51 frames,
20,1,2,5.0,Smash,12472.0,success,20_set1_rally2_ball5_Smash.mp4,51 frames,
20,1,3,3.0,Smash,13257.0,success,20_set1_rally3_ball3_Smash.mp4,51 frames,
20,1,4,6.0,Clear,13877.0,success,20_set1_rally4_ball6_Clear.mp4,51 frames,
20,1,4,14.0,Clear,14060.0,success,20_set1_rally4_ball14_Clear.mp4,51 frames,
20,1,5,4.0,Smash,14604.0,success,20_set1_rally5_ball4_Smash.mp4,51 frames,
20,1,6,13.0,Smash,15252.0,success,20_set1_rally6_ball13_Smash.mp4,51 frames,
20,1,7,3.0,Smash,15763.0,success,20_set1_rally7_ball3_Smash.mp4,51 frames,
20,1,8,5.0,Smash,16228.0,success,20_set1_rally8_ball5_Smash.mp4,51 frames,
20,1,9,8.0,Clear,17283.0,success,20_set1_rally9_ball8_Clear.mp4,51 frames,
20,1,12,4.0,Smash,19831.0,success,20_set1_rally12_ball4_Smash.mp4,51 frames,
20,1,13,10.0,Clear,20455.0,success,20_set1_rally13_ball10_Clear.mp4,51 frames,
20,1,13,11.0,Clear,20487.0,success,20_set1_rally13_ball11_Clear.mp4,51 frames,
20,1,15,24.0,Smash,22155.0,success,20_set1_rally15_ball24_Smash.mp4,51 frames,
20,1,17,14.0,Clear,23848.0,success,20_set1_rally17_ball14_Clear.mp4,51 frames,
20,1,17,18.0,Smash,23941.0,success,20_set1_rally17_ball18_Smash.mp4,51 frames,
20,1,17,22.0,Clear,24044.0,success,20_set1_rally17_ball22_Clear.mp4,51 frames,
20,1,17,26.0,Clear,24153.0,success,20_set1_rally17_ball26_Clear.mp4,51 frames,
20,1,24,10.0,Clear,31570.0,success,20_set1_rally24_ball10_Clear.mp4,51 frames,
20,1,31,5.0,Clear,37139.0,success,20_set1_rally31_ball5_Clear.mp4,51 frames,
20,1,31,13.0,Clear,37327.0,success,20_set1_rally31_ball13_Clear.mp4,51 frames,
20,1,31,14.0,Smash,37350.0,success,20_set1_rally31_ball14_Smash.mp4,51 frames,
20,1,32,4.0,Smash,37923.0,success,20_set1_rally32_ball4_Smash.mp4,51 frames,
20,1,32,7.0,Smash,37996.0,success,20_set1_rally32_ball7_Smash.mp4,51 frames,
20,1,32,15.0,Clear,38162.0,success,20_set1_rally32_ball15_Clear.mp4,51 frames,
20,2,1,10.0,Smash,44335.0,success,20_set2_rally1_ball10_Smash.mp4,51 frames,
20,2,6,6.0,Smash,47608.0,success,20_set2_rally6_ball6_Smash.mp4,51 frames,
20,2,8,14.0,Smash,48934.0,success,20_set2_rally8_ball14_Smash.mp4,51 frames,
20,2,10,9.0,Smash,51026.0,success,20_set2_rally10_ball9_Smash.mp4,51 frames,
20,2,11,12.0,Clear,51915.0,success,20_set2_rally11_ball12_Clear.mp4,51 frames,
20,2,13,4.0,Smash,53586.0,success,20_set2_rally13_ball4_Smash.mp4,51 frames,
20,2,14,4.0,Clear,54314.0,success,20_set2_rally14_ball4_Clear.mp4,51 frames,
20,2,15,17.0,Clear,55276.0,success,20_set2_rally15_ball17_Clear.mp4,51 frames,
20,2,21,6.0,Clear,62448.0,success,20_set2_rally21_ball6_Clear.mp4,51 frames,
20,2,21,7.0,Smash,62477.0,success,20_set2_rally21_ball7_Smash.mp4,51 frames,
20,2,22,12.0,Smash,63245.0,success,20_set2_rally22_ball12_Smash.mp4,51 frames,
20,2,23,8.0,Smash,64448.0,success,20_set2_rally23_ball8_Smash.mp4,51 frames,
20,2,26,4.0,Smash,66395.0,success,20_set2_rally26_ball4_Smash.mp4,51 frames,
20,2,27,14.0,Clear,67418.0,success,20_set2_rally27_ball14_Clear.mp4,51 frames,
20,2,27,24.0,Smash,67683.0,success,20_set2_rally27_ball24_Smash.mp4,51 frames,
20,2,30,2.0,Smash,70413.0,success,20_set2_rally30_ball2_Smash.mp4,51 frames,
20,2,32,7.0,Smash,72275.0,success,20_set2_rally32_ball7_Smash.mp4,51 frames,
20,2,32,11.0,Smash,72379.0,success,20_set2_rally32_ball11_Smash.mp4,51 frames,
20,2,35,3.0,Clear,74967.0,success,20_set2_rally35_ball3_Clear.mp4,51 frames,
20,2,35,4.0,Smash,75007.0,success,20_set2_rally35_ball4_Smash.mp4,51 frames,
21,1,2,4.0,Smash,13753.0,success,21_set1_rally2_ball4_Smash.mp4,61 frames,
21,1,3,3.0,Clear,14600.0,success,21_set1_rally3_ball3_Clear.mp4,61 frames,
21,1,3,6.0,Smash,14690.0,success,21_set1_rally3_ball6_Smash.mp4,61 frames,
21,1,4,2.0,Smash,15241.0,success,21_set1_rally4_ball2_Smash.mp4,61 frames,
21,1,5,2.0,Clear,15798.0,success,21_set1_rally5_ball2_Clear.mp4,61 frames,
21,1,5,3.0,Clear,15833.0,success,21_set1_rally5_ball3_Clear.mp4,61 frames,
21,1,6,2.0,Smash,16580.0,success,21_set1_rally6_ball2_Smash.mp4,61 frames,
21,1,6,7.0,Clear,16688.0,success,21_set1_rally6_ball7_Clear.mp4,61 frames,
21,1,6,8.0,Clear,16723.0,success,21_set1_rally6_ball8_Clear.mp4,61 frames,
21,1,6,9.0,Smash,16762.0,success,21_set1_rally6_ball9_Smash.mp4,61 frames,
21,1,7,2.0,Smash,17359.0,success,21_set1_rally7_ball2_Smash.mp4,61 frames,
21,1,7,7.0,Smash,17519.0,success,21_set1_rally7_ball7_Smash.mp4,61 frames,
21,1,8,4.0,Smash,18472.0,success,21_set1_rally8_ball4_Smash.mp4,61 frames,
21,1,10,2.0,Clear,19614.0,success,21_set1_rally10_ball2_Clear.mp4,61 frames,
21,1,10,6.0,Clear,19730.0,success,21_set1_rally10_ball6_Clear.mp4,61 frames,
21,1,10,7.0,Clear,19760.0,success,21_set1_rally10_ball7_Clear.mp4,61 frames,
21,1,10,8.0,Smash,19785.0,success,21_set1_rally10_ball8_Smash.mp4,61 frames,
21,1,10,11.0,Clear,19863.0,success,21_set1_rally10_ball11_Clear.mp4,61 frames,
21,1,10,12.0,Smash,19886.0,success,21_set1_rally10_ball12_Smash.mp4,61 frames,
21,1,11,2.0,Smash,21214.0,success,21_set1_rally11_ball2_Smash.mp4,61 frames,
21,1,11,6.0,Smash,21318.0,success,21_set1_rally11_ball6_Smash.mp4,61 frames,
21,1,12,8.0,Smash,22437.0,success,21_set1_rally12_ball8_Smash.mp4,61 frames,
21,1,12,11.0,Smash,22505.0,success,21_set1_rally12_ball11_Smash.mp4,61 frames,
21,1,13,3.0,Smash,23205.0,success,21_set1_rally13_ball3_Smash.mp4,61 frames,
21,1,13,6.0,Smash,23290.0,success,21_set1_rally13_ball6_Smash.mp4,61 frames,
21,1,13,11.0,Clear,23412.0,success,21_set1_rally13_ball11_Clear.mp4,61 frames,
21,1,13,12.0,Smash,23452.0,success,21_set1_rally13_ball12_Smash.mp4,61 frames,
21,1,13,15.0,Smash,23535.0,success,21_set1_rally13_ball15_Smash.mp4,61 frames,
21,1,16,4.0,Smash,25676.0,success,21_set1_rally16_ball4_Smash.mp4,61 frames,
21,1,17,2.0,Smash,26752.0,success,21_set1_rally17_ball2_Smash.mp4,61 frames,
21,1,17,5.0,Clear,26829.0,success,21_set1_rally17_ball5_Clear.mp4,61 frames,
21,1,18,8.0,Smash,27712.0,success,21_set1_rally18_ball8_Smash.mp4,61 frames,
21,1,18,12.0,Clear,27836.0,success,21_set1_rally18_ball12_Clear.mp4,61 frames,
21,1,18,13.0,Smash,27868.0,success,21_set1_rally18_ball13_Smash.mp4,61 frames,
21,1,19,2.0,Clear,30246.0,success,21_set1_rally19_ball2_Clear.mp4,61 frames,
21,1,19,3.0,Smash,30281.0,success,21_set1_rally19_ball3_Smash.mp4,61 frames,
21,1,19,6.0,Clear,30345.0,success,21_set1_rally19_ball6_Clear.mp4,61 frames,
21,1,19,7.0,Clear,30379.0,success,21_set1_rally19_ball7_Clear.mp4,61 frames,
21,1,19,8.0,Smash,30417.0,success,21_set1_rally19_ball8_Smash.mp4,61 frames,
21,1,19,16.0,Smash,30676.0,success,21_set1_rally19_ball16_Smash.mp4,61 frames,
21,1,21,4.0,Smash,32063.0,success,21_set1_rally21_ball4_Smash.mp4,61 frames,
21,1,21,6.0,Smash,32095.0,success,21_set1_rally21_ball6_Smash.mp4,61 frames,
21,1,23,4.0,Smash,33547.0,success,21_set1_rally23_ball4_Smash.mp4,61 frames,
21,1,23,7.0,Smash,33625.0,success,21_set1_rally23_ball7_Smash.mp4,61 frames,
21,1,24,2.0,Clear,34897.0,success,21_set1_rally24_ball2_Clear.mp4,61 frames,
21,1,24,3.0,Clear,34946.0,success,21_set1_rally24_ball3_Clear.mp4,61 frames,
21,1,24,4.0,Clear,34981.0,success,21_set1_rally24_ball4_Clear.mp4,61 frames,
21,1,24,7.0,Clear,35068.0,success,21_set1_rally24_ball7_Clear.mp4,61 frames,
21,1,24,8.0,Clear,35090.0,success,21_set1_rally24_ball8_Clear.mp4,61 frames,
21,1,24,9.0,Clear,35139.0,success,21_set1_rally24_ball9_Clear.mp4,61 frames,
21,1,24,10.0,Smash,35174.0,success,21_set1_rally24_ball10_Smash.mp4,61 frames,
21,1,25,8.0,Clear,37701.0,success,21_set1_rally25_ball8_Clear.mp4,61 frames,
21,1,26,8.0,Clear,38556.0,success,21_set1_rally26_ball8_Clear.mp4,61 frames,
21,1,26,9.0,Smash,38575.0,success,21_set1_rally26_ball9_Smash.mp4,61 frames,
21,1,26,11.0,Smash,38612.0,success,21_set1_rally26_ball11_Smash.mp4,61 frames,
21,1,27,6.0,Clear,39619.0,success,21_set1_rally27_ball6_Clear.mp4,61 frames,
21,1,27,7.0,Smash,39660.0,success,21_set1_rally27_ball7_Smash.mp4,61 frames,
21,1,30,2.0,Clear,41822.0,success,21_set1_rally30_ball2_Clear.mp4,61 frames,
21,1,30,3.0,Smash,41872.0,success,21_set1_rally30_ball3_Smash.mp4,61 frames,
21,1,30,8.0,Clear,42014.0,success,21_set1_rally30_ball8_Clear.mp4,61 frames,
21,1,30,14.0,Clear,42219.0,success,21_set1_rally30_ball14_Clear.mp4,61 frames,
21,1,30,15.0,Clear,42253.0,success,21_set1_rally30_ball15_Clear.mp4,61 frames,
21,1,30,16.0,Smash,42296.0,success,21_set1_rally30_ball16_Smash.mp4,61 frames,
21,1,31,4.0,Smash,43195.0,success,21_set1_rally31_ball4_Smash.mp4,61 frames,
21,1,32,2.0,Clear,44669.0,success,21_set1_rally32_ball2_Clear.mp4,61 frames,
21,1,32,3.0,Smash,44700.0,success,21_set1_rally32_ball3_Smash.mp4,61 frames,
21,1,33,4.0,Smash,45334.0,success,21_set1_rally33_ball4_Smash.mp4,61 frames,
21,1,33,9.0,Clear,45464.0,success,21_set1_rally33_ball9_Clear.mp4,61 frames,
21,1,33,10.0,Smash,45497.0,success,21_set1_rally33_ball10_Smash.mp4,61 frames,
21,1,33,12.0,Smash,45547.0,success,21_set1_rally33_ball12_Smash.mp4,61 frames,
21,1,34,2.0,Clear,46478.0,success,21_set1_rally34_ball2_Clear.mp4,61 frames,
21,1,34,3.0,Clear,46506.0,success,21_set1_rally34_ball3_Clear.mp4,61 frames,
21,1,34,4.0,Smash,46538.0,success,21_set1_rally34_ball4_Smash.mp4,61 frames,
21,1,34,8.0,Smash,46648.0,success,21_set1_rally34_ball8_Smash.mp4,61 frames,
21,1,37,4.0,Smash,49893.0,success,21_set1_rally37_ball4_Smash.mp4,61 frames,
21,1,38,2.0,Smash,50717.0,success,21_set1_rally38_ball2_Smash.mp4,61 frames,
21,1,41,3.0,Smash,53315.0,success,21_set1_rally41_ball3_Smash.mp4,61 frames,
21,1,41,8.0,Smash,53462.0,success,21_set1_rally41_ball8_Smash.mp4,61 frames,
21,1,41,12.0,Smash,53566.0,success,21_set1_rally41_ball12_Smash.mp4,61 frames,
21,1,42,5.0,Smash,54528.0,success,21_set1_rally42_ball5_Smash.mp4,61 frames,
21,1,42,8.0,Smash,54604.0,success,21_set1_rally42_ball8_Smash.mp4,61 frames,
21,1,42,15.0,Clear,54792.0,success,21_set1_rally42_ball15_Clear.mp4,61 frames,
21,1,42,18.0,Clear,54894.0,success,21_set1_rally42_ball18_Clear.mp4,61 frames,
21,1,42,19.0,Clear,54924.0,success,21_set1_rally42_ball19_Clear.mp4,61 frames,
21,1,42,20.0,Clear,54957.0,success,21_set1_rally42_ball20_Clear.mp4,61 frames,
21,1,42,24.0,Clear,55094.0,success,21_set1_rally42_ball24_Clear.mp4,61 frames,
21,1,42,25.0,Clear,55123.0,success,21_set1_rally42_ball25_Clear.mp4,61 frames,
21,1,42,26.0,Clear,55157.0,success,21_set1_rally42_ball26_Clear.mp4,61 frames,
21,1,42,27.0,Smash,55194.0,success,21_set1_rally42_ball27_Smash.mp4,61 frames,
21,1,42,30.0,Smash,55295.0,success,21_set1_rally42_ball30_Smash.mp4,61 frames,
21,1,42,34.0,Smash,55430.0,success,21_set1_rally42_ball34_Smash.mp4,61 frames,
21,1,42,37.0,Clear,55515.0,success,21_set1_rally42_ball37_Clear.mp4,61 frames,
21,1,42,38.0,Clear,55544.0,success,21_set1_rally42_ball38_Clear.mp4,61 frames,
21,2,2,4.0,Clear,61350.0,success,21_set2_rally2_ball4_Clear.mp4,61 frames,
21,2,2,5.0,Clear,61382.0,success,21_set2_rally2_ball5_Clear.mp4,61 frames,
21,2,2,6.0,Smash,61419.0,success,21_set2_rally2_ball6_Smash.mp4,61 frames,
21,2,3,4.0,Smash,62318.0,success,21_set2_rally3_ball4_Smash.mp4,61 frames,
21,2,6,3.0,Smash,64661.0,success,21_set2_rally6_ball3_Smash.mp4,61 frames,
21,2,6,7.0,Smash,64785.0,success,21_set2_rally6_ball7_Smash.mp4,61 frames,
21,2,7,3.0,Smash,65507.0,success,21_set2_rally7_ball3_Smash.mp4,61 frames,
21,2,8,3.0,Smash,66444.0,success,21_set2_rally8_ball3_Smash.mp4,61 frames,
21,2,9,2.0,Smash,67180.0,success,21_set2_rally9_ball2_Smash.mp4,61 frames,
21,2,9,5.0,Clear,67259.0,success,21_set2_rally9_ball5_Clear.mp4,61 frames,
21,2,9,6.0,Smash,67299.0,success,21_set2_rally9_ball6_Smash.mp4,61 frames,
21,2,11,5.0,Smash,70218.0,success,21_set2_rally11_ball5_Smash.mp4,61 frames,
21,2,12,3.0,Clear,71063.0,success,21_set2_rally12_ball3_Clear.mp4,61 frames,
21,2,12,6.0,Smash,71152.0,success,21_set2_rally12_ball6_Smash.mp4,61 frames,
21,2,13,2.0,Clear,71926.0,success,21_set2_rally13_ball2_Clear.mp4,61 frames,
21,2,13,3.0,Clear,71957.0,success,21_set2_rally13_ball3_Clear.mp4,61 frames,
21,2,13,7.0,Smash,72084.0,success,21_set2_rally13_ball7_Smash.mp4,61 frames,
21,2,15,3.0,Clear,73457.0,success,21_set2_rally15_ball3_Clear.mp4,61 frames,
21,2,15,4.0,Clear,73489.0,success,21_set2_rally15_ball4_Clear.mp4,61 frames,
21,2,15,5.0,Smash,73512.0,success,21_set2_rally15_ball5_Smash.mp4,61 frames,
21,2,15,10.0,Clear,73678.0,success,21_set2_rally15_ball10_Clear.mp4,61 frames,
21,2,15,11.0,Clear,73708.0,success,21_set2_rally15_ball11_Clear.mp4,61 frames,
21,2,15,12.0,Smash,73743.0,success,21_set2_rally15_ball12_Smash.mp4,61 frames,
21,2,15,15.0,Smash,73815.0,success,21_set2_rally15_ball15_Smash.mp4,61 frames,
21,2,17,2.0,Clear,75781.0,success,21_set2_rally17_ball2_Clear.mp4,61 frames,
21,2,17,3.0,Clear,75819.0,success,21_set2_rally17_ball3_Clear.mp4,61 frames,
21,2,17,4.0,Clear,75856.0,success,21_set2_rally17_ball4_Clear.mp4,61 frames,
21,2,17,5.0,Smash,75885.0,success,21_set2_rally17_ball5_Smash.mp4,61 frames,
21,2,19,4.0,Smash,77556.0,success,21_set2_rally19_ball4_Smash.mp4,61 frames,
21,2,19,10.0,Clear,77722.0,success,21_set2_rally19_ball10_Clear.mp4,61 frames,
21,2,19,11.0,Clear,77749.0,success,21_set2_rally19_ball11_Clear.mp4,61 frames,
21,2,19,12.0,Smash,77796.0,success,21_set2_rally19_ball12_Smash.mp4,61 frames,
21,2,20,2.0,Smash,79419.0,success,21_set2_rally20_ball2_Smash.mp4,61 frames,
21,2,20,5.0,Smash,79515.0,success,21_set2_rally20_ball5_Smash.mp4,61 frames,
21,2,21,3.0,Smash,80441.0,success,21_set2_rally21_ball3_Smash.mp4,61 frames,
21,2,21,7.0,Smash,80570.0,success,21_set2_rally21_ball7_Smash.mp4,61 frames,
21,2,23,2.0,Clear,83598.0,success,21_set2_rally23_ball2_Clear.mp4,61 frames,
21,2,23,3.0,Smash,83634.0,success,21_set2_rally23_ball3_Smash.mp4,61 frames,
21,2,23,9.0,Clear,83831.0,success,21_set2_rally23_ball9_Clear.mp4,61 frames,
21,2,23,17.0,Clear,84096.0,success,21_set2_rally23_ball17_Clear.mp4,61 frames,
21,2,23,18.0,Clear,84127.0,success,21_set2_rally23_ball18_Clear.mp4,61 frames,
21,2,23,19.0,Clear,84162.0,success,21_set2_rally23_ball19_Clear.mp4,61 frames,
21,2,23,20.0,Smash,84197.0,success,21_set2_rally23_ball20_Smash.mp4,61 frames,
21,2,25,2.0,Smash,85712.0,success,21_set2_rally25_ball2_Smash.mp4,61 frames,
21,2,25,5.0,Smash,85803.0,success,21_set2_rally25_ball5_Smash.mp4,61 frames,
21,2,25,8.0,Clear,85875.0,success,21_set2_rally25_ball8_Clear.mp4,61 frames,
21,2,25,9.0,Smash,85906.0,success,21_set2_rally25_ball9_Smash.mp4,61 frames,
21,2,26,4.0,Clear,86615.0,success,21_set2_rally26_ball4_Clear.mp4,61 frames,
21,2,27,7.0,Smash,87897.0,success,21_set2_rally27_ball7_Smash.mp4,61 frames,
21,2,28,3.0,Smash,88610.0,success,21_set2_rally28_ball3_Smash.mp4,61 frames,
21,2,28,5.0,Clear,88656.0,success,21_set2_rally28_ball5_Clear.mp4,61 frames,
21,2,28,6.0,Smash,88691.0,success,21_set2_rally28_ball6_Smash.mp4,61 frames,
21,2,28,15.0,Smash,88924.0,success,21_set2_rally28_ball15_Smash.mp4,61 frames,
21,2,29,7.0,Clear,89814.0,success,21_set2_rally29_ball7_Clear.mp4,61 frames,
21,2,29,8.0,Smash,89844.0,success,21_set2_rally29_ball8_Smash.mp4,61 frames,
21,2,29,11.0,Clear,89932.0,success,21_set2_rally29_ball11_Clear.mp4,61 frames,
21,2,29,12.0,Clear,89965.0,success,21_set2_rally29_ball12_Clear.mp4,61 frames,
21,2,30,3.0,Clear,90888.0,success,21_set2_rally30_ball3_Clear.mp4,61 frames,
21,2,30,4.0,Smash,90917.0,success,21_set2_rally30_ball4_Smash.mp4,61 frames,
21,2,32,6.0,Smash,92334.0,success,21_set2_rally32_ball6_Smash.mp4,61 frames,
21,2,32,9.0,Smash,92416.0,success,21_set2_rally32_ball9_Smash.mp4,61 frames,
22,1,1,2.0,Clear,12054.0,success,22_set1_rally1_ball2_Clear.mp4,61 frames,
22,1,1,10.0,Clear,12294.0,success,22_set1_rally1_ball10_Clear.mp4,61 frames,
22,1,1,11.0,Clear,12336.0,success,22_set1_rally1_ball11_Clear.mp4,61 frames,
22,1,1,12.0,Clear,12361.0,success,22_set1_rally1_ball12_Clear.mp4,61 frames,
22,1,1,13.0,Clear,12402.0,success,22_set1_rally1_ball13_Clear.mp4,61 frames,
22,1,1,14.0,Clear,12437.0,success,22_set1_rally1_ball14_Clear.mp4,61 frames,
22,1,1,15.0,Clear,12463.0,success,22_set1_rally1_ball15_Clear.mp4,61 frames,
22,1,3,2.0,Smash,14164.0,success,22_set1_rally3_ball2_Smash.mp4,61 frames,
22,1,3,7.0,Clear,14303.0,success,22_set1_rally3_ball7_Clear.mp4,61 frames,
22,1,4,2.0,Smash,15071.0,success,22_set1_rally4_ball2_Smash.mp4,61 frames,
22,1,5,2.0,Clear,15999.0,success,22_set1_rally5_ball2_Clear.mp4,61 frames,
22,1,5,3.0,Smash,16043.0,success,22_set1_rally5_ball3_Smash.mp4,61 frames,
22,1,6,4.0,Clear,17023.0,success,22_set1_rally6_ball4_Clear.mp4,61 frames,
22,1,6,5.0,Smash,17056.0,success,22_set1_rally6_ball5_Smash.mp4,61 frames,
22,1,7,4.0,Clear,17719.0,success,22_set1_rally7_ball4_Clear.mp4,61 frames,
22,1,7,5.0,Clear,17755.0,success,22_set1_rally7_ball5_Clear.mp4,61 frames,
22,1,7,6.0,Smash,17796.0,success,22_set1_rally7_ball6_Smash.mp4,61 frames,
22,1,8,3.0,Clear,18381.0,success,22_set1_rally8_ball3_Clear.mp4,61 frames,
22,1,8,4.0,Clear,18414.0,success,22_set1_rally8_ball4_Clear.mp4,61 frames,
22,1,10,2.0,Smash,19660.0,success,22_set1_rally10_ball2_Smash.mp4,61 frames,
22,1,10,6.0,Clear,19748.0,success,22_set1_rally10_ball6_Clear.mp4,61 frames,
22,1,10,7.0,Clear,19776.0,success,22_set1_rally10_ball7_Clear.mp4,61 frames,
22,1,10,9.0,Smash,19849.0,success,22_set1_rally10_ball9_Smash.mp4,61 frames,
22,1,13,3.0,Clear,22509.0,success,22_set1_rally13_ball3_Clear.mp4,61 frames,
22,1,15,3.0,Clear,23751.0,success,22_set1_rally15_ball3_Clear.mp4,61 frames,
22,1,15,4.0,Clear,23796.0,success,22_set1_rally15_ball4_Clear.mp4,61 frames,
22,1,15,8.0,Smash,23926.0,success,22_set1_rally15_ball8_Smash.mp4,61 frames,
22,1,16,4.0,Clear,24649.0,success,22_set1_rally16_ball4_Clear.mp4,61 frames,
22,1,17,2.0,Smash,25315.0,success,22_set1_rally17_ball2_Smash.mp4,61 frames,
22,1,17,13.0,Smash,25614.0,success,22_set1_rally17_ball13_Smash.mp4,61 frames,
22,1,17,16.0,Clear,25675.0,success,22_set1_rally17_ball16_Clear.mp4,61 frames,
22,1,17,20.0,Clear,25831.0,success,22_set1_rally17_ball20_Clear.mp4,61 frames,
22,1,17,21.0,Clear,25866.0,success,22_set1_rally17_ball21_Clear.mp4,61 frames,
22,1,17,22.0,Smash,25895.0,success,22_set1_rally17_ball22_Smash.mp4,61 frames,
22,1,18,15.0,Clear,27826.0,success,22_set1_rally18_ball15_Clear.mp4,61 frames,
22,1,18,16.0,Smash,27874.0,success,22_set1_rally18_ball16_Smash.mp4,61 frames,
22,1,19,3.0,Clear,28711.0,success,22_set1_rally19_ball3_Clear.mp4,61 frames,
22,1,19,9.0,Clear,28879.0,success,22_set1_rally19_ball9_Clear.mp4,61 frames,
22,1,19,10.0,Clear,28910.0,success,22_set1_rally19_ball10_Clear.mp4,61 frames,
22,1,19,11.0,Smash,28941.0,success,22_set1_rally19_ball11_Smash.mp4,61 frames,
22,1,22,3.0,Clear,32222.0,success,22_set1_rally22_ball3_Clear.mp4,61 frames,
22,1,22,4.0,Smash,32245.0,success,22_set1_rally22_ball4_Smash.mp4,61 frames,
22,1,23,2.0,Smash,32990.0,success,22_set1_rally23_ball2_Smash.mp4,61 frames,
22,1,23,4.0,Smash,33020.0,success,22_set1_rally23_ball4_Smash.mp4,61 frames,
22,1,24,6.0,Clear,33875.0,success,22_set1_rally24_ball6_Clear.mp4,61 frames,
22,1,24,7.0,Smash,33898.0,success,22_set1_rally24_ball7_Smash.mp4,61 frames,
22,1,25,3.0,Clear,34521.0,success,22_set1_rally25_ball3_Clear.mp4,61 frames,
22,1,25,4.0,Clear,34556.0,success,22_set1_rally25_ball4_Clear.mp4,61 frames,
22,1,25,5.0,Clear,34592.0,success,22_set1_rally25_ball5_Clear.mp4,61 frames,
22,1,25,6.0,Smash,34624.0,success,22_set1_rally25_ball6_Smash.mp4,61 frames,
22,1,26,8.0,Smash,35500.0,success,22_set1_rally26_ball8_Smash.mp4,61 frames,
22,1,26,12.0,Smash,35595.0,success,22_set1_rally26_ball12_Smash.mp4,61 frames,
22,1,26,15.0,Clear,35674.0,success,22_set1_rally26_ball15_Clear.mp4,61 frames,
22,1,26,18.0,Clear,35759.0,success,22_set1_rally26_ball18_Clear.mp4,61 frames,
22,1,26,21.0,Clear,35853.0,success,22_set1_rally26_ball21_Clear.mp4,61 frames,
22,1,28,3.0,Clear,37304.0,success,22_set1_rally28_ball3_Clear.mp4,61 frames,
22,1,28,4.0,Clear,37338.0,success,22_set1_rally28_ball4_Clear.mp4,61 frames,
22,1,28,7.0,Clear,37429.0,success,22_set1_rally28_ball7_Clear.mp4,61 frames,
22,1,28,12.0,Clear,37596.0,success,22_set1_rally28_ball12_Clear.mp4,61 frames,
22,1,31,10.0,Clear,40272.0,success,22_set1_rally31_ball10_Clear.mp4,61 frames,
22,1,32,4.0,Clear,41164.0,success,22_set1_rally32_ball4_Clear.mp4,61 frames,
22,1,34,14.0,Clear,42471.0,success,22_set1_rally34_ball14_Clear.mp4,61 frames,
22,2,1,4.0,Clear,47024.0,success,22_set2_rally1_ball4_Clear.mp4,61 frames,
22,2,1,11.0,Clear,47212.0,success,22_set2_rally1_ball11_Clear.mp4,61 frames,
22,2,2,2.0,Smash,47839.0,success,22_set2_rally2_ball2_Smash.mp4,61 frames,
22,2,2,4.0,Smash,47875.0,success,22_set2_rally2_ball4_Smash.mp4,61 frames,
22,2,2,9.0,Clear,48011.0,success,22_set2_rally2_ball9_Clear.mp4,61 frames,
22,2,2,10.0,Smash,48042.0,success,22_set2_rally2_ball10_Smash.mp4,61 frames,
22,2,3,4.0,Clear,48758.0,success,22_set2_rally3_ball4_Clear.mp4,61 frames,
22,2,3,5.0,Smash,48784.0,success,22_set2_rally3_ball5_Smash.mp4,61 frames,
22,2,3,8.0,Clear,48862.0,success,22_set2_rally3_ball8_Clear.mp4,61 frames,
22,2,3,9.0,Clear,48889.0,success,22_set2_rally3_ball9_Clear.mp4,61 frames,
22,2,5,2.0,Clear,50194.0,success,22_set2_rally5_ball2_Clear.mp4,61 frames,
22,2,5,3.0,Smash,50218.0,success,22_set2_rally5_ball3_Smash.mp4,61 frames,
22,2,7,3.0,Clear,51488.0,success,22_set2_rally7_ball3_Clear.mp4,61 frames,
22,2,7,4.0,Clear,51515.0,success,22_set2_rally7_ball4_Clear.mp4,61 frames,
22,2,7,5.0,Smash,51545.0,success,22_set2_rally7_ball5_Smash.mp4,61 frames,
22,2,7,9.0,Clear,51633.0,success,22_set2_rally7_ball9_Clear.mp4,61 frames,
22,2,7,10.0,Clear,51672.0,success,22_set2_rally7_ball10_Clear.mp4,61 frames,
22,2,7,11.0,Clear,51705.0,success,22_set2_rally7_ball11_Clear.mp4,61 frames,
22,2,7,15.0,Smash,51849.0,success,22_set2_rally7_ball15_Smash.mp4,61 frames,
22,2,8,3.0,Clear,53117.0,success,22_set2_rally8_ball3_Clear.mp4,61 frames,
22,2,9,8.0,Clear,54361.0,success,22_set2_rally9_ball8_Clear.mp4,61 frames,
22,2,9,10.0,Smash,54431.0,success,22_set2_rally9_ball10_Smash.mp4,61 frames,
22,2,10,2.0,Smash,56208.0,success,22_set2_rally10_ball2_Smash.mp4,61 frames,
22,2,11,6.0,Clear,57040.0,success,22_set2_rally11_ball6_Clear.mp4,61 frames,
22,2,11,11.0,Smash,57167.0,success,22_set2_rally11_ball11_Smash.mp4,61 frames,
22,2,12,2.0,Smash,58245.0,success,22_set2_rally12_ball2_Smash.mp4,61 frames,
22,2,13,4.0,Smash,59175.0,success,22_set2_rally13_ball4_Smash.mp4,61 frames,
22,2,14,2.0,Clear,59894.0,success,22_set2_rally14_ball2_Clear.mp4,61 frames,
22,2,14,3.0,Smash,59926.0,success,22_set2_rally14_ball3_Smash.mp4,61 frames,
22,2,15,3.0,Clear,60688.0,success,22_set2_rally15_ball3_Clear.mp4,61 frames,
22,2,15,4.0,Clear,60720.0,success,22_set2_rally15_ball4_Clear.mp4,61 frames,
22,2,15,7.0,Clear,60785.0,success,22_set2_rally15_ball7_Clear.mp4,61 frames,
22,2,16,4.0,Smash,61551.0,success,22_set2_rally16_ball4_Smash.mp4,61 frames,
22,2,17,7.0,Clear,62325.0,success,22_set2_rally17_ball7_Clear.mp4,61 frames,
22,2,17,8.0,Smash,62357.0,success,22_set2_rally17_ball8_Smash.mp4,61 frames,
22,2,18,2.0,Smash,63046.0,success,22_set2_rally18_ball2_Smash.mp4,61 frames,
22,2,24,3.0,Smash,65993.0,success,22_set2_rally24_ball3_Smash.mp4,61 frames,
22,2,26,11.0,Clear,75517.0,success,22_set2_rally26_ball11_Clear.mp4,61 frames,
22,2,26,12.0,Clear,75554.0,success,22_set2_rally26_ball12_Clear.mp4,61 frames,
22,2,26,13.0,Clear,75587.0,success,22_set2_rally26_ball13_Clear.mp4,61 frames,
22,2,26,16.0,Clear,75675.0,success,22_set2_rally26_ball16_Clear.mp4,61 frames,
22,2,27,2.0,Smash,76824.0,success,22_set2_rally27_ball2_Smash.mp4,61 frames,
22,2,27,4.0,Smash,76877.0,success,22_set2_rally27_ball4_Smash.mp4,61 frames,
22,2,28,4.0,Clear,77675.0,success,22_set2_rally28_ball4_Clear.mp4,61 frames,
22,2,28,5.0,Clear,77712.0,success,22_set2_rally28_ball5_Clear.mp4,61 frames,
22,2,28,8.0,Smash,77802.0,success,22_set2_rally28_ball8_Smash.mp4,61 frames,
22,2,29,4.0,Smash,78521.0,success,22_set2_rally29_ball4_Smash.mp4,61 frames,
22,2,29,7.0,Smash,78592.0,success,22_set2_rally29_ball7_Smash.mp4,61 frames,
22,2,29,14.0,Clear,78779.0,success,22_set2_rally29_ball14_Clear.mp4,61 frames,
22,2,29,20.0,Clear,78968.0,success,22_set2_rally29_ball20_Clear.mp4,61 frames,
22,2,29,24.0,Clear,79114.0,success,22_set2_rally29_ball24_Clear.mp4,61 frames,
22,2,29,25.0,Clear,79144.0,success,22_set2_rally29_ball25_Clear.mp4,61 frames,
22,2,29,26.0,Clear,79184.0,success,22_set2_rally29_ball26_Clear.mp4,61 frames,
22,2,29,29.0,Clear,79267.0,success,22_set2_rally29_ball29_Clear.mp4,61 frames,
22,2,30,6.0,Clear,80848.0,success,22_set2_rally30_ball6_Clear.mp4,61 frames,
22,2,30,9.0,Clear,80944.0,success,22_set2_rally30_ball9_Clear.mp4,61 frames,
22,2,30,13.0,Clear,81038.0,success,22_set2_rally30_ball13_Clear.mp4,61 frames,
22,2,30,14.0,Clear,81070.0,success,22_set2_rally30_ball14_Clear.mp4,61 frames,
22,2,30,15.0,Clear,81114.0,success,22_set2_rally30_ball15_Clear.mp4,61 frames,
22,2,31,2.0,Smash,82154.0,success,22_set2_rally31_ball2_Smash.mp4,61 frames,
22,2,32,7.0,Clear,82975.0,success,22_set2_rally32_ball7_Clear.mp4,61 frames,
22,2,32,8.0,Smash,83005.0,success,22_set2_rally32_ball8_Smash.mp4,61 frames,
22,2,35,4.0,Smash,85238.0,success,22_set2_rally35_ball4_Smash.mp4,61 frames,
22,2,37,10.0,Clear,86934.0,success,22_set2_rally37_ball10_Clear.mp4,61 frames,
22,2,37,11.0,Smash,86975.0,success,22_set2_rally37_ball11_Smash.mp4,61 frames,
22,2,38,2.0,Smash,87915.0,success,22_set2_rally38_ball2_Smash.mp4,61 frames,
23,1,1,4.0,Clear,10917.0,success,23_set1_rally1_ball4_Clear.mp4,61 frames,
23,1,2,4.0,Clear,11495.0,success,23_set1_rally2_ball4_Clear.mp4,61 frames,
23,1,2,9.0,Smash,11651.0,success,23_set1_rally2_ball9_Smash.mp4,61 frames,
23,1,2,14.0,Clear,11782.0,success,23_set1_rally2_ball14_Clear.mp4,61 frames,
23,1,2,17.0,Clear,11867.0,success,23_set1_rally2_ball17_Clear.mp4,61 frames,
23,1,3,9.0,Clear,12587.0,success,23_set1_rally3_ball9_Clear.mp4,61 frames,
23,1,3,17.0,Smash,12834.0,success,23_set1_rally3_ball17_Smash.mp4,61 frames,
23,1,6,6.0,Smash,14838.0,success,23_set1_rally6_ball6_Smash.mp4,61 frames,
23,1,6,12.0,Clear,15007.0,success,23_set1_rally6_ball12_Clear.mp4,61 frames,
23,1,6,16.0,Smash,15168.0,success,23_set1_rally6_ball16_Smash.mp4,61 frames,
23,1,6,20.0,Clear,15275.0,success,23_set1_rally6_ball20_Clear.mp4,61 frames,
23,1,6,21.0,Smash,15307.0,success,23_set1_rally6_ball21_Smash.mp4,61 frames,
23,1,8,3.0,Clear,16860.0,success,23_set1_rally8_ball3_Clear.mp4,61 frames,
23,1,8,4.0,Clear,16889.0,success,23_set1_rally8_ball4_Clear.mp4,61 frames,
23,1,8,5.0,Smash,16924.0,success,23_set1_rally8_ball5_Smash.mp4,61 frames,
23,1,9,7.0,Smash,17732.0,success,23_set1_rally9_ball7_Smash.mp4,61 frames,
23,1,9,13.0,Clear,17875.0,success,23_set1_rally9_ball13_Clear.mp4,61 frames,
23,1,9,14.0,Clear,17920.0,success,23_set1_rally9_ball14_Clear.mp4,61 frames,
23,1,9,22.0,Smash,18198.0,success,23_set1_rally9_ball22_Smash.mp4,61 frames,
23,1,11,4.0,Smash,19835.0,success,23_set1_rally11_ball4_Smash.mp4,61 frames,
23,1,11,7.0,Smash,19927.0,success,23_set1_rally11_ball7_Smash.mp4,61 frames,
23,1,12,4.0,Smash,20916.0,success,23_set1_rally12_ball4_Smash.mp4,61 frames,
23,1,12,9.0,Clear,21053.0,success,23_set1_rally12_ball9_Clear.mp4,61 frames,
23,1,12,10.0,Smash,21078.0,success,23_set1_rally12_ball10_Smash.mp4,61 frames,
23,1,12,12.0,Smash,21115.0,success,23_set1_rally12_ball12_Smash.mp4,61 frames,
23,1,13,6.0,Smash,22164.0,success,23_set1_rally13_ball6_Smash.mp4,61 frames,
23,1,13,9.0,Smash,22245.0,success,23_set1_rally13_ball9_Smash.mp4,61 frames,
23,1,13,19.0,Smash,22490.0,success,23_set1_rally13_ball19_Smash.mp4,61 frames,
23,1,14,7.0,Clear,23294.0,success,23_set1_rally14_ball7_Clear.mp4,61 frames,
23,1,14,11.0,Clear,23418.0,success,23_set1_rally14_ball11_Clear.mp4,61 frames,
23,1,16,23.0,Smash,25698.0,success,23_set1_rally16_ball23_Smash.mp4,61 frames,
23,1,17,18.0,Smash,27100.0,success,23_set1_rally17_ball18_Smash.mp4,61 frames,
23,1,17,21.0,Smash,27182.0,success,23_set1_rally17_ball21_Smash.mp4,61 frames,
23,1,20,4.0,Smash,29725.0,success,23_set1_rally20_ball4_Smash.mp4,61 frames,
23,1,20,7.0,Smash,29800.0,success,23_set1_rally20_ball7_Smash.mp4,61 frames,
23,1,20,13.0,Smash,29965.0,success,23_set1_rally20_ball13_Smash.mp4,61 frames,
23,1,21,6.0,Smash,30739.0,success,23_set1_rally21_ball6_Smash.mp4,61 frames,
23,1,21,10.0,Smash,30834.0,success,23_set1_rally21_ball10_Smash.mp4,61 frames,
23,1,21,13.0,Smash,30907.0,success,23_set1_rally21_ball13_Smash.mp4,61 frames,
23,1,21,22.0,Smash,31147.0,success,23_set1_rally21_ball22_Smash.mp4,61 frames,
23,1,22,3.0,Smash,33768.0,success,23_set1_rally22_ball3_Smash.mp4,61 frames,
23,1,22,7.0,Clear,33882.0,success,23_set1_rally22_ball7_Clear.mp4,61 frames,
23,1,23,4.0,Clear,34591.0,success,23_set1_rally23_ball4_Clear.mp4,61 frames,
23,1,23,5.0,Smash,34643.0,success,23_set1_rally23_ball5_Smash.mp4,61 frames,
23,1,25,3.0,Smash,36370.0,success,23_set1_rally25_ball3_Smash.mp4,61 frames,
23,1,25,7.0,Clear,36480.0,success,23_set1_rally25_ball7_Clear.mp4,61 frames,
23,1,25,16.0,Clear,36762.0,success,23_set1_rally25_ball16_Clear.mp4,61 frames,
23,1,25,17.0,Smash,36797.0,success,23_set1_rally25_ball17_Smash.mp4,61 frames,
23,1,25,29.0,Clear,37146.0,success,23_set1_rally25_ball29_Clear.mp4,61 frames,
23,1,25,30.0,Clear,37179.0,success,23_set1_rally25_ball30_Clear.mp4,61 frames,
23,1,26,4.0,Smash,39282.0,success,23_set1_rally26_ball4_Smash.mp4,61 frames,
23,1,26,7.0,Smash,39357.0,success,23_set1_rally26_ball7_Smash.mp4,61 frames,
23,1,26,10.0,Clear,39435.0,success,23_set1_rally26_ball10_Clear.mp4,61 frames,
23,1,26,14.0,Smash,39581.0,success,23_set1_rally26_ball14_Smash.mp4,61 frames,
23,1,26,20.0,Clear,39762.0,success,23_set1_rally26_ball20_Clear.mp4,61 frames,
23,1,26,25.0,Clear,39921.0,success,23_set1_rally26_ball25_Clear.mp4,61 frames,
23,1,26,26.0,Smash,39966.0,success,23_set1_rally26_ball26_Smash.mp4,61 frames,
23,1,27,6.0,Smash,41331.0,success,23_set1_rally27_ball6_Smash.mp4,61 frames,
23,1,29,6.0,Smash,44009.0,success,23_set1_rally29_ball6_Smash.mp4,61 frames,
23,1,29,14.0,Smash,44202.0,success,23_set1_rally29_ball14_Smash.mp4,61 frames,
23,1,30,3.0,Smash,44918.0,success,23_set1_rally30_ball3_Smash.mp4,61 frames,
23,1,30,13.0,Smash,45180.0,success,23_set1_rally30_ball13_Smash.mp4,61 frames,
23,1,30,18.0,Clear,45297.0,success,23_set1_rally30_ball18_Clear.mp4,61 frames,
23,1,31,2.0,Smash,46027.0,success,23_set1_rally31_ball2_Smash.mp4,61 frames,
23,1,31,8.0,Smash,46189.0,success,23_set1_rally31_ball8_Smash.mp4,61 frames,
23,1,32,2.0,Smash,47899.0,success,23_set1_rally32_ball2_Smash.mp4,61 frames,
23,1,33,10.0,Smash,48750.0,success,23_set1_rally33_ball10_Smash.mp4,61 frames,
23,1,33,13.0,Smash,48827.0,success,23_set1_rally33_ball13_Smash.mp4,61 frames,
23,1,35,4.0,Smash,51322.0,success,23_set1_rally35_ball4_Smash.mp4,61 frames,
23,1,35,8.0,Smash,51451.0,success,23_set1_rally35_ball8_Smash.mp4,61 frames,
23,1,35,12.0,Clear,51559.0,success,23_set1_rally35_ball12_Clear.mp4,61 frames,
23,1,37,3.0,Smash,54233.0,success,23_set1_rally37_ball3_Smash.mp4,61 frames,
23,2,1,6.0,Smash,58981.0,success,23_set2_rally1_ball6_Smash.mp4,61 frames,
23,2,2,5.0,Clear,59725.0,success,23_set2_rally2_ball5_Clear.mp4,61 frames,
23,2,2,16.0,Smash,59992.0,success,23_set2_rally2_ball16_Smash.mp4,61 frames,
23,2,2,20.0,Clear,60101.0,success,23_set2_rally2_ball20_Clear.mp4,61 frames,
23,2,2,21.0,Clear,60136.0,success,23_set2_rally2_ball21_Clear.mp4,61 frames,
23,2,2,22.0,Clear,60168.0,success,23_set2_rally2_ball22_Clear.mp4,61 frames,
23,2,2,25.0,Clear,60261.0,success,23_set2_rally2_ball25_Clear.mp4,61 frames,
23,2,3,6.0,Smash,61213.0,success,23_set2_rally3_ball6_Smash.mp4,61 frames,
23,2,3,9.0,Clear,61307.0,success,23_set2_rally3_ball9_Clear.mp4,61 frames,
23,2,3,29.0,Clear,61891.0,success,23_set2_rally3_ball29_Clear.mp4,61 frames,
23,2,3,34.0,Smash,62065.0,success,23_set2_rally3_ball34_Smash.mp4,61 frames,
23,2,3,36.0,Smash,62114.0,success,23_set2_rally3_ball36_Smash.mp4,61 frames,
23,2,3,39.0,Clear,62190.0,success,23_set2_rally3_ball39_Clear.mp4,61 frames,
23,2,3,43.0,Clear,62340.0,success,23_set2_rally3_ball43_Clear.mp4,61 frames,
23,2,4,9.0,Smash,64675.0,success,23_set2_rally4_ball9_Smash.mp4,61 frames,
23,2,5,8.0,Clear,65350.0,success,23_set2_rally5_ball8_Clear.mp4,61 frames,
23,2,5,9.0,Smash,65400.0,success,23_set2_rally5_ball9_Smash.mp4,61 frames,
23,2,7,3.0,Smash,66642.0,success,23_set2_rally7_ball3_Smash.mp4,61 frames,
23,2,8,4.0,Smash,67217.0,success,23_set2_rally8_ball4_Smash.mp4,61 frames,
23,2,8,8.0,Clear,67329.0,success,23_set2_rally8_ball8_Clear.mp4,61 frames,
23,2,8,9.0,Smash,67376.0,success,23_set2_rally8_ball9_Smash.mp4,61 frames,
23,2,8,13.0,Clear,67471.0,success,23_set2_rally8_ball13_Clear.mp4,61 frames,
23,2,8,14.0,Smash,67514.0,success,23_set2_rally8_ball14_Smash.mp4,61 frames,
23,2,9,6.0,Smash,68370.0,success,23_set2_rally9_ball6_Smash.mp4,61 frames,
23,2,9,13.0,Smash,68557.0,success,23_set2_rally9_ball13_Smash.mp4,61 frames,
23,2,9,16.0,Clear,68635.0,success,23_set2_rally9_ball16_Clear.mp4,61 frames,
23,2,9,17.0,Smash,68667.0,success,23_set2_rally9_ball17_Smash.mp4,61 frames,
23,2,10,10.0,Clear,69471.0,success,23_set2_rally10_ball10_Clear.mp4,61 frames,
23,2,10,11.0,Smash,69500.0,success,23_set2_rally10_ball11_Smash.mp4,61 frames,
23,2,13,6.0,Clear,71798.0,success,23_set2_rally13_ball6_Clear.mp4,61 frames,
23,2,13,15.0,Clear,72066.0,success,23_set2_rally13_ball15_Clear.mp4,61 frames,
23,2,13,16.0,Clear,72103.0,success,23_set2_rally13_ball16_Clear.mp4,61 frames,
23,2,13,17.0,Clear,72151.0,success,23_set2_rally13_ball17_Clear.mp4,61 frames,
23,2,13,18.0,Clear,72184.0,success,23_set2_rally13_ball18_Clear.mp4,61 frames,
23,2,13,19.0,Smash,72217.0,success,23_set2_rally13_ball19_Smash.mp4,61 frames,
23,2,13,24.0,Smash,72361.0,success,23_set2_rally13_ball24_Smash.mp4,61 frames,
23,2,14,8.0,Smash,73463.0,success,23_set2_rally14_ball8_Smash.mp4,61 frames,
23,2,15,4.0,Smash,74067.0,success,23_set2_rally15_ball4_Smash.mp4,61 frames,
23,2,15,8.0,Smash,74180.0,success,23_set2_rally15_ball8_Smash.mp4,61 frames,
23,2,15,12.0,Clear,74288.0,success,23_set2_rally15_ball12_Clear.mp4,61 frames,
23,2,15,13.0,Clear,74323.0,success,23_set2_rally15_ball13_Clear.mp4,61 frames,
23,2,15,14.0,Clear,74358.0,success,23_set2_rally15_ball14_Clear.mp4,61 frames,
23,2,15,15.0,Smash,74397.0,success,23_set2_rally15_ball15_Smash.mp4,61 frames,
23,2,15,19.0,Clear,74492.0,success,23_set2_rally15_ball19_Clear.mp4,61 frames,
23,2,17,10.0,Smash,76607.0,success,23_set2_rally17_ball10_Smash.mp4,61 frames,
23,2,18,5.0,Clear,78826.0,success,23_set2_rally18_ball5_Clear.mp4,61 frames,
23,2,19,12.0,Smash,79649.0,success,23_set2_rally19_ball12_Smash.mp4,61 frames,
23,2,20,4.0,Smash,80341.0,success,23_set2_rally20_ball4_Smash.mp4,61 frames,
23,2,21,8.0,Clear,81910.0,success,23_set2_rally21_ball8_Clear.mp4,61 frames,
23,2,21,9.0,Clear,81944.0,success,23_set2_rally21_ball9_Clear.mp4,61 frames,
23,2,22,3.0,Smash,82545.0,success,23_set2_rally22_ball3_Smash.mp4,61 frames,
23,2,22,6.0,Smash,82640.0,success,23_set2_rally22_ball6_Smash.mp4,61 frames,
23,2,23,7.0,Smash,83516.0,success,23_set2_rally23_ball7_Smash.mp4,61 frames,
23,2,23,15.0,Smash,83757.0,success,23_set2_rally23_ball15_Smash.mp4,61 frames,
23,2,25,4.0,Smash,85603.0,success,23_set2_rally25_ball4_Smash.mp4,61 frames,
23,2,25,7.0,Smash,85693.0,success,23_set2_rally25_ball7_Smash.mp4,61 frames,
23,2,27,3.0,Clear,87048.0,success,23_set2_rally27_ball3_Clear.mp4,61 frames,
23,2,27,6.0,Smash,87128.0,success,23_set2_rally27_ball6_Smash.mp4,61 frames,
23,2,27,17.0,Smash,87429.0,success,23_set2_rally27_ball17_Smash.mp4,61 frames,
23,2,27,31.0,Smash,87830.0,success,23_set2_rally27_ball31_Smash.mp4,61 frames,
23,2,28,2.0,Clear,88654.0,success,23_set2_rally28_ball2_Clear.mp4,61 frames,
23,2,29,3.0,Clear,89198.0,success,23_set2_rally29_ball3_Clear.mp4,61 frames,
23,2,30,3.0,Clear,89708.0,success,23_set2_rally30_ball3_Clear.mp4,61 frames,
23,2,30,4.0,Smash,89738.0,success,23_set2_rally30_ball4_Smash.mp4,61 frames,
23,2,32,3.0,Smash,90822.0,success,23_set2_rally32_ball3_Smash.mp4,61 frames,
24,1,3,10.0,Smash,10703.0,success,24_set1_rally3_ball10_Smash.mp4,61 frames,
24,1,5,10.0,Smash,13736.0,success,24_set1_rally5_ball10_Smash.mp4,61 frames,
24,1,6,11.0,Clear,14568.0,success,24_set1_rally6_ball11_Clear.mp4,61 frames,
24,1,6,17.0,Clear,14741.0,success,24_set1_rally6_ball17_Clear.mp4,61 frames,
24,1,6,20.0,Clear,14814.0,success,24_set1_rally6_ball20_Clear.mp4,61 frames,
24,1,6,21.0,Clear,14849.0,success,24_set1_rally6_ball21_Clear.mp4,61 frames,
24,1,6,22.0,Clear,14887.0,success,24_set1_rally6_ball22_Clear.mp4,61 frames,
24,1,6,35.0,Clear,15325.0,success,24_set1_rally6_ball35_Clear.mp4,61 frames,
24,1,6,36.0,Clear,15365.0,success,24_set1_rally6_ball36_Clear.mp4,61 frames,
24,1,7,6.0,Clear,16548.0,success,24_set1_rally7_ball6_Clear.mp4,61 frames,
24,1,9,20.0,Clear,19402.0,success,24_set1_rally9_ball20_Clear.mp4,61 frames,
24,1,10,6.0,Clear,20849.0,success,24_set1_rally10_ball6_Clear.mp4,61 frames,
24,1,10,7.0,Clear,20882.0,success,24_set1_rally10_ball7_Clear.mp4,61 frames,
24,1,11,5.0,Clear,22140.0,success,24_set1_rally11_ball5_Clear.mp4,61 frames,
24,1,12,10.0,Clear,23256.0,success,24_set1_rally12_ball10_Clear.mp4,61 frames,
24,1,12,11.0,Smash,23292.0,success,24_set1_rally12_ball11_Smash.mp4,61 frames,
24,1,13,3.0,Clear,24036.0,success,24_set1_rally13_ball3_Clear.mp4,61 frames,
24,1,16,6.0,Clear,26418.0,success,24_set1_rally16_ball6_Clear.mp4,61 frames,
24,1,18,3.0,Clear,29124.0,success,24_set1_rally18_ball3_Clear.mp4,61 frames,
24,1,18,14.0,Clear,29407.0,success,24_set1_rally18_ball14_Clear.mp4,61 frames,
24,1,18,23.0,Clear,29679.0,success,24_set1_rally18_ball23_Clear.mp4,61 frames,
24,1,18,24.0,Smash,29719.0,success,24_set1_rally18_ball24_Smash.mp4,61 frames,
24,1,19,24.0,Clear,32084.0,success,24_set1_rally19_ball24_Clear.mp4,61 frames,
24,1,19,25.0,Clear,32129.0,success,24_set1_rally19_ball25_Clear.mp4,61 frames,
24,1,19,30.0,Clear,32294.0,success,24_set1_rally19_ball30_Clear.mp4,61 frames,
24,1,19,31.0,Smash,32346.0,success,24_set1_rally19_ball31_Smash.mp4,61 frames,
24,1,19,35.0,Clear,32455.0,success,24_set1_rally19_ball35_Clear.mp4,61 frames,
24,1,19,40.0,Clear,32616.0,success,24_set1_rally19_ball40_Clear.mp4,61 frames,
24,1,19,41.0,Clear,32650.0,success,24_set1_rally19_ball41_Clear.mp4,61 frames,
24,1,22,5.0,Clear,37704.0,success,24_set1_rally22_ball5_Clear.mp4,61 frames,
24,1,23,5.0,Smash,38396.0,success,24_set1_rally23_ball5_Smash.mp4,61 frames,
24,1,24,13.0,Smash,39252.0,success,24_set1_rally24_ball13_Smash.mp4,61 frames,
24,1,26,4.0,Clear,40525.0,success,24_set1_rally26_ball4_Clear.mp4,61 frames,
24,1,27,8.0,Smash,42018.0,success,24_set1_rally27_ball8_Smash.mp4,61 frames,
24,1,28,2.0,Clear,42794.0,success,24_set1_rally28_ball2_Clear.mp4,61 frames,
24,1,28,7.0,Smash,42919.0,success,24_set1_rally28_ball7_Smash.mp4,61 frames,
24,1,28,10.0,Clear,42998.0,success,24_set1_rally28_ball10_Clear.mp4,61 frames,
24,1,28,17.0,Smash,43225.0,success,24_set1_rally28_ball17_Smash.mp4,61 frames,
24,1,28,20.0,Clear,43304.0,success,24_set1_rally28_ball20_Clear.mp4,61 frames,
24,1,28,21.0,Clear,43348.0,success,24_set1_rally28_ball21_Clear.mp4,61 frames,
24,1,28,22.0,Clear,43387.0,success,24_set1_rally28_ball22_Clear.mp4,61 frames,
24,1,30,7.0,Clear,46405.0,success,24_set1_rally30_ball7_Clear.mp4,61 frames,
24,1,30,11.0,Smash,46544.0,success,24_set1_rally30_ball11_Smash.mp4,61 frames,
24,1,30,15.0,Clear,46669.0,success,24_set1_rally30_ball15_Clear.mp4,61 frames,
24,1,31,10.0,Clear,47662.0,success,24_set1_rally31_ball10_Clear.mp4,61 frames,
24,1,32,3.0,Clear,48420.0,success,24_set1_rally32_ball3_Clear.mp4,61 frames,
24,1,32,7.0,Clear,48551.0,success,24_set1_rally32_ball7_Clear.mp4,61 frames,
24,1,32,8.0,Clear,48586.0,success,24_set1_rally32_ball8_Clear.mp4,61 frames,
24,1,32,9.0,Smash,48622.0,success,24_set1_rally32_ball9_Smash.mp4,61 frames,
24,2,1,8.0,Smash,55254.0,success,24_set2_rally1_ball8_Smash.mp4,61 frames,
24,2,3,4.0,Clear,56957.0,success,24_set2_rally3_ball4_Clear.mp4,61 frames,
24,2,3,17.0,Clear,57291.0,success,24_set2_rally3_ball17_Clear.mp4,61 frames,
24,2,3,18.0,Clear,57325.0,success,24_set2_rally3_ball18_Clear.mp4,61 frames,
24,2,4,10.0,Smash,58349.0,success,24_set2_rally4_ball10_Smash.mp4,61 frames,
24,2,4,13.0,Smash,58428.0,success,24_set2_rally4_ball13_Smash.mp4,61 frames,
24,2,4,16.0,Clear,58519.0,success,24_set2_rally4_ball16_Clear.mp4,61 frames,
24,2,4,17.0,Clear,58550.0,success,24_set2_rally4_ball17_Clear.mp4,61 frames,
24,2,4,18.0,Clear,58589.0,success,24_set2_rally4_ball18_Clear.mp4,61 frames,
24,2,4,19.0,Clear,58633.0,success,24_set2_rally4_ball19_Clear.mp4,61 frames,
24,2,4,20.0,Clear,58676.0,success,24_set2_rally4_ball20_Clear.mp4,61 frames,
24,2,5,7.0,Smash,59500.0,success,24_set2_rally5_ball7_Smash.mp4,61 frames,
24,2,5,25.0,Clear,59962.0,success,24_set2_rally5_ball25_Clear.mp4,61 frames,
24,2,5,26.0,Clear,60005.0,success,24_set2_rally5_ball26_Clear.mp4,61 frames,
24,2,5,27.0,Smash,60042.0,success,24_set2_rally5_ball27_Smash.mp4,61 frames,
24,2,7,21.0,Clear,63360.0,success,24_set2_rally7_ball21_Clear.mp4,61 frames,
24,2,10,4.0,Smash,66330.0,success,24_set2_rally10_ball4_Smash.mp4,61 frames,
24,2,11,4.0,Smash,67129.0,success,24_set2_rally11_ball4_Smash.mp4,61 frames,
24,2,12,8.0,Smash,68318.0,success,24_set2_rally12_ball8_Smash.mp4,61 frames,
24,2,13,3.0,Clear,69817.0,success,24_set2_rally13_ball3_Clear.mp4,61 frames,
24,2,13,4.0,Smash,69839.0,success,24_set2_rally13_ball4_Smash.mp4,61 frames,
24,2,14,4.0,Smash,70840.0,success,24_set2_rally14_ball4_Smash.mp4,61 frames,
24,2,15,2.0,Clear,71690.0,success,24_set2_rally15_ball2_Clear.mp4,61 frames,
24,2,16,3.0,Smash,72309.0,success,24_set2_rally16_ball3_Smash.mp4,61 frames,
24,2,16,12.0,Clear,72566.0,success,24_set2_rally16_ball12_Clear.mp4,61 frames,
24,2,17,4.0,Clear,73788.0,success,24_set2_rally17_ball4_Clear.mp4,61 frames,
24,2,17,7.0,Clear,73860.0,success,24_set2_rally17_ball7_Clear.mp4,61 frames,
24,2,17,24.0,Clear,74297.0,success,24_set2_rally17_ball24_Clear.mp4,61 frames,
24,2,17,25.0,Smash,74342.0,success,24_set2_rally17_ball25_Smash.mp4,61 frames,
24,2,19,3.0,Clear,77923.0,success,24_set2_rally19_ball3_Clear.mp4,61 frames,
24,2,19,20.0,Clear,78425.0,success,24_set2_rally19_ball20_Clear.mp4,61 frames,
24,2,19,30.0,Clear,78776.0,success,24_set2_rally19_ball30_Clear.mp4,61 frames,
24,2,24,10.0,Smash,82877.0,success,24_set2_rally24_ball10_Smash.mp4,61 frames,
24,2,25,2.0,Smash,83656.0,success,24_set2_rally25_ball2_Smash.mp4,61 frames,
24,2,27,4.0,Clear,84606.0,success,24_set2_rally27_ball4_Clear.mp4,61 frames,
24,2,29,5.0,Smash,86090.0,success,24_set2_rally29_ball5_Smash.mp4,61 frames,
24,2,30,14.0,Smash,86994.0,success,24_set2_rally30_ball14_Smash.mp4,61 frames,
24,2,30,25.0,Smash,87314.0,success,24_set2_rally30_ball25_Smash.mp4,61 frames,
24,2,31,2.0,Smash,88588.0,success,24_set2_rally31_ball2_Smash.mp4,61 frames,
24,2,32,9.0,Smash,89295.0,success,24_set2_rally32_ball9_Smash.mp4,61 frames,
24,2,33,3.0,Smash,90111.0,success,24_set2_rally33_ball3_Smash.mp4,61 frames,
24,2,33,7.0,Smash,90204.0,success,24_set2_rally33_ball7_Smash.mp4,61 frames,
24,2,33,10.0,Clear,90302.0,success,24_set2_rally33_ball10_Clear.mp4,61 frames,
24,2,33,11.0,Smash,90341.0,success,24_set2_rally33_ball11_Smash.mp4,61 frames,
24,2,35,6.0,Clear,93579.0,success,24_set2_rally35_ball6_Clear.mp4,61 frames,
24,2,35,7.0,Smash,93621.0,success,24_set2_rally35_ball7_Smash.mp4,61 frames,
24,2,36,7.0,Clear,94434.0,success,24_set2_rally36_ball7_Clear.mp4,61 frames,
24,2,36,13.0,Smash,94624.0,success,24_set2_rally36_ball13_Smash.mp4,61 frames,
24,2,36,19.0,Clear,94823.0,success,24_set2_rally36_ball19_Clear.mp4,61 frames,
24,2,36,22.0,Smash,94883.0,success,24_set2_rally36_ball22_Smash.mp4,61 frames,
24,2,36,25.0,Clear,94965.0,success,24_set2_rally36_ball25_Clear.mp4,61 frames,
24,2,36,26.0,Smash,95003.0,success,24_set2_rally36_ball26_Smash.mp4,61 frames,
24,2,36,29.0,Smash,95086.0,success,24_set2_rally36_ball29_Smash.mp4,61 frames,
24,2,38,3.0,Smash,97737.0,success,24_set2_rally38_ball3_Smash.mp4,61 frames,
24,2,38,6.0,Smash,97808.0,success,24_set2_rally38_ball6_Smash.mp4,61 frames,
24,2,40,8.0,Clear,100896.0,success,24_set2_rally40_ball8_Clear.mp4,61 frames,
24,2,40,9.0,Clear,100933.0,success,24_set2_rally40_ball9_Clear.mp4,61 frames,
24,2,40,14.0,Clear,101077.0,success,24_set2_rally40_ball14_Clear.mp4,61 frames,
24,2,40,20.0,Smash,101272.0,success,24_set2_rally40_ball20_Smash.mp4,61 frames,
24,3,1,6.0,Smash,105995.0,success,24_set3_rally1_ball6_Smash.mp4,61 frames,
24,3,5,11.0,Smash,108872.0,success,24_set3_rally5_ball11_Smash.mp4,61 frames,
24,3,7,2.0,Smash,110172.0,success,24_set3_rally7_ball2_Smash.mp4,61 frames,
24,3,8,2.0,Clear,110838.0,success,24_set3_rally8_ball2_Clear.mp4,61 frames,
24,3,10,5.0,Smash,112473.0,success,24_set3_rally10_ball5_Smash.mp4,61 frames,
24,3,12,8.0,Smash,113690.0,success,24_set3_rally12_ball8_Smash.mp4,61 frames,
24,3,12,12.0,Clear,113799.0,success,24_set3_rally12_ball12_Clear.mp4,61 frames,
24,3,12,20.0,Smash,114019.0,success,24_set3_rally12_ball20_Smash.mp4,61 frames,
24,3,13,3.0,Clear,114941.0,success,24_set3_rally13_ball3_Clear.mp4,61 frames,
24,3,16,8.0,Clear,118539.0,success,24_set3_rally16_ball8_Clear.mp4,61 frames,
24,3,16,9.0,Clear,118580.0,success,24_set3_rally16_ball9_Clear.mp4,61 frames,
24,3,17,25.0,Smash,121673.0,success,24_set3_rally17_ball25_Smash.mp4,61 frames,
24,3,17,37.0,Clear,122053.0,success,24_set3_rally17_ball37_Clear.mp4,61 frames,
24,3,17,41.0,Clear,122192.0,success,24_set3_rally17_ball41_Clear.mp4,61 frames,
24,3,18,3.0,Clear,123342.0,success,24_set3_rally18_ball3_Clear.mp4,61 frames,
24,3,18,4.0,Clear,123380.0,success,24_set3_rally18_ball4_Clear.mp4,61 frames,
24,3,19,2.0,Clear,124068.0,success,24_set3_rally19_ball2_Clear.mp4,61 frames,
24,3,19,3.0,Clear,124105.0,success,24_set3_rally19_ball3_Clear.mp4,61 frames,
24,3,19,4.0,Smash,124140.0,success,24_set3_rally19_ball4_Smash.mp4,61 frames,
24,3,20,2.0,Clear,124654.0,success,24_set3_rally20_ball2_Clear.mp4,61 frames,
24,3,21,4.0,Smash,125695.0,success,24_set3_rally21_ball4_Smash.mp4,61 frames,
24,3,21,7.0,Clear,125784.0,success,24_set3_rally21_ball7_Clear.mp4,61 frames,
24,3,23,2.0,Clear,126830.0,success,24_set3_rally23_ball2_Clear.mp4,61 frames,
24,3,24,2.0,Smash,127861.0,success,24_set3_rally24_ball2_Smash.mp4,61 frames,
24,3,25,2.0,Clear,128203.0,success,24_set3_rally25_ball2_Clear.mp4,61 frames,
24,3,25,3.0,Clear,128243.0,success,24_set3_rally25_ball3_Clear.mp4,61 frames,
24,3,25,11.0,Clear,128509.0,success,24_set3_rally25_ball11_Clear.mp4,61 frames,
24,3,25,12.0,Clear,128550.0,success,24_set3_rally25_ball12_Clear.mp4,61 frames,
24,3,25,13.0,Clear,128583.0,success,24_set3_rally25_ball13_Clear.mp4,61 frames,
24,3,25,14.0,Smash,128623.0,success,24_set3_rally25_ball14_Smash.mp4,61 frames,
25,1,1,3.0,Clear,12520.0,success,25_set1_rally1_ball3_Clear.mp4,61 frames,
25,1,1,4.0,Clear,12552.0,success,25_set1_rally1_ball4_Clear.mp4,61 frames,
25,1,2,2.0,Clear,13036.0,success,25_set1_rally2_ball2_Clear.mp4,61 frames,
25,1,3,3.0,Clear,13614.0,success,25_set1_rally3_ball3_Clear.mp4,61 frames,
25,1,3,4.0,Smash,13651.0,success,25_set1_rally3_ball4_Smash.mp4,61 frames,
25,1,3,7.0,Clear,13711.0,success,25_set1_rally3_ball7_Clear.mp4,61 frames,
25,1,3,11.0,Clear,13829.0,success,25_set1_rally3_ball11_Clear.mp4,61 frames,
25,1,3,12.0,Clear,13853.0,success,25_set1_rally3_ball12_Clear.mp4,61 frames,
25,1,5,6.0,Clear,15202.0,success,25_set1_rally5_ball6_Clear.mp4,61 frames,
25,1,8,3.0,Clear,17977.0,success,25_set1_rally8_ball3_Clear.mp4,61 frames,
25,1,10,5.0,Clear,19639.0,success,25_set1_rally10_ball5_Clear.mp4,61 frames,
25,1,10,6.0,Clear,19662.0,success,25_set1_rally10_ball6_Clear.mp4,61 frames,
25,1,10,7.0,Clear,19700.0,success,25_set1_rally10_ball7_Clear.mp4,61 frames,
25,1,10,8.0,Clear,19728.0,success,25_set1_rally10_ball8_Clear.mp4,61 frames,
25,1,12,12.0,Smash,21259.0,success,25_set1_rally12_ball12_Smash.mp4,61 frames,
25,1,13,6.0,Smash,22368.0,success,25_set1_rally13_ball6_Smash.mp4,61 frames,
25,1,14,3.0,Clear,23406.0,success,25_set1_rally14_ball3_Clear.mp4,61 frames,
25,1,14,4.0,Clear,23442.0,success,25_set1_rally14_ball4_Clear.mp4,61 frames,
25,1,14,9.0,Clear,23599.0,success,25_set1_rally14_ball9_Clear.mp4,61 frames,
25,1,14,13.0,Smash,23725.0,success,25_set1_rally14_ball13_Smash.mp4,61 frames,
25,1,16,5.0,Clear,25513.0,success,25_set1_rally16_ball5_Clear.mp4,61 frames,
25,1,17,2.0,Clear,27433.0,success,25_set1_rally17_ball2_Clear.mp4,61 frames,
25,1,17,3.0,Clear,27458.0,success,25_set1_rally17_ball3_Clear.mp4,61 frames,
25,1,17,7.0,Clear,27565.0,success,25_set1_rally17_ball7_Clear.mp4,61 frames,
25,1,19,15.0,Clear,29705.0,success,25_set1_rally19_ball15_Clear.mp4,61 frames,
25,1,19,16.0,Smash,29725.0,success,25_set1_rally19_ball16_Smash.mp4,61 frames,
25,1,20,3.0,Clear,32495.0,success,25_set1_rally20_ball3_Clear.mp4,61 frames,
25,1,20,4.0,Clear,32522.0,success,25_set1_rally20_ball4_Clear.mp4,61 frames,
25,1,20,13.0,Clear,32786.0,success,25_set1_rally20_ball13_Clear.mp4,61 frames,
25,1,21,3.0,Clear,33973.0,success,25_set1_rally21_ball3_Clear.mp4,61 frames,
25,1,21,12.0,Clear,34267.0,success,25_set1_rally21_ball12_Clear.mp4,61 frames,
25,1,21,13.0,Clear,34293.0,success,25_set1_rally21_ball13_Clear.mp4,61 frames,
25,1,23,16.0,Clear,37206.0,success,25_set1_rally23_ball16_Clear.mp4,61 frames,
25,1,23,20.0,Clear,37334.0,success,25_set1_rally23_ball20_Clear.mp4,61 frames,
25,1,23,25.0,Clear,37476.0,success,25_set1_rally23_ball25_Clear.mp4,61 frames,
25,1,24,3.0,Clear,38874.0,success,25_set1_rally24_ball3_Clear.mp4,61 frames,
25,1,25,6.0,Smash,40068.0,success,25_set1_rally25_ball6_Smash.mp4,61 frames,
25,1,31,3.0,Clear,46061.0,success,25_set1_rally31_ball3_Clear.mp4,61 frames,
25,1,31,4.0,Clear,46087.0,success,25_set1_rally31_ball4_Clear.mp4,61 frames,
25,1,31,5.0,Clear,46134.0,success,25_set1_rally31_ball5_Clear.mp4,61 frames,
25,1,33,3.0,Clear,48048.0,success,25_set1_rally33_ball3_Clear.mp4,61 frames,
25,1,34,5.0,Clear,48737.0,success,25_set1_rally34_ball5_Clear.mp4,61 frames,
25,1,35,5.0,Clear,50329.0,success,25_set1_rally35_ball5_Clear.mp4,61 frames,
25,1,37,6.0,Clear,51745.0,success,25_set1_rally37_ball6_Clear.mp4,61 frames,
25,2,3,2.0,Smash,57496.0,success,25_set2_rally3_ball2_Smash.mp4,61 frames,
25,2,5,14.0,Clear,59479.0,success,25_set2_rally5_ball14_Clear.mp4,61 frames,
25,2,7,2.0,Clear,61336.0,success,25_set2_rally7_ball2_Clear.mp4,61 frames,
25,2,8,2.0,Smash,62055.0,success,25_set2_rally8_ball2_Smash.mp4,61 frames,
25,2,12,3.0,Clear,65390.0,success,25_set2_rally12_ball3_Clear.mp4,61 frames,
25,2,18,9.0,Smash,73996.0,success,25_set2_rally18_ball9_Smash.mp4,61 frames,
25,2,21,18.0,Clear,76656.0,success,25_set2_rally21_ball18_Clear.mp4,61 frames,
25,2,27,3.0,Clear,81895.0,success,25_set2_rally27_ball3_Clear.mp4,61 frames,
25,2,28,4.0,Clear,82709.0,success,25_set2_rally28_ball4_Clear.mp4,61 frames,
25,2,29,13.0,Smash,84275.0,success,25_set2_rally29_ball13_Smash.mp4,61 frames,
25,2,30,8.0,Clear,85729.0,success,25_set2_rally30_ball8_Clear.mp4,61 frames,
25,2,32,5.0,Clear,87388.0,success,25_set2_rally32_ball5_Clear.mp4,61 frames,
25,2,34,13.0,Clear,89543.0,success,25_set2_rally34_ball13_Clear.mp4,61 frames,
25,2,35,3.0,Clear,90434.0,success,25_set2_rally35_ball3_Clear.mp4,61 frames,
25,2,35,4.0,Smash,90471.0,success,25_set2_rally35_ball4_Smash.mp4,61 frames,
25,2,36,10.0,Clear,91593.0,success,25_set2_rally36_ball10_Clear.mp4,61 frames,
26,1,1,11.0,Clear,13171.0,success,26_set1_rally1_ball11_Clear.mp4,61 frames,
26,1,8,6.0,Clear,18601.0,success,26_set1_rally8_ball6_Clear.mp4,61 frames,
26,1,8,10.0,Clear,18719.0,success,26_set1_rally8_ball10_Clear.mp4,61 frames,
26,1,8,11.0,Smash,18757.0,success,26_set1_rally8_ball11_Smash.mp4,61 frames,
26,1,10,28.0,Clear,21034.0,success,26_set1_rally10_ball28_Clear.mp4,61 frames,
26,1,10,33.0,Smash,21207.0,success,26_set1_rally10_ball33_Smash.mp4,61 frames,
26,1,10,36.0,Clear,21287.0,success,26_set1_rally10_ball36_Clear.mp4,61 frames,
26,1,12,3.0,Clear,24038.0,success,26_set1_rally12_ball3_Clear.mp4,61 frames,
26,1,12,11.0,Clear,24281.0,success,26_set1_rally12_ball11_Clear.mp4,61 frames,
26,1,12,15.0,Clear,24415.0,success,26_set1_rally12_ball15_Clear.mp4,61 frames,
26,1,12,16.0,Clear,24455.0,success,26_set1_rally12_ball16_Clear.mp4,61 frames,
26,1,12,17.0,Clear,24503.0,success,26_set1_rally12_ball17_Clear.mp4,61 frames,
26,1,13,15.0,Clear,26637.0,success,26_set1_rally13_ball15_Clear.mp4,61 frames,
26,1,13,16.0,Smash,26676.0,success,26_set1_rally13_ball16_Smash.mp4,61 frames,
26,1,13,30.0,Clear,27028.0,success,26_set1_rally13_ball30_Clear.mp4,61 frames,
26,1,13,31.0,Smash,27076.0,success,26_set1_rally13_ball31_Smash.mp4,61 frames,
26,1,16,8.0,Smash,30306.0,success,26_set1_rally16_ball8_Smash.mp4,61 frames,
26,1,17,10.0,Clear,31126.0,success,26_set1_rally17_ball10_Clear.mp4,61 frames,
26,1,17,11.0,Clear,31159.0,success,26_set1_rally17_ball11_Clear.mp4,61 frames,
26,1,18,14.0,Clear,32392.0,success,26_set1_rally18_ball14_Clear.mp4,61 frames,
26,1,20,10.0,Clear,34257.0,success,26_set1_rally20_ball10_Clear.mp4,61 frames,
26,1,20,14.0,Clear,34398.0,success,26_set1_rally20_ball14_Clear.mp4,61 frames,
26,1,21,8.0,Smash,37583.0,success,26_set1_rally21_ball8_Smash.mp4,61 frames,
26,1,22,5.0,Clear,38268.0,success,26_set1_rally22_ball5_Clear.mp4,61 frames,
26,1,22,10.0,Clear,38410.0,success,26_set1_rally22_ball10_Clear.mp4,61 frames,
26,1,22,14.0,Clear,38511.0,success,26_set1_rally22_ball14_Clear.mp4,61 frames,
26,1,22,15.0,Smash,38551.0,success,26_set1_rally22_ball15_Smash.mp4,61 frames,
26,1,23,2.0,Clear,39409.0,success,26_set1_rally23_ball2_Clear.mp4,61 frames,
26,1,25,5.0,Clear,41099.0,success,26_set1_rally25_ball5_Clear.mp4,61 frames,
26,1,25,8.0,Clear,41188.0,success,26_set1_rally25_ball8_Clear.mp4,61 frames,
26,1,27,8.0,Clear,43753.0,success,26_set1_rally27_ball8_Clear.mp4,61 frames,
26,1,27,9.0,Smash,43785.0,success,26_set1_rally27_ball9_Smash.mp4,61 frames,
26,1,29,3.0,Clear,46302.0,success,26_set1_rally29_ball3_Clear.mp4,61 frames,
26,1,33,3.0,Clear,48964.0,success,26_set1_rally33_ball3_Clear.mp4,61 frames,
26,2,5,10.0,Clear,58492.0,success,26_set2_rally5_ball10_Clear.mp4,61 frames,
26,2,5,11.0,Clear,58529.0,success,26_set2_rally5_ball11_Clear.mp4,61 frames,
26,2,5,12.0,Clear,58578.0,success,26_set2_rally5_ball12_Clear.mp4,61 frames,
26,2,6,12.0,Clear,59676.0,success,26_set2_rally6_ball12_Clear.mp4,61 frames,
26,2,6,18.0,Clear,59851.0,success,26_set2_rally6_ball18_Clear.mp4,61 frames,
26,2,6,19.0,Smash,59897.0,success,26_set2_rally6_ball19_Smash.mp4,61 frames,
26,2,8,4.0,Smash,62725.0,success,26_set2_rally8_ball4_Smash.mp4,61 frames,
26,2,9,8.0,Smash,64421.0,success,26_set2_rally9_ball8_Smash.mp4,61 frames,
26,2,12,26.0,Clear,67397.0,success,26_set2_rally12_ball26_Clear.mp4,61 frames,
26,2,12,30.0,Clear,67513.0,success,26_set2_rally12_ball30_Clear.mp4,61 frames,
26,2,12,34.0,Clear,67650.0,success,26_set2_rally12_ball34_Clear.mp4,61 frames,
26,2,12,39.0,Clear,67809.0,success,26_set2_rally12_ball39_Clear.mp4,61 frames,
26,2,12,46.0,Clear,68013.0,success,26_set2_rally12_ball46_Clear.mp4,61 frames,
26,2,18,5.0,Smash,75964.0,success,26_set2_rally18_ball5_Smash.mp4,61 frames,
26,2,18,8.0,Smash,76053.0,success,26_set2_rally18_ball8_Smash.mp4,61 frames,
26,2,20,14.0,Clear,78737.0,success,26_set2_rally20_ball14_Clear.mp4,61 frames,
26,2,21,5.0,Clear,79517.0,success,26_set2_rally21_ball5_Clear.mp4,61 frames,
26,2,21,10.0,Clear,79654.0,success,26_set2_rally21_ball10_Clear.mp4,61 frames,
26,2,21,17.0,Clear,79878.0,success,26_set2_rally21_ball17_Clear.mp4,61 frames,
26,2,25,4.0,Clear,83016.0,success,26_set2_rally25_ball4_Clear.mp4,61 frames,
26,2,25,9.0,Clear,83181.0,success,26_set2_rally25_ball9_Clear.mp4,61 frames,
26,2,26,3.0,Clear,84299.0,success,26_set2_rally26_ball3_Clear.mp4,61 frames,
26,2,26,4.0,Smash,84331.0,success,26_set2_rally26_ball4_Smash.mp4,61 frames,
27,1,2,6.0,Smash,,video_not_found,,,Video file 27.mp4 not found
27,1,2,10.0,Clear,,video_not_found,,,Video file 27.mp4 not found
27,1,2,13.0,Clear,,video_not_found,,,Video file 27.mp4 not found
27,1,3,4.0,Clear,,video_not_found,,,Video file 27.mp4 not found
27,1,3,5.0,Clear,,video_not_found,,,Video file 27.mp4 not found
27,1,4,8.0,Smash,,video_not_found,,,Video file 27.mp4 not found
27,1,4,20.0,Smash,,video_not_found,,,Video file 27.mp4 not found
27,1,6,3.0,Clear,,video_not_found,,,Video file 27.mp4 not found
27,1,6,4.0,Smash,,video_not_found,,,Video file 27.mp4 not found
27,1,6,9.0,Clear,,video_not_found,,,Video file 27.mp4 not found
27,1,6,15.0,Clear,,video_not_found,,,Video file 27.mp4 not found
27,1,6,16.0,Smash,,video_not_found,,,Video file 27.mp4 not found
27,1,6,25.0,Clear,,video_not_found,,,Video file 27.mp4 not found
27,1,6,26.0,Smash,,video_not_found,,,Video file 27.mp4 not found
27,1,7,6.0,Clear,,video_not_found,,,Video file 27.mp4 not found
27,1,7,7.0,Clear,,video_not_found,,,Video file 27.mp4 not found
27,1,7,8.0,Smash,,video_not_found,,,Video file 27.mp4 not found
27,1,8,2.0,Clear,,video_not_found,,,Video file 27.mp4 not found
27,1,9,9.0,Smash,,video_not_found,,,Video file 27.mp4 not found
27,1,10,3.0,Clear,,video_not_found,,,Video file 27.mp4 not found
27,1,10,4.0,Smash,,video_not_found,,,Video file 27.mp4 not found
27,1,11,6.0,Smash,,video_not_found,,,Video file 27.mp4 not found
27,1,11,9.0,Smash,,video_not_found,,,Video file 27.mp4 not found
27,1,13,6.0,Smash,,video_not_found,,,Video file 27.mp4 not found
27,1,15,2.0,Clear,,video_not_found,,,Video file 27.mp4 not found
27,1,15,6.0,Smash,,video_not_found,,,Video file 27.mp4 not found
27,1,17,3.0,Clear,,video_not_found,,,Video file 27.mp4 not found
27,1,17,8.0,Smash,,video_not_found,,,Video file 27.mp4 not found
27,1,18,4.0,Clear,,video_not_found,,,Video file 27.mp4 not found
27,1,18,5.0,Smash,,video_not_found,,,Video file 27.mp4 not found
27,1,19,6.0,Clear,,video_not_found,,,Video file 27.mp4 not found
27,1,19,7.0,Smash,,video_not_found,,,Video file 27.mp4 not found
27,1,19,14.0,Smash,,video_not_found,,,Video file 27.mp4 not found
27,1,20,7.0,Smash,,video_not_found,,,Video file 27.mp4 not found
27,1,21,15.0,Smash,,video_not_found,,,Video file 27.mp4 not found
27,1,21,18.0,Clear,,video_not_found,,,Video file 27.mp4 not found
27,1,21,19.0,Smash,,video_not_found,,,Video file 27.mp4 not found
27,1,21,22.0,Clear,,video_not_found,,,Video file 27.mp4 not found
27,1,22,4.0,Clear,,video_not_found,,,Video file 27.mp4 not found
27,1,22,11.0,Clear,,video_not_found,,,Video file 27.mp4 not found
27,1,22,23.0,Clear,,video_not_found,,,Video file 27.mp4 not found
27,1,22,24.0,Smash,,video_not_found,,,Video file 27.mp4 not found
27,1,22,32.0,Smash,,video_not_found,,,Video file 27.mp4 not found
27,1,22,39.0,Clear,,video_not_found,,,Video file 27.mp4 not found
27,1,22,40.0,Clear,,video_not_found,,,Video file 27.mp4 not found
27,1,23,2.0,Clear,,video_not_found,,,Video file 27.mp4 not found
27,1,23,3.0,Clear,,video_not_found,,,Video file 27.mp4 not found
27,1,23,4.0,Clear,,video_not_found,,,Video file 27.mp4 not found
27,1,23,9.0,Smash,,video_not_found,,,Video file 27.mp4 not found
27,1,24,6.0,Smash,,video_not_found,,,Video file 27.mp4 not found
27,1,27,4.0,Smash,,video_not_found,,,Video file 27.mp4 not found
27,1,28,9.0,Clear,,video_not_found,,,Video file 27.mp4 not found
27,1,28,10.0,Smash,,video_not_found,,,Video file 27.mp4 not found
27,1,29,12.0,Smash,,video_not_found,,,Video file 27.mp4 not found
27,1,29,15.0,Smash,,video_not_found,,,Video file 27.mp4 not found
27,1,29,19.0,Clear,,video_not_found,,,Video file 27.mp4 not found
27,1,29,20.0,Smash,,video_not_found,,,Video file 27.mp4 not found
27,1,31,7.0,Smash,,video_not_found,,,Video file 27.mp4 not found
27,1,32,3.0,Smash,,video_not_found,,,Video file 27.mp4 not found
27,1,35,34.0,Clear,,video_not_found,,,Video file 27.mp4 not found
27,1,35,38.0,Clear,,video_not_found,,,Video file 27.mp4 not found
27,1,35,47.0,Clear,,video_not_found,,,Video file 27.mp4 not found
27,1,35,48.0,Clear,,video_not_found,,,Video file 27.mp4 not found
27,1,35,49.0,Clear,,video_not_found,,,Video file 27.mp4 not found
27,1,36,3.0,Smash,,video_not_found,,,Video file 27.mp4 not found
27,1,36,7.0,Clear,,video_not_found,,,Video file 27.mp4 not found
27,1,38,4.0,Smash,,video_not_found,,,Video file 27.mp4 not found
27,1,38,7.0,Smash,,video_not_found,,,Video file 27.mp4 not found
27,1,39,4.0,Clear,,video_not_found,,,Video file 27.mp4 not found
27,1,39,9.0,Smash,,video_not_found,,,Video file 27.mp4 not found
27,1,39,14.0,Smash,,video_not_found,,,Video file 27.mp4 not found
27,1,39,19.0,Clear,,video_not_found,,,Video file 27.mp4 not found
27,2,2,12.0,Clear,,video_not_found,,,Video file 27.mp4 not found
27,2,3,2.0,Smash,,video_not_found,,,Video file 27.mp4 not found
27,2,5,3.0,Smash,,video_not_found,,,Video file 27.mp4 not found
27,2,6,8.0,Smash,,video_not_found,,,Video file 27.mp4 not found
27,2,7,3.0,Smash,,video_not_found,,,Video file 27.mp4 not found
27,2,7,10.0,Clear,,video_not_found,,,Video file 27.mp4 not found
27,2,8,7.0,Smash,,video_not_found,,,Video file 27.mp4 not found
27,2,8,10.0,Smash,,video_not_found,,,Video file 27.mp4 not found
27,2,8,14.0,Clear,,video_not_found,,,Video file 27.mp4 not found
27,2,8,15.0,Smash,,video_not_found,,,Video file 27.mp4 not found
27,2,9,3.0,Clear,,video_not_found,,,Video file 27.mp4 not found
27,2,9,4.0,Smash,,video_not_found,,,Video file 27.mp4 not found
27,2,11,10.0,Smash,,video_not_found,,,Video file 27.mp4 not found
27,2,11,15.0,Clear,,video_not_found,,,Video file 27.mp4 not found
27,2,11,22.0,Clear,,video_not_found,,,Video file 27.mp4 not found
27,2,11,23.0,Smash,,video_not_found,,,Video file 27.mp4 not found
27,2,12,2.0,Smash,,video_not_found,,,Video file 27.mp4 not found
27,2,13,5.0,Smash,,video_not_found,,,Video file 27.mp4 not found
27,2,13,20.0,Clear,,video_not_found,,,Video file 27.mp4 not found
27,2,14,5.0,Clear,,video_not_found,,,Video file 27.mp4 not found
27,2,14,6.0,Clear,,video_not_found,,,Video file 27.mp4 not found
27,2,15,3.0,Clear,,video_not_found,,,Video file 27.mp4 not found
27,2,16,8.0,Smash,,video_not_found,,,Video file 27.mp4 not found
27,2,17,19.0,Clear,,video_not_found,,,Video file 27.mp4 not found
27,2,17,20.0,Clear,,video_not_found,,,Video file 27.mp4 not found
27,2,18,12.0,Clear,,video_not_found,,,Video file 27.mp4 not found
27,2,18,19.0,Smash,,video_not_found,,,Video file 27.mp4 not found
27,2,19,3.0,Clear,,video_not_found,,,Video file 27.mp4 not found
27,2,19,4.0,Smash,,video_not_found,,,Video file 27.mp4 not found
27,2,21,7.0,Smash,,video_not_found,,,Video file 27.mp4 not found
27,2,22,3.0,Clear,,video_not_found,,,Video file 27.mp4 not found
27,2,22,10.0,Smash,,video_not_found,,,Video file 27.mp4 not found
27,2,22,26.0,Smash,,video_not_found,,,Video file 27.mp4 not found
27,2,23,6.0,Smash,,video_not_found,,,Video file 27.mp4 not found
27,2,23,9.0,Smash,,video_not_found,,,Video file 27.mp4 not found
27,2,26,3.0,Clear,,video_not_found,,,Video file 27.mp4 not found
27,2,26,4.0,Clear,,video_not_found,,,Video file 27.mp4 not found
27,2,26,5.0,Clear,,video_not_found,,,Video file 27.mp4 not found
27,2,26,6.0,Smash,,video_not_found,,,Video file 27.mp4 not found
27,2,27,4.0,Smash,,video_not_found,,,Video file 27.mp4 not found
27,2,28,7.0,Clear,,video_not_found,,,Video file 27.mp4 not found
27,2,29,3.0,Smash,,video_not_found,,,Video file 27.mp4 not found
27,2,30,3.0,Smash,,video_not_found,,,Video file 27.mp4 not found
27,2,31,3.0,Smash,,video_not_found,,,Video file 27.mp4 not found
27,3,3,4.0,Smash,,video_not_found,,,Video file 27.mp4 not found
27,3,3,18.0,Smash,,video_not_found,,,Video file 27.mp4 not found
27,3,3,26.0,Smash,,video_not_found,,,Video file 27.mp4 not found
27,3,5,6.0,Smash,,video_not_found,,,Video file 27.mp4 not found
27,3,5,9.0,Smash,,video_not_found,,,Video file 27.mp4 not found
27,3,7,4.0,Smash,,video_not_found,,,Video file 27.mp4 not found
27,3,7,7.0,Smash,,video_not_found,,,Video file 27.mp4 not found
27,3,8,6.0,Clear,,video_not_found,,,Video file 27.mp4 not found
27,3,8,7.0,Smash,,video_not_found,,,Video file 27.mp4 not found
27,3,8,12.0,Smash,,video_not_found,,,Video file 27.mp4 not found
27,3,10,10.0,Clear,,video_not_found,,,Video file 27.mp4 not found
27,3,14,7.0,Smash,,video_not_found,,,Video file 27.mp4 not found
27,3,14,16.0,Smash,,video_not_found,,,Video file 27.mp4 not found
27,3,16,3.0,Smash,,video_not_found,,,Video file 27.mp4 not found
27,3,16,14.0,Clear,,video_not_found,,,Video file 27.mp4 not found
27,3,18,7.0,Smash,,video_not_found,,,Video file 27.mp4 not found
27,3,19,4.0,Smash,,video_not_found,,,Video file 27.mp4 not found
27,3,20,6.0,Smash,,video_not_found,,,Video file 27.mp4 not found
27,3,21,3.0,Clear,,video_not_found,,,Video file 27.mp4 not found
27,3,21,4.0,Smash,,video_not_found,,,Video file 27.mp4 not found
27,3,21,8.0,Clear,,video_not_found,,,Video file 27.mp4 not found
27,3,22,8.0,Smash,,video_not_found,,,Video file 27.mp4 not found
27,3,24,7.0,Clear,,video_not_found,,,Video file 27.mp4 not found
27,3,27,2.0,Clear,,video_not_found,,,Video file 27.mp4 not found
27,3,28,14.0,Clear,,video_not_found,,,Video file 27.mp4 not found
27,3,28,15.0,Smash,,video_not_found,,,Video file 27.mp4 not found
27,3,28,18.0,Clear,,video_not_found,,,Video file 27.mp4 not found
27,3,31,2.0,Smash,,video_not_found,,,Video file 27.mp4 not found
27,3,33,3.0,Clear,,video_not_found,,,Video file 27.mp4 not found
27,3,33,4.0,Smash,,video_not_found,,,Video file 27.mp4 not found
27,3,33,8.0,Clear,,video_not_found,,,Video file 27.mp4 not found
27,3,33,9.0,Clear,,video_not_found,,,Video file 27.mp4 not found
28,1,1,15.0,Smash,12074.0,success,28_set1_rally1_ball15_Smash.mp4,61 frames,
28,1,2,7.0,Clear,12735.0,success,28_set1_rally2_ball7_Clear.mp4,61 frames,
28,1,2,8.0,Smash,12769.0,success,28_set1_rally2_ball8_Smash.mp4,61 frames,
28,1,3,6.0,Smash,13498.0,success,28_set1_rally3_ball6_Smash.mp4,61 frames,
28,1,3,10.0,Smash,13602.0,success,28_set1_rally3_ball10_Smash.mp4,61 frames,
28,1,3,22.0,Clear,13888.0,success,28_set1_rally3_ball22_Clear.mp4,61 frames,
28,1,4,4.0,Smash,15214.0,success,28_set1_rally4_ball4_Smash.mp4,61 frames,
28,1,4,7.0,Smash,15294.0,success,28_set1_rally4_ball7_Smash.mp4,61 frames,
28,1,7,4.0,Smash,17808.0,success,28_set1_rally7_ball4_Smash.mp4,61 frames,
28,1,7,7.0,Smash,17891.0,success,28_set1_rally7_ball7_Smash.mp4,61 frames,
28,1,7,11.0,Smash,17966.0,success,28_set1_rally7_ball11_Smash.mp4,61 frames,
28,1,7,14.0,Clear,18031.0,success,28_set1_rally7_ball14_Clear.mp4,61 frames,
28,1,8,4.0,Smash,18700.0,success,28_set1_rally8_ball4_Smash.mp4,61 frames,
28,1,10,11.0,Smash,20621.0,success,28_set1_rally10_ball11_Smash.mp4,61 frames,
28,1,11,3.0,Smash,21552.0,success,28_set1_rally11_ball3_Smash.mp4,61 frames,
28,1,11,9.0,Smash,21686.0,success,28_set1_rally11_ball9_Smash.mp4,61 frames,
28,1,14,6.0,Smash,23731.0,success,28_set1_rally14_ball6_Smash.mp4,61 frames,
28,1,14,17.0,Smash,24034.0,success,28_set1_rally14_ball17_Smash.mp4,61 frames,
28,1,17,10.0,Smash,26556.0,success,28_set1_rally17_ball10_Smash.mp4,61 frames,
28,1,18,7.0,Clear,27323.0,success,28_set1_rally18_ball7_Clear.mp4,61 frames,
28,1,18,8.0,Smash,27359.0,success,28_set1_rally18_ball8_Smash.mp4,61 frames,
28,1,18,16.0,Smash,27602.0,success,28_set1_rally18_ball16_Smash.mp4,61 frames,
28,1,19,4.0,Smash,29065.0,success,28_set1_rally19_ball4_Smash.mp4,61 frames,
28,1,20,3.0,Smash,30516.0,success,28_set1_rally20_ball3_Smash.mp4,61 frames,
28,1,20,7.0,Smash,30624.0,success,28_set1_rally20_ball7_Smash.mp4,61 frames,
28,1,21,3.0,Smash,32618.0,success,28_set1_rally21_ball3_Smash.mp4,61 frames,
28,1,21,14.0,Smash,32857.0,success,28_set1_rally21_ball14_Smash.mp4,61 frames,
28,1,21,22.0,Clear,33087.0,success,28_set1_rally21_ball22_Clear.mp4,61 frames,
28,1,21,29.0,Clear,33290.0,success,28_set1_rally21_ball29_Clear.mp4,61 frames,
28,1,25,4.0,Smash,35668.0,success,28_set1_rally25_ball4_Smash.mp4,61 frames,
28,1,25,8.0,Smash,35744.0,success,28_set1_rally25_ball8_Smash.mp4,61 frames,
28,1,26,5.0,Smash,36506.0,success,28_set1_rally26_ball5_Smash.mp4,61 frames,
28,1,27,5.0,Smash,37170.0,success,28_set1_rally27_ball5_Smash.mp4,61 frames,
28,1,28,7.0,Smash,38021.0,success,28_set1_rally28_ball7_Smash.mp4,61 frames,
28,1,30,3.0,Clear,39500.0,success,28_set1_rally30_ball3_Clear.mp4,61 frames,
28,1,30,4.0,Smash,39526.0,success,28_set1_rally30_ball4_Smash.mp4,61 frames,
28,1,32,3.0,Smash,41245.0,success,28_set1_rally32_ball3_Smash.mp4,61 frames,
28,1,32,10.0,Smash,41438.0,success,28_set1_rally32_ball10_Smash.mp4,61 frames,
28,1,32,22.0,Smash,41754.0,success,28_set1_rally32_ball22_Smash.mp4,61 frames,
28,1,33,4.0,Smash,42478.0,success,28_set1_rally33_ball4_Smash.mp4,61 frames,
28,1,33,9.0,Clear,42582.0,success,28_set1_rally33_ball9_Clear.mp4,61 frames,
28,1,33,10.0,Clear,42619.0,success,28_set1_rally33_ball10_Clear.mp4,61 frames,
28,1,33,11.0,Smash,42660.0,success,28_set1_rally33_ball11_Smash.mp4,61 frames,
28,1,33,14.0,Clear,42738.0,success,28_set1_rally33_ball14_Clear.mp4,61 frames,
28,1,33,15.0,Smash,42771.0,success,28_set1_rally33_ball15_Smash.mp4,61 frames,
28,1,33,33.0,Clear,43305.0,success,28_set1_rally33_ball33_Clear.mp4,61 frames,
28,1,33,34.0,Smash,43342.0,success,28_set1_rally33_ball34_Smash.mp4,61 frames,
28,1,34,5.0,Smash,45305.0,success,28_set1_rally34_ball5_Smash.mp4,61 frames,
28,1,35,6.0,Smash,46016.0,success,28_set1_rally35_ball6_Smash.mp4,61 frames,
28,1,35,9.0,Smash,46084.0,success,28_set1_rally35_ball9_Smash.mp4,61 frames,
28,2,1,4.0,Smash,49720.0,success,28_set2_rally1_ball4_Smash.mp4,61 frames,
28,2,1,8.0,Smash,49819.0,success,28_set2_rally1_ball8_Smash.mp4,61 frames,
28,2,2,5.0,Smash,51452.0,success,28_set2_rally2_ball5_Smash.mp4,61 frames,
28,2,2,8.0,Clear,51546.0,success,28_set2_rally2_ball8_Clear.mp4,61 frames,
28,2,2,9.0,Smash,51576.0,success,28_set2_rally2_ball9_Smash.mp4,61 frames,
28,2,5,4.0,Smash,53462.0,success,28_set2_rally5_ball4_Smash.mp4,61 frames,
28,2,5,12.0,Smash,53699.0,success,28_set2_rally5_ball12_Smash.mp4,61 frames,
28,2,6,4.0,Clear,54529.0,success,28_set2_rally6_ball4_Clear.mp4,61 frames,
28,2,6,5.0,Smash,54565.0,success,28_set2_rally6_ball5_Smash.mp4,61 frames,
28,2,8,2.0,Smash,56186.0,success,28_set2_rally8_ball2_Smash.mp4,61 frames,
28,2,8,5.0,Smash,56246.0,success,28_set2_rally8_ball5_Smash.mp4,61 frames,
28,2,8,8.0,Smash,56315.0,success,28_set2_rally8_ball8_Smash.mp4,61 frames,
28,2,8,12.0,Smash,56385.0,success,28_set2_rally8_ball12_Smash.mp4,61 frames,
28,2,9,6.0,Smash,58274.0,success,28_set2_rally9_ball6_Smash.mp4,61 frames,
28,2,9,11.0,Smash,58398.0,success,28_set2_rally9_ball11_Smash.mp4,61 frames,
28,2,9,13.0,Clear,58447.0,success,28_set2_rally9_ball13_Clear.mp4,61 frames,
28,2,11,8.0,Smash,60239.0,success,28_set2_rally11_ball8_Smash.mp4,61 frames,
28,2,13,3.0,Smash,62018.0,success,28_set2_rally13_ball3_Smash.mp4,61 frames,
28,2,13,7.0,Smash,62106.0,success,28_set2_rally13_ball7_Smash.mp4,61 frames,
28,2,13,10.0,Clear,62184.0,success,28_set2_rally13_ball10_Clear.mp4,61 frames,
28,2,13,11.0,Smash,62225.0,success,28_set2_rally13_ball11_Smash.mp4,61 frames,
28,2,13,28.0,Smash,62750.0,success,28_set2_rally13_ball28_Smash.mp4,61 frames,
28,2,15,3.0,Smash,64669.0,success,28_set2_rally15_ball3_Smash.mp4,61 frames,
28,2,16,5.0,Smash,66330.0,success,28_set2_rally16_ball5_Smash.mp4,61 frames,
28,2,17,23.0,Smash,67912.0,success,28_set2_rally17_ball23_Smash.mp4,61 frames,
28,2,17,32.0,Clear,68175.0,success,28_set2_rally17_ball32_Clear.mp4,61 frames,
28,2,17,36.0,Clear,68299.0,success,28_set2_rally17_ball36_Clear.mp4,61 frames,
28,2,17,37.0,Clear,68334.0,success,28_set2_rally17_ball37_Clear.mp4,61 frames,
28,2,18,12.0,Smash,70243.0,success,28_set2_rally18_ball12_Smash.mp4,61 frames,
28,2,19,4.0,Smash,71550.0,success,28_set2_rally19_ball4_Smash.mp4,61 frames,
28,2,19,7.0,Smash,71624.0,success,28_set2_rally19_ball7_Smash.mp4,61 frames,
28,2,19,13.0,Smash,71780.0,success,28_set2_rally19_ball13_Smash.mp4,61 frames,
28,2,20,5.0,Smash,72743.0,success,28_set2_rally20_ball5_Smash.mp4,61 frames,
28,2,21,7.0,Smash,73619.0,success,28_set2_rally21_ball7_Smash.mp4,61 frames,
28,2,21,10.0,Smash,73692.0,success,28_set2_rally21_ball10_Smash.mp4,61 frames,
28,2,22,10.0,Smash,76092.0,success,28_set2_rally22_ball10_Smash.mp4,61 frames,
28,2,22,19.0,Smash,76323.0,success,28_set2_rally22_ball19_Smash.mp4,61 frames,
28,2,23,2.0,Smash,77473.0,success,28_set2_rally23_ball2_Smash.mp4,61 frames,
28,2,23,6.0,Smash,77574.0,success,28_set2_rally23_ball6_Smash.mp4,61 frames,
28,2,24,14.0,Clear,79495.0,success,28_set2_rally24_ball14_Clear.mp4,61 frames,
28,2,25,8.0,Clear,80869.0,success,28_set2_rally25_ball8_Clear.mp4,61 frames,
28,2,25,9.0,Smash,80909.0,success,28_set2_rally25_ball9_Smash.mp4,61 frames,
28,2,26,11.0,Smash,81881.0,success,28_set2_rally26_ball11_Smash.mp4,61 frames,
28,2,26,14.0,Smash,81972.0,success,28_set2_rally26_ball14_Smash.mp4,61 frames,
28,2,26,17.0,Smash,82051.0,success,28_set2_rally26_ball17_Smash.mp4,61 frames,
28,2,26,20.0,Smash,82137.0,success,28_set2_rally26_ball20_Smash.mp4,61 frames,
28,2,26,23.0,Smash,82212.0,success,28_set2_rally26_ball23_Smash.mp4,61 frames,
28,2,27,10.0,Smash,83802.0,success,28_set2_rally27_ball10_Smash.mp4,61 frames,
28,2,28,2.0,Smash,84396.0,success,28_set2_rally28_ball2_Smash.mp4,61 frames,
28,2,30,3.0,Smash,87187.0,success,28_set2_rally30_ball3_Smash.mp4,61 frames,
28,2,30,11.0,Smash,87381.0,success,28_set2_rally30_ball11_Smash.mp4,61 frames,
28,2,30,15.0,Clear,87500.0,success,28_set2_rally30_ball15_Clear.mp4,61 frames,
28,2,30,16.0,Smash,87530.0,success,28_set2_rally30_ball16_Smash.mp4,61 frames,
28,2,31,8.0,Smash,88460.0,success,28_set2_rally31_ball8_Smash.mp4,61 frames,
28,2,32,7.0,Clear,89415.0,success,28_set2_rally32_ball7_Clear.mp4,61 frames,
28,2,34,4.0,Smash,90415.0,success,28_set2_rally34_ball4_Smash.mp4,61 frames,
28,2,34,14.0,Clear,90661.0,success,28_set2_rally34_ball14_Clear.mp4,61 frames,
28,2,35,2.0,Smash,91374.0,success,28_set2_rally35_ball2_Smash.mp4,61 frames,
29,1,1,4.0,Clear,10546.0,success,29_set1_rally1_ball4_Clear.mp4,61 frames,
29,1,1,5.0,Smash,10576.0,success,29_set1_rally1_ball5_Smash.mp4,61 frames,
29,1,2,2.0,Clear,11152.0,success,29_set1_rally2_ball2_Clear.mp4,61 frames,
29,1,2,3.0,Clear,11181.0,success,29_set1_rally2_ball3_Clear.mp4,61 frames,
29,1,3,2.0,Clear,11718.0,success,29_set1_rally3_ball2_Clear.mp4,61 frames,
29,1,3,3.0,Smash,11757.0,success,29_set1_rally3_ball3_Smash.mp4,61 frames,
29,1,3,6.0,Smash,11831.0,success,29_set1_rally3_ball6_Smash.mp4,61 frames,
29,1,3,9.0,Clear,11904.0,success,29_set1_rally3_ball9_Clear.mp4,61 frames,
29,1,3,10.0,Smash,11927.0,success,29_set1_rally3_ball10_Smash.mp4,61 frames,
29,1,3,13.0,Clear,12023.0,success,29_set1_rally3_ball13_Clear.mp4,61 frames,
29,1,4,3.0,Clear,12783.0,success,29_set1_rally4_ball3_Clear.mp4,61 frames,
29,1,6,4.0,Smash,14270.0,success,29_set1_rally6_ball4_Smash.mp4,61 frames,
29,1,6,8.0,Clear,14381.0,success,29_set1_rally6_ball8_Clear.mp4,61 frames,
29,1,6,9.0,Smash,14412.0,success,29_set1_rally6_ball9_Smash.mp4,61 frames,
29,1,6,12.0,Clear,14482.0,success,29_set1_rally6_ball12_Clear.mp4,61 frames,
29,1,7,4.0,Smash,15475.0,success,29_set1_rally7_ball4_Smash.mp4,61 frames,
29,1,8,2.0,Smash,16382.0,success,29_set1_rally8_ball2_Smash.mp4,61 frames,
29,1,9,2.0,Clear,17003.0,success,29_set1_rally9_ball2_Clear.mp4,61 frames,
29,1,9,3.0,Clear,17039.0,success,29_set1_rally9_ball3_Clear.mp4,61 frames,
29,1,9,4.0,Clear,17069.0,success,29_set1_rally9_ball4_Clear.mp4,61 frames,
29,1,9,5.0,Smash,17116.0,success,29_set1_rally9_ball5_Smash.mp4,61 frames,
29,1,10,4.0,Clear,17961.0,success,29_set1_rally10_ball4_Clear.mp4,61 frames,
29,1,12,2.0,Smash,19400.0,success,29_set1_rally12_ball2_Smash.mp4,61 frames,
29,1,12,5.0,Clear,19488.0,success,29_set1_rally12_ball5_Clear.mp4,61 frames,
29,1,12,9.0,Clear,19607.0,success,29_set1_rally12_ball9_Clear.mp4,61 frames,
29,1,12,10.0,Smash,19644.0,success,29_set1_rally12_ball10_Smash.mp4,61 frames,
29,1,13,3.0,Clear,20403.0,success,29_set1_rally13_ball3_Clear.mp4,61 frames,
29,1,13,13.0,Clear,20712.0,success,29_set1_rally13_ball13_Clear.mp4,61 frames,
29,1,13,14.0,Smash,20747.0,success,29_set1_rally13_ball14_Smash.mp4,61 frames,
29,1,15,6.0,Clear,22447.0,success,29_set1_rally15_ball6_Clear.mp4,61 frames,
29,1,17,4.0,Clear,23838.0,success,29_set1_rally17_ball4_Clear.mp4,61 frames,
29,1,17,5.0,Clear,23870.0,success,29_set1_rally17_ball5_Clear.mp4,61 frames,
29,1,17,6.0,Clear,23909.0,success,29_set1_rally17_ball6_Clear.mp4,61 frames,
29,1,17,7.0,Clear,23940.0,success,29_set1_rally17_ball7_Clear.mp4,61 frames,
29,1,17,8.0,Clear,23985.0,success,29_set1_rally17_ball8_Clear.mp4,61 frames,
29,1,17,9.0,Clear,24012.0,success,29_set1_rally17_ball9_Clear.mp4,61 frames,
29,1,17,12.0,Smash,24117.0,success,29_set1_rally17_ball12_Smash.mp4,61 frames,
29,1,18,4.0,Smash,26470.0,success,29_set1_rally18_ball4_Smash.mp4,61 frames,
29,1,19,2.0,Clear,27204.0,success,29_set1_rally19_ball2_Clear.mp4,61 frames,
29,1,19,3.0,Clear,27243.0,success,29_set1_rally19_ball3_Clear.mp4,61 frames,
29,1,19,7.0,Smash,27373.0,success,29_set1_rally19_ball7_Smash.mp4,61 frames,
29,1,19,10.0,Clear,27452.0,success,29_set1_rally19_ball10_Clear.mp4,61 frames,
29,1,19,11.0,Clear,27483.0,success,29_set1_rally19_ball11_Clear.mp4,61 frames,
29,1,19,14.0,Clear,27587.0,success,29_set1_rally19_ball14_Clear.mp4,61 frames,
29,1,21,2.0,Clear,29380.0,success,29_set1_rally21_ball2_Clear.mp4,61 frames,
29,1,21,3.0,Smash,29415.0,success,29_set1_rally21_ball3_Smash.mp4,61 frames,
29,1,22,2.0,Smash,30673.0,success,29_set1_rally22_ball2_Smash.mp4,61 frames,
29,1,22,7.0,Smash,30810.0,success,29_set1_rally22_ball7_Smash.mp4,61 frames,
29,1,22,21.0,Clear,31241.0,success,29_set1_rally22_ball21_Clear.mp4,61 frames,
29,1,22,26.0,Clear,31393.0,success,29_set1_rally22_ball26_Clear.mp4,61 frames,
29,1,22,27.0,Clear,31439.0,success,29_set1_rally22_ball27_Clear.mp4,61 frames,
29,1,22,28.0,Clear,31471.0,success,29_set1_rally22_ball28_Clear.mp4,61 frames,
29,1,22,29.0,Clear,31497.0,success,29_set1_rally22_ball29_Clear.mp4,61 frames,
29,1,23,4.0,Clear,32442.0,success,29_set1_rally23_ball4_Clear.mp4,61 frames,
29,1,23,5.0,Smash,32470.0,success,29_set1_rally23_ball5_Smash.mp4,61 frames,
29,1,23,7.0,Clear,32506.0,success,29_set1_rally23_ball7_Clear.mp4,61 frames,
29,1,23,10.0,Clear,32573.0,success,29_set1_rally23_ball10_Clear.mp4,61 frames,
29,1,23,11.0,Clear,32605.0,success,29_set1_rally23_ball11_Clear.mp4,61 frames,
29,1,23,12.0,Smash,32639.0,success,29_set1_rally23_ball12_Smash.mp4,61 frames,
29,1,23,16.0,Smash,32771.0,success,29_set1_rally23_ball16_Smash.mp4,61 frames,
29,1,23,22.0,Smash,32917.0,success,29_set1_rally23_ball22_Smash.mp4,61 frames,
29,1,24,6.0,Smash,34145.0,success,29_set1_rally24_ball6_Smash.mp4,61 frames,
29,1,25,6.0,Smash,34926.0,success,29_set1_rally25_ball6_Smash.mp4,61 frames,
29,1,26,3.0,Clear,35721.0,success,29_set1_rally26_ball3_Clear.mp4,61 frames,
29,1,26,4.0,Smash,35758.0,success,29_set1_rally26_ball4_Smash.mp4,61 frames,
29,1,27,3.0,Smash,36370.0,success,29_set1_rally27_ball3_Smash.mp4,61 frames,
29,1,28,2.0,Clear,37704.0,success,29_set1_rally28_ball2_Clear.mp4,61 frames,
29,1,28,3.0,Clear,37739.0,success,29_set1_rally28_ball3_Clear.mp4,61 frames,
29,1,29,3.0,Smash,38310.0,success,29_set1_rally29_ball3_Smash.mp4,61 frames,
29,1,30,2.0,Clear,38918.0,success,29_set1_rally30_ball2_Clear.mp4,61 frames,
29,1,30,5.0,Clear,39021.0,success,29_set1_rally30_ball5_Clear.mp4,61 frames,
29,1,30,6.0,Clear,39056.0,success,29_set1_rally30_ball6_Clear.mp4,61 frames,
29,1,30,7.0,Clear,39085.0,success,29_set1_rally30_ball7_Clear.mp4,61 frames,
29,1,30,8.0,Smash,39125.0,success,29_set1_rally30_ball8_Smash.mp4,61 frames,
29,1,30,16.0,Smash,39379.0,success,29_set1_rally30_ball16_Smash.mp4,61 frames,
29,1,30,19.0,Clear,39450.0,success,29_set1_rally30_ball19_Clear.mp4,61 frames,
29,1,30,20.0,Smash,39485.0,success,29_set1_rally30_ball20_Smash.mp4,61 frames,
29,1,33,6.0,Clear,41775.0,success,29_set1_rally33_ball6_Clear.mp4,61 frames,
29,1,33,7.0,Smash,41807.0,success,29_set1_rally33_ball7_Smash.mp4,61 frames,
29,1,34,2.0,Clear,42437.0,success,29_set1_rally34_ball2_Clear.mp4,61 frames,
29,1,34,3.0,Clear,42475.0,success,29_set1_rally34_ball3_Clear.mp4,61 frames,
29,1,35,2.0,Smash,43270.0,success,29_set1_rally35_ball2_Smash.mp4,61 frames,
29,1,35,7.0,Clear,43383.0,success,29_set1_rally35_ball7_Clear.mp4,61 frames,
29,1,35,8.0,Smash,43416.0,success,29_set1_rally35_ball8_Smash.mp4,61 frames,
29,1,35,11.0,Clear,43525.0,success,29_set1_rally35_ball11_Clear.mp4,61 frames,
29,1,35,12.0,Clear,43563.0,success,29_set1_rally35_ball12_Clear.mp4,61 frames,
29,1,35,13.0,Smash,43603.0,success,29_set1_rally35_ball13_Smash.mp4,61 frames,
29,1,35,17.0,Smash,43675.0,success,29_set1_rally35_ball17_Smash.mp4,61 frames,
29,1,35,19.0,Smash,43723.0,success,29_set1_rally35_ball19_Smash.mp4,61 frames,
29,1,36,4.0,Clear,45041.0,success,29_set1_rally36_ball4_Clear.mp4,61 frames,
29,1,36,5.0,Clear,45071.0,success,29_set1_rally36_ball5_Clear.mp4,61 frames,
29,2,2,3.0,Smash,49801.0,success,29_set2_rally2_ball3_Smash.mp4,61 frames,
29,2,2,7.0,Smash,49893.0,success,29_set2_rally2_ball7_Smash.mp4,61 frames,
29,2,2,13.0,Clear,50067.0,success,29_set2_rally2_ball13_Clear.mp4,61 frames,
29,2,3,3.0,Smash,51036.0,success,29_set2_rally3_ball3_Smash.mp4,61 frames,
29,2,4,5.0,Clear,51739.0,success,29_set2_rally4_ball5_Clear.mp4,61 frames,
29,2,4,6.0,Smash,51776.0,success,29_set2_rally4_ball6_Smash.mp4,61 frames,
29,2,5,4.0,Smash,52501.0,success,29_set2_rally5_ball4_Smash.mp4,61 frames,
29,2,6,13.0,Clear,53415.0,success,29_set2_rally6_ball13_Clear.mp4,61 frames,
29,2,6,14.0,Smash,53454.0,success,29_set2_rally6_ball14_Smash.mp4,61 frames,
29,2,8,2.0,Smash,54655.0,success,29_set2_rally8_ball2_Smash.mp4,61 frames,
29,2,8,6.0,Clear,54781.0,success,29_set2_rally8_ball6_Clear.mp4,61 frames,
29,2,8,12.0,Smash,54980.0,success,29_set2_rally8_ball12_Smash.mp4,61 frames,
29,2,8,16.0,Smash,55098.0,success,29_set2_rally8_ball16_Smash.mp4,61 frames,
29,2,9,10.0,Smash,56298.0,success,29_set2_rally9_ball10_Smash.mp4,61 frames,
29,2,10,3.0,Smash,57102.0,success,29_set2_rally10_ball3_Smash.mp4,61 frames,
29,2,10,5.0,Smash,57146.0,success,29_set2_rally10_ball5_Smash.mp4,61 frames,
29,2,11,3.0,Clear,57938.0,success,29_set2_rally11_ball3_Clear.mp4,61 frames,
29,2,13,4.0,Clear,59829.0,success,29_set2_rally13_ball4_Clear.mp4,61 frames,
29,2,13,5.0,Clear,59857.0,success,29_set2_rally13_ball5_Clear.mp4,61 frames,
29,2,13,6.0,Smash,59880.0,success,29_set2_rally13_ball6_Smash.mp4,61 frames,
29,2,15,7.0,Smash,61371.0,success,29_set2_rally15_ball7_Smash.mp4,61 frames,
29,2,15,10.0,Smash,61449.0,success,29_set2_rally15_ball10_Smash.mp4,61 frames,
29,2,15,14.0,Smash,61570.0,success,29_set2_rally15_ball14_Smash.mp4,61 frames,
29,2,17,3.0,Smash,65267.0,success,29_set2_rally17_ball3_Smash.mp4,61 frames,
29,2,17,7.0,Clear,65381.0,success,29_set2_rally17_ball7_Clear.mp4,61 frames,
29,2,18,4.0,Smash,66005.0,success,29_set2_rally18_ball4_Smash.mp4,61 frames,
29,2,18,10.0,Smash,66185.0,success,29_set2_rally18_ball10_Smash.mp4,61 frames,
29,2,20,3.0,Clear,67563.0,success,29_set2_rally20_ball3_Clear.mp4,61 frames,
29,2,20,4.0,Smash,67590.0,success,29_set2_rally20_ball4_Smash.mp4,61 frames,
29,2,21,4.0,Clear,68992.0,success,29_set2_rally21_ball4_Clear.mp4,61 frames,
29,2,21,10.0,Smash,69186.0,success,29_set2_rally21_ball10_Smash.mp4,61 frames,
29,2,21,13.0,Smash,69264.0,success,29_set2_rally21_ball13_Smash.mp4,61 frames,
29,2,22,7.0,Clear,70266.0,success,29_set2_rally22_ball7_Clear.mp4,61 frames,
29,2,22,8.0,Smash,70320.0,success,29_set2_rally22_ball8_Smash.mp4,61 frames,
29,2,23,4.0,Smash,71533.0,success,29_set2_rally23_ball4_Smash.mp4,61 frames,
29,2,24,4.0,Clear,72252.0,success,29_set2_rally24_ball4_Clear.mp4,61 frames,
29,2,25,5.0,Smash,73038.0,success,29_set2_rally25_ball5_Smash.mp4,61 frames,
29,2,25,8.0,Smash,73109.0,success,29_set2_rally25_ball8_Smash.mp4,61 frames,
29,2,25,14.0,Smash,73246.0,success,29_set2_rally25_ball14_Smash.mp4,61 frames,
29,2,26,6.0,Smash,74914.0,success,29_set2_rally26_ball6_Smash.mp4,61 frames,
29,2,26,14.0,Clear,75167.0,success,29_set2_rally26_ball14_Clear.mp4,61 frames,
29,2,26,15.0,Clear,75189.0,success,29_set2_rally26_ball15_Clear.mp4,61 frames,
29,2,26,16.0,Clear,75242.0,success,29_set2_rally26_ball16_Clear.mp4,61 frames,
29,2,26,17.0,Clear,75275.0,success,29_set2_rally26_ball17_Clear.mp4,61 frames,
29,2,26,20.0,Clear,75384.0,success,29_set2_rally26_ball20_Clear.mp4,61 frames,
29,2,27,3.0,Clear,76472.0,success,29_set2_rally27_ball3_Clear.mp4,61 frames,
29,2,27,4.0,Smash,76508.0,success,29_set2_rally27_ball4_Smash.mp4,61 frames,
29,2,27,7.0,Clear,76592.0,success,29_set2_rally27_ball7_Clear.mp4,61 frames,
29,2,29,5.0,Clear,78422.0,success,29_set2_rally29_ball5_Clear.mp4,61 frames,
29,2,29,9.0,Smash,78514.0,success,29_set2_rally29_ball9_Smash.mp4,61 frames,
29,2,30,7.0,Clear,79515.0,success,29_set2_rally30_ball7_Clear.mp4,61 frames,
29,2,30,8.0,Smash,79543.0,success,29_set2_rally30_ball8_Smash.mp4,61 frames,
29,2,30,16.0,Clear,79785.0,success,29_set2_rally30_ball16_Clear.mp4,61 frames,
29,2,30,19.0,Clear,79879.0,success,29_set2_rally30_ball19_Clear.mp4,61 frames,
29,2,31,5.0,Smash,80839.0,success,29_set2_rally31_ball5_Smash.mp4,61 frames,
29,2,31,9.0,Clear,80951.0,success,29_set2_rally31_ball9_Clear.mp4,61 frames,
29,2,31,12.0,Smash,81043.0,success,29_set2_rally31_ball12_Smash.mp4,61 frames,
29,2,32,8.0,Smash,82515.0,success,29_set2_rally32_ball8_Smash.mp4,61 frames,
29,2,33,9.0,Smash,83320.0,success,29_set2_rally33_ball9_Smash.mp4,61 frames,
29,2,33,13.0,Smash,83450.0,success,29_set2_rally33_ball13_Smash.mp4,61 frames,
29,2,33,15.0,Smash,83498.0,success,29_set2_rally33_ball15_Smash.mp4,61 frames,
29,2,33,17.0,Smash,83555.0,success,29_set2_rally33_ball17_Smash.mp4,61 frames,
29,2,33,21.0,Smash,83668.0,success,29_set2_rally33_ball21_Smash.mp4,61 frames,
29,2,33,25.0,Clear,83792.0,success,29_set2_rally33_ball25_Clear.mp4,61 frames,
29,2,33,26.0,Smash,83831.0,success,29_set2_rally33_ball26_Smash.mp4,61 frames,
29,2,33,30.0,Smash,83939.0,success,29_set2_rally33_ball30_Smash.mp4,61 frames,
29,2,36,6.0,Smash,86840.0,success,29_set2_rally36_ball6_Smash.mp4,61 frames,
29,2,37,3.0,Smash,87864.0,success,29_set2_rally37_ball3_Smash.mp4,61 frames,
29,2,37,6.0,Clear,87951.0,success,29_set2_rally37_ball6_Clear.mp4,61 frames,
29,2,37,7.0,Smash,87988.0,success,29_set2_rally37_ball7_Smash.mp4,61 frames,
29,2,38,2.0,Smash,88848.0,success,29_set2_rally38_ball2_Smash.mp4,61 frames,
29,2,39,2.0,Smash,89729.0,success,29_set2_rally39_ball2_Smash.mp4,61 frames,
29,2,39,6.0,Smash,89825.0,success,29_set2_rally39_ball6_Smash.mp4,61 frames,
29,2,39,15.0,Smash,90022.0,success,29_set2_rally39_ball15_Smash.mp4,61 frames,
30,1,2,2.0,Clear,12434.0,success,30_set1_rally2_ball2_Clear.mp4,61 frames,
30,1,3,4.0,Clear,13446.0,success,30_set1_rally3_ball4_Clear.mp4,61 frames,
30,1,3,5.0,Clear,13486.0,success,30_set1_rally3_ball5_Clear.mp4,61 frames,
30,1,3,6.0,Clear,13523.0,success,30_set1_rally3_ball6_Clear.mp4,61 frames,
30,1,3,7.0,Smash,13555.0,success,30_set1_rally3_ball7_Smash.mp4,61 frames,
30,1,4,2.0,Smash,14436.0,success,30_set1_rally4_ball2_Smash.mp4,61 frames,
30,1,4,6.0,Smash,14549.0,success,30_set1_rally4_ball6_Smash.mp4,61 frames,
30,1,4,10.0,Clear,14641.0,success,30_set1_rally4_ball10_Clear.mp4,61 frames,
30,1,4,11.0,Smash,14669.0,success,30_set1_rally4_ball11_Smash.mp4,61 frames,
30,1,5,14.0,Smash,15676.0,success,30_set1_rally5_ball14_Smash.mp4,61 frames,
30,1,5,20.0,Clear,15845.0,success,30_set1_rally5_ball20_Clear.mp4,61 frames,
30,1,5,21.0,Smash,15886.0,success,30_set1_rally5_ball21_Smash.mp4,61 frames,
30,1,5,24.0,Clear,15958.0,success,30_set1_rally5_ball24_Clear.mp4,61 frames,
30,1,8,8.0,Smash,19176.0,success,30_set1_rally8_ball8_Smash.mp4,61 frames,
30,1,8,12.0,Clear,19281.0,success,30_set1_rally8_ball12_Clear.mp4,61 frames,
30,1,8,18.0,Clear,19447.0,success,30_set1_rally8_ball18_Clear.mp4,61 frames,
30,1,8,23.0,Clear,19598.0,success,30_set1_rally8_ball23_Clear.mp4,61 frames,
30,1,8,24.0,Clear,19634.0,success,30_set1_rally8_ball24_Clear.mp4,61 frames,
30,1,9,4.0,Clear,21231.0,success,30_set1_rally9_ball4_Clear.mp4,61 frames,
30,1,10,3.0,Clear,22315.0,success,30_set1_rally10_ball3_Clear.mp4,61 frames,
30,1,10,4.0,Clear,22355.0,success,30_set1_rally10_ball4_Clear.mp4,61 frames,
30,1,10,5.0,Smash,22395.0,success,30_set1_rally10_ball5_Smash.mp4,61 frames,
30,1,13,3.0,Smash,24331.0,success,30_set1_rally13_ball3_Smash.mp4,61 frames,
30,1,13,6.0,Smash,24400.0,success,30_set1_rally13_ball6_Smash.mp4,61 frames,
30,1,14,9.0,Clear,25098.0,success,30_set1_rally14_ball9_Clear.mp4,61 frames,
30,1,15,2.0,Smash,26758.0,success,30_set1_rally15_ball2_Smash.mp4,61 frames,
30,1,16,4.0,Clear,27545.0,success,30_set1_rally16_ball4_Clear.mp4,61 frames,
30,1,17,3.0,Clear,30631.0,success,30_set1_rally17_ball3_Clear.mp4,61 frames,
30,1,17,4.0,Smash,30664.0,success,30_set1_rally17_ball4_Smash.mp4,61 frames,
30,1,18,6.0,Clear,31255.0,success,30_set1_rally18_ball6_Clear.mp4,61 frames,
30,1,18,10.0,Smash,31393.0,success,30_set1_rally18_ball10_Smash.mp4,61 frames,
30,1,19,5.0,Clear,33103.0,success,30_set1_rally19_ball5_Clear.mp4,61 frames,
30,1,21,5.0,Clear,35142.0,success,30_set1_rally21_ball5_Clear.mp4,61 frames,
30,1,22,2.0,Clear,36096.0,success,30_set1_rally22_ball2_Clear.mp4,61 frames,
30,1,22,9.0,Clear,36300.0,success,30_set1_rally22_ball9_Clear.mp4,61 frames,
30,1,22,10.0,Clear,36346.0,success,30_set1_rally22_ball10_Clear.mp4,61 frames,
30,1,22,11.0,Smash,36385.0,success,30_set1_rally22_ball11_Smash.mp4,61 frames,
30,1,23,3.0,Clear,37543.0,success,30_set1_rally23_ball3_Clear.mp4,61 frames,
30,1,24,2.0,Smash,38158.0,success,30_set1_rally24_ball2_Smash.mp4,61 frames,
30,1,25,15.0,Smash,39444.0,success,30_set1_rally25_ball15_Smash.mp4,61 frames,
30,1,25,17.0,Clear,39491.0,success,30_set1_rally25_ball17_Clear.mp4,61 frames,
30,1,25,18.0,Smash,39553.0,success,30_set1_rally25_ball18_Smash.mp4,61 frames,
30,1,25,20.0,Smash,39606.0,success,30_set1_rally25_ball20_Smash.mp4,61 frames,
30,1,27,9.0,Clear,41980.0,success,30_set1_rally27_ball9_Clear.mp4,61 frames,
30,1,27,10.0,Smash,42000.0,success,30_set1_rally27_ball10_Smash.mp4,61 frames,
30,1,28,2.0,Clear,43042.0,success,30_set1_rally28_ball2_Clear.mp4,61 frames,
30,1,29,12.0,Clear,43975.0,success,30_set1_rally29_ball12_Clear.mp4,61 frames,
30,1,29,13.0,Clear,44009.0,success,30_set1_rally29_ball13_Clear.mp4,61 frames,
30,1,29,18.0,Clear,44125.0,success,30_set1_rally29_ball18_Clear.mp4,61 frames,
30,1,29,19.0,Smash,44178.0,success,30_set1_rally29_ball19_Smash.mp4,61 frames,
30,1,30,9.0,Clear,45232.0,success,30_set1_rally30_ball9_Clear.mp4,61 frames,
30,1,30,10.0,Clear,45273.0,success,30_set1_rally30_ball10_Clear.mp4,61 frames,
30,1,30,11.0,Clear,45319.0,success,30_set1_rally30_ball11_Clear.mp4,61 frames,
30,1,30,12.0,Clear,45366.0,success,30_set1_rally30_ball12_Clear.mp4,61 frames,
30,1,30,13.0,Clear,45412.0,success,30_set1_rally30_ball13_Clear.mp4,61 frames,
30,1,30,14.0,Clear,45461.0,success,30_set1_rally30_ball14_Clear.mp4,61 frames,
30,1,30,19.0,Clear,45617.0,success,30_set1_rally30_ball19_Clear.mp4,61 frames,
30,1,31,2.0,Clear,46539.0,success,30_set1_rally31_ball2_Clear.mp4,61 frames,
30,1,31,3.0,Smash,46576.0,success,30_set1_rally31_ball3_Smash.mp4,61 frames,
30,1,31,10.0,Clear,46766.0,success,30_set1_rally31_ball10_Clear.mp4,61 frames,
30,1,31,11.0,Clear,46798.0,success,30_set1_rally31_ball11_Clear.mp4,61 frames,
30,1,32,7.0,Clear,47766.0,success,30_set1_rally32_ball7_Clear.mp4,61 frames,
30,1,32,8.0,Smash,47802.0,success,30_set1_rally32_ball8_Smash.mp4,61 frames,
30,1,34,8.0,Clear,49549.0,success,30_set1_rally34_ball8_Clear.mp4,61 frames,
30,1,34,11.0,Clear,49635.0,success,30_set1_rally34_ball11_Clear.mp4,61 frames,
30,2,3,3.0,Smash,54848.0,success,30_set2_rally3_ball3_Smash.mp4,61 frames,
30,2,3,6.0,Clear,54912.0,success,30_set2_rally3_ball6_Clear.mp4,61 frames,
30,2,3,7.0,Smash,54934.0,success,30_set2_rally3_ball7_Smash.mp4,61 frames,
30,2,5,10.0,Smash,56199.0,success,30_set2_rally5_ball10_Smash.mp4,61 frames,
30,2,7,4.0,Clear,57830.0,success,30_set2_rally7_ball4_Clear.mp4,61 frames,
30,2,7,9.0,Clear,57976.0,success,30_set2_rally7_ball9_Clear.mp4,61 frames,
30,2,8,10.0,Clear,59656.0,success,30_set2_rally8_ball10_Clear.mp4,61 frames,
30,2,9,6.0,Clear,61146.0,success,30_set2_rally9_ball6_Clear.mp4,61 frames,
30,2,9,22.0,Clear,61632.0,success,30_set2_rally9_ball22_Clear.mp4,61 frames,
30,2,9,23.0,Clear,61663.0,success,30_set2_rally9_ball23_Clear.mp4,61 frames,
30,2,9,24.0,Clear,61693.0,success,30_set2_rally9_ball24_Clear.mp4,61 frames,
30,2,11,3.0,Smash,63590.0,success,30_set2_rally11_ball3_Smash.mp4,61 frames,
30,2,12,2.0,Clear,64310.0,success,30_set2_rally12_ball2_Clear.mp4,61 frames,
30,2,12,3.0,Clear,64335.0,success,30_set2_rally12_ball3_Clear.mp4,61 frames,
30,2,12,4.0,Smash,64384.0,success,30_set2_rally12_ball4_Smash.mp4,61 frames,
30,2,13,2.0,Smash,65329.0,success,30_set2_rally13_ball2_Smash.mp4,61 frames,
30,2,15,3.0,Clear,66736.0,success,30_set2_rally15_ball3_Clear.mp4,61 frames,
30,2,15,6.0,Clear,66828.0,success,30_set2_rally15_ball6_Clear.mp4,61 frames,
30,2,19,4.0,Clear,70581.0,success,30_set2_rally19_ball4_Clear.mp4,61 frames,
30,2,19,8.0,Smash,70723.0,success,30_set2_rally19_ball8_Smash.mp4,61 frames,
30,2,19,19.0,Clear,71026.0,success,30_set2_rally19_ball19_Clear.mp4,61 frames,
30,2,22,7.0,Clear,74953.0,success,30_set2_rally22_ball7_Clear.mp4,61 frames,
30,2,22,10.0,Smash,75029.0,success,30_set2_rally22_ball10_Smash.mp4,61 frames,
30,2,23,4.0,Clear,75646.0,success,30_set2_rally23_ball4_Clear.mp4,61 frames,
30,2,23,8.0,Clear,75773.0,success,30_set2_rally23_ball8_Clear.mp4,61 frames,
30,2,23,17.0,Clear,75975.0,success,30_set2_rally23_ball17_Clear.mp4,61 frames,
30,2,24,3.0,Clear,77086.0,success,30_set2_rally24_ball3_Clear.mp4,61 frames,
30,2,24,17.0,Smash,77516.0,success,30_set2_rally24_ball17_Smash.mp4,61 frames,
30,2,25,5.0,Smash,79191.0,success,30_set2_rally25_ball5_Smash.mp4,61 frames,
30,2,25,9.0,Smash,79288.0,success,30_set2_rally25_ball9_Smash.mp4,61 frames,
30,2,26,3.0,Clear,80181.0,success,30_set2_rally26_ball3_Clear.mp4,61 frames,
30,2,26,4.0,Smash,80207.0,success,30_set2_rally26_ball4_Smash.mp4,61 frames,
30,2,27,3.0,Clear,81738.0,success,30_set2_rally27_ball3_Clear.mp4,61 frames,
30,2,27,4.0,Smash,81765.0,success,30_set2_rally27_ball4_Smash.mp4,61 frames,
30,2,27,6.0,Smash,81809.0,success,30_set2_rally27_ball6_Smash.mp4,61 frames,
30,2,27,11.0,Clear,81914.0,success,30_set2_rally27_ball11_Clear.mp4,61 frames,
30,2,27,15.0,Clear,82056.0,success,30_set2_rally27_ball15_Clear.mp4,61 frames,
30,2,27,20.0,Clear,82212.0,success,30_set2_rally27_ball20_Clear.mp4,61 frames,
30,2,27,21.0,Clear,82257.0,success,30_set2_rally27_ball21_Clear.mp4,61 frames,
30,2,27,26.0,Smash,82448.0,success,30_set2_rally27_ball26_Smash.mp4,61 frames,
30,2,29,4.0,Clear,85079.0,success,30_set2_rally29_ball4_Clear.mp4,61 frames,
30,2,30,2.0,Smash,86361.0,success,30_set2_rally30_ball2_Smash.mp4,61 frames,
30,2,32,6.0,Smash,88158.0,success,30_set2_rally32_ball6_Smash.mp4,61 frames,
30,2,33,11.0,Smash,92583.0,success,30_set2_rally33_ball11_Smash.mp4,61 frames,
30,2,33,15.0,Clear,92685.0,success,30_set2_rally33_ball15_Clear.mp4,61 frames,
30,2,33,16.0,Smash,92730.0,success,30_set2_rally33_ball16_Smash.mp4,61 frames,
30,2,37,10.0,Smash,97139.0,success,30_set2_rally37_ball10_Smash.mp4,61 frames,
30,2,38,4.0,Clear,99142.0,success,30_set2_rally38_ball4_Clear.mp4,61 frames,
30,2,38,7.0,Smash,99239.0,success,30_set2_rally38_ball7_Smash.mp4,61 frames,
30,3,2,18.0,Clear,107719.0,success,30_set3_rally2_ball18_Clear.mp4,61 frames,
30,3,2,26.0,Smash,107921.0,success,30_set3_rally2_ball26_Smash.mp4,61 frames,
30,3,3,4.0,Clear,109353.0,success,30_set3_rally3_ball4_Clear.mp4,61 frames,
30,3,3,5.0,Smash,109386.0,success,30_set3_rally3_ball5_Smash.mp4,61 frames,
30,3,4,2.0,Clear,110041.0,success,30_set3_rally4_ball2_Clear.mp4,61 frames,
30,3,4,3.0,Clear,110073.0,success,30_set3_rally4_ball3_Clear.mp4,61 frames,
30,3,4,4.0,Clear,110127.0,success,30_set3_rally4_ball4_Clear.mp4,61 frames,
30,3,5,5.0,Smash,111527.0,success,30_set3_rally5_ball5_Smash.mp4,61 frames,
30,3,8,7.0,Smash,113328.0,success,30_set3_rally8_ball7_Smash.mp4,61 frames,
30,3,12,7.0,Smash,116110.0,success,30_set3_rally12_ball7_Smash.mp4,61 frames,
30,3,12,13.0,Clear,116278.0,success,30_set3_rally12_ball13_Clear.mp4,61 frames,
30,3,15,3.0,Smash,118758.0,success,30_set3_rally15_ball3_Smash.mp4,61 frames,
30,3,16,6.0,Clear,119478.0,success,30_set3_rally16_ball6_Clear.mp4,61 frames,
30,3,16,7.0,Clear,119508.0,success,30_set3_rally16_ball7_Clear.mp4,61 frames,
30,3,16,10.0,Smash,119593.0,success,30_set3_rally16_ball10_Smash.mp4,61 frames,
30,3,16,12.0,Smash,119625.0,success,30_set3_rally16_ball12_Smash.mp4,61 frames,
30,3,17,10.0,Clear,120751.0,success,30_set3_rally17_ball10_Clear.mp4,61 frames,
30,3,17,11.0,Clear,120796.0,success,30_set3_rally17_ball11_Clear.mp4,61 frames,
30,3,17,12.0,Smash,120826.0,success,30_set3_rally17_ball12_Smash.mp4,61 frames,
30,3,18,4.0,Smash,121877.0,success,30_set3_rally18_ball4_Smash.mp4,61 frames,
30,3,18,7.0,Smash,121939.0,success,30_set3_rally18_ball7_Smash.mp4,61 frames,
30,3,18,12.0,Smash,122075.0,success,30_set3_rally18_ball12_Smash.mp4,61 frames,
30,3,19,6.0,Clear,123416.0,success,30_set3_rally19_ball6_Clear.mp4,61 frames,
30,3,21,2.0,Smash,126840.0,success,30_set3_rally21_ball2_Smash.mp4,61 frames,
30,3,22,8.0,Smash,127885.0,success,30_set3_rally22_ball8_Smash.mp4,61 frames,
30,3,22,12.0,Clear,127991.0,success,30_set3_rally22_ball12_Clear.mp4,61 frames,
30,3,23,4.0,Clear,129207.0,success,30_set3_rally23_ball4_Clear.mp4,61 frames,
30,3,23,5.0,Smash,129233.0,success,30_set3_rally23_ball5_Smash.mp4,61 frames,
30,3,23,12.0,Clear,129402.0,success,30_set3_rally23_ball12_Clear.mp4,61 frames,
30,3,23,13.0,Smash,129437.0,success,30_set3_rally23_ball13_Smash.mp4,61 frames,
30,3,24,4.0,Smash,130463.0,success,30_set3_rally24_ball4_Smash.mp4,61 frames,
30,3,24,12.0,Smash,130673.0,success,30_set3_rally24_ball12_Smash.mp4,61 frames,
30,3,26,20.0,Smash,133396.0,success,30_set3_rally26_ball20_Smash.mp4,61 frames,
30,3,27,2.0,Smash,135009.0,success,30_set3_rally27_ball2_Smash.mp4,61 frames,
30,3,28,4.0,Clear,136102.0,success,30_set3_rally28_ball4_Clear.mp4,61 frames,
30,3,28,8.0,Smash,136193.0,success,30_set3_rally28_ball8_Smash.mp4,61 frames,
30,3,30,3.0,Smash,137896.0,success,30_set3_rally30_ball3_Smash.mp4,61 frames,
30,3,30,12.0,Smash,138153.0,success,30_set3_rally30_ball12_Smash.mp4,61 frames,
30,3,30,14.0,Smash,138190.0,success,30_set3_rally30_ball14_Smash.mp4,61 frames,
30,3,30,23.0,Clear,138334.0,success,30_set3_rally30_ball23_Clear.mp4,61 frames,
30,3,30,29.0,Clear,138510.0,success,30_set3_rally30_ball29_Clear.mp4,61 frames,
30,3,30,30.0,Clear,138553.0,success,30_set3_rally30_ball30_Clear.mp4,61 frames,
30,3,33,18.0,Clear,142443.0,success,30_set3_rally33_ball18_Clear.mp4,61 frames,
30,3,36,2.0,Smash,146261.0,success,30_set3_rally36_ball2_Smash.mp4,61 frames,
30,3,36,9.0,Clear,146446.0,success,30_set3_rally36_ball9_Clear.mp4,61 frames,
30,3,36,10.0,Smash,146491.0,success,30_set3_rally36_ball10_Smash.mp4,61 frames,
30,3,37,12.0,Clear,147689.0,success,30_set3_rally37_ball12_Clear.mp4,61 frames,
30,3,37,15.0,Smash,147775.0,success,30_set3_rally37_ball15_Smash.mp4,61 frames,
30,3,37,21.0,Clear,147915.0,success,30_set3_rally37_ball21_Clear.mp4,61 frames,
30,3,38,6.0,Clear,149928.0,success,30_set3_rally38_ball6_Clear.mp4,61 frames,
30,3,40,10.0,Clear,152952.0,success,30_set3_rally40_ball10_Clear.mp4,61 frames,
30,3,40,11.0,Smash,152992.0,success,30_set3_rally40_ball11_Smash.mp4,61 frames,
30,3,41,5.0,Smash,154769.0,success,30_set3_rally41_ball5_Smash.mp4,61 frames,
30,3,42,2.0,Smash,157222.0,success,30_set3_rally42_ball2_Smash.mp4,61 frames,
31,1,2,3.0,Clear,12266.0,success,31_set1_rally2_ball3_Clear.mp4,61 frames,
31,1,2,4.0,Clear,12295.0,success,31_set1_rally2_ball4_Clear.mp4,61 frames,
31,1,6,7.0,Clear,14601.0,success,31_set1_rally6_ball7_Clear.mp4,61 frames,
31,1,6,13.0,Clear,14786.0,success,31_set1_rally6_ball13_Clear.mp4,61 frames,
31,1,7,3.0,Clear,15378.0,success,31_set1_rally7_ball3_Clear.mp4,61 frames,
31,1,7,7.0,Clear,15465.0,success,31_set1_rally7_ball7_Clear.mp4,61 frames,
31,1,8,9.0,Clear,16398.0,success,31_set1_rally8_ball9_Clear.mp4,61 frames,
31,1,8,10.0,Clear,16421.0,success,31_set1_rally8_ball10_Clear.mp4,61 frames,
31,1,8,11.0,Clear,16466.0,success,31_set1_rally8_ball11_Clear.mp4,61 frames,
31,1,8,12.0,Clear,16490.0,success,31_set1_rally8_ball12_Clear.mp4,61 frames,
31,1,8,18.0,Clear,16674.0,success,31_set1_rally8_ball18_Clear.mp4,61 frames,
31,1,8,19.0,Clear,16739.0,success,31_set1_rally8_ball19_Clear.mp4,61 frames,
31,1,8,20.0,Clear,16764.0,success,31_set1_rally8_ball20_Clear.mp4,61 frames,
31,1,9,3.0,Clear,17796.0,success,31_set1_rally9_ball3_Clear.mp4,61 frames,
31,1,11,2.0,Clear,19314.0,success,31_set1_rally11_ball2_Clear.mp4,61 frames,
31,1,14,3.0,Clear,22600.0,success,31_set1_rally14_ball3_Clear.mp4,61 frames,
31,1,14,7.0,Clear,22693.0,success,31_set1_rally14_ball7_Clear.mp4,61 frames,
31,1,14,8.0,Clear,22714.0,success,31_set1_rally14_ball8_Clear.mp4,61 frames,
31,1,14,9.0,Clear,22756.0,success,31_set1_rally14_ball9_Clear.mp4,61 frames,
31,1,18,5.0,Smash,25737.0,success,31_set1_rally18_ball5_Smash.mp4,61 frames,
31,1,18,11.0,Clear,25881.0,success,31_set1_rally18_ball11_Clear.mp4,61 frames,
31,1,18,14.0,Clear,25968.0,success,31_set1_rally18_ball14_Clear.mp4,61 frames,
31,1,19,3.0,Clear,26971.0,success,31_set1_rally19_ball3_Clear.mp4,61 frames,
31,1,19,4.0,Smash,27012.0,success,31_set1_rally19_ball4_Smash.mp4,61 frames,
31,1,21,3.0,Clear,28136.0,success,31_set1_rally21_ball3_Clear.mp4,61 frames,
31,1,22,6.0,Clear,28764.0,success,31_set1_rally22_ball6_Clear.mp4,61 frames,
31,1,22,7.0,Clear,28797.0,success,31_set1_rally22_ball7_Clear.mp4,61 frames,
31,1,23,2.0,Clear,29904.0,success,31_set1_rally23_ball2_Clear.mp4,61 frames,
31,1,25,4.0,Clear,30780.0,success,31_set1_rally25_ball4_Clear.mp4,61 frames,
31,1,26,3.0,Clear,31215.0,success,31_set1_rally26_ball3_Clear.mp4,61 frames,
31,1,26,4.0,Clear,31245.0,success,31_set1_rally26_ball4_Clear.mp4,61 frames,
31,2,2,7.0,Smash,37013.0,success,31_set2_rally2_ball7_Smash.mp4,61 frames,
31,2,3,14.0,Clear,38029.0,success,31_set2_rally3_ball14_Clear.mp4,61 frames,
31,2,5,4.0,Smash,39320.0,success,31_set2_rally5_ball4_Smash.mp4,61 frames,
31,2,6,4.0,Smash,40156.0,success,31_set2_rally6_ball4_Smash.mp4,61 frames,
31,2,7,6.0,Clear,40845.0,success,31_set2_rally7_ball6_Clear.mp4,61 frames,
31,2,7,12.0,Clear,41028.0,success,31_set2_rally7_ball12_Clear.mp4,61 frames,
31,2,7,20.0,Clear,41257.0,success,31_set2_rally7_ball20_Clear.mp4,61 frames,
31,2,7,23.0,Clear,41352.0,success,31_set2_rally7_ball23_Clear.mp4,61 frames,
31,2,7,27.0,Clear,41475.0,success,31_set2_rally7_ball27_Clear.mp4,61 frames,
31,2,9,3.0,Smash,43298.0,success,31_set2_rally9_ball3_Smash.mp4,61 frames,
31,2,9,10.0,Smash,43502.0,success,31_set2_rally9_ball10_Smash.mp4,61 frames,
31,2,11,2.0,Clear,45126.0,success,31_set2_rally11_ball2_Clear.mp4,61 frames,
31,2,12,4.0,Smash,45855.0,success,31_set2_rally12_ball4_Smash.mp4,61 frames,
31,2,14,3.0,Clear,47506.0,success,31_set2_rally14_ball3_Clear.mp4,61 frames,
31,2,16,3.0,Clear,49231.0,success,31_set2_rally16_ball3_Clear.mp4,61 frames,
31,2,16,4.0,Smash,49260.0,success,31_set2_rally16_ball4_Smash.mp4,61 frames,
31,2,16,13.0,Clear,49541.0,success,31_set2_rally16_ball13_Clear.mp4,61 frames,
31,2,16,14.0,Smash,49573.0,success,31_set2_rally16_ball14_Smash.mp4,61 frames,
31,2,17,6.0,Smash,50459.0,success,31_set2_rally17_ball6_Smash.mp4,61 frames,
31,2,18,5.0,Smash,51383.0,success,31_set2_rally18_ball5_Smash.mp4,61 frames,
31,2,19,7.0,Smash,52333.0,success,31_set2_rally19_ball7_Smash.mp4,61 frames,
31,2,20,3.0,Clear,55100.0,success,31_set2_rally20_ball3_Clear.mp4,61 frames,
31,2,20,6.0,Smash,55183.0,success,31_set2_rally20_ball6_Smash.mp4,61 frames,
31,2,20,11.0,Clear,55322.0,success,31_set2_rally20_ball11_Clear.mp4,61 frames,
31,2,20,12.0,Smash,55351.0,success,31_set2_rally20_ball12_Smash.mp4,61 frames,
31,2,20,24.0,Smash,55668.0,success,31_set2_rally20_ball24_Smash.mp4,61 frames,
31,2,22,8.0,Smash,58500.0,success,31_set2_rally22_ball8_Smash.mp4,61 frames,
31,2,23,3.0,Smash,59087.0,success,31_set2_rally23_ball3_Smash.mp4,61 frames,
31,2,23,7.0,Smash,59209.0,success,31_set2_rally23_ball7_Smash.mp4,61 frames,
31,2,23,11.0,Smash,59304.0,success,31_set2_rally23_ball11_Smash.mp4,61 frames,
31,2,24,3.0,Smash,60414.0,success,31_set2_rally24_ball3_Smash.mp4,61 frames,
31,2,27,4.0,Clear,63837.0,success,31_set2_rally27_ball4_Clear.mp4,61 frames,
31,2,27,18.0,Clear,64244.0,success,31_set2_rally27_ball18_Clear.mp4,61 frames,
31,2,27,19.0,Clear,64271.0,success,31_set2_rally27_ball19_Clear.mp4,61 frames,
31,2,27,20.0,Smash,64311.0,success,31_set2_rally27_ball20_Smash.mp4,61 frames,
31,2,29,3.0,Clear,66504.0,success,31_set2_rally29_ball3_Clear.mp4,61 frames,
31,2,30,4.0,Clear,67304.0,success,31_set2_rally30_ball4_Clear.mp4,61 frames,
31,2,30,5.0,Smash,67342.0,success,31_set2_rally30_ball5_Smash.mp4,61 frames,
31,2,31,2.0,Smash,68415.0,success,31_set2_rally31_ball2_Smash.mp4,61 frames,
31,2,33,4.0,Clear,70125.0,success,31_set2_rally33_ball4_Clear.mp4,61 frames,
31,2,33,5.0,Smash,70160.0,success,31_set2_rally33_ball5_Smash.mp4,61 frames,
31,2,34,3.0,Clear,70949.0,success,31_set2_rally34_ball3_Clear.mp4,61 frames,
31,2,35,8.0,Smash,71888.0,success,31_set2_rally35_ball8_Smash.mp4,61 frames,
32,1,2,4.0,Smash,12425.0,success,32_set1_rally2_ball4_Smash.mp4,61 frames,
32,1,3,10.0,Smash,13271.0,success,32_set1_rally3_ball10_Smash.mp4,61 frames,
32,1,4,6.0,Smash,14156.0,success,32_set1_rally4_ball6_Smash.mp4,61 frames,
32,1,4,11.0,Clear,14269.0,success,32_set1_rally4_ball11_Clear.mp4,61 frames,
32,1,5,10.0,Smash,15519.0,success,32_set1_rally5_ball10_Smash.mp4,61 frames,
32,1,5,14.0,Clear,15644.0,success,32_set1_rally5_ball14_Clear.mp4,61 frames,
32,1,5,15.0,Smash,15690.0,success,32_set1_rally5_ball15_Smash.mp4,61 frames,
32,1,6,7.0,Clear,16714.0,success,32_set1_rally6_ball7_Clear.mp4,61 frames,
32,1,7,6.0,Smash,17467.0,success,32_set1_rally7_ball6_Smash.mp4,61 frames,
32,1,9,11.0,Smash,19087.0,success,32_set1_rally9_ball11_Smash.mp4,61 frames,
32,1,10,4.0,Clear,19872.0,success,32_set1_rally10_ball4_Clear.mp4,61 frames,
32,1,10,5.0,Smash,19908.0,success,32_set1_rally10_ball5_Smash.mp4,61 frames,
32,1,10,11.0,Smash,20085.0,success,32_set1_rally10_ball11_Smash.mp4,61 frames,
32,1,10,15.0,Clear,20175.0,success,32_set1_rally10_ball15_Clear.mp4,61 frames,
32,1,10,21.0,Smash,20355.0,success,32_set1_rally10_ball21_Smash.mp4,61 frames,
32,1,11,7.0,Clear,21350.0,success,32_set1_rally11_ball7_Clear.mp4,61 frames,
32,1,11,8.0,Clear,21392.0,success,32_set1_rally11_ball8_Clear.mp4,61 frames,
32,1,11,11.0,Smash,21482.0,success,32_set1_rally11_ball11_Smash.mp4,61 frames,
32,1,11,18.0,Clear,21666.0,success,32_set1_rally11_ball18_Clear.mp4,61 frames,
32,1,11,19.0,Clear,21698.0,success,32_set1_rally11_ball19_Clear.mp4,61 frames,
32,1,11,20.0,Clear,21731.0,success,32_set1_rally11_ball20_Clear.mp4,61 frames,
32,1,11,23.0,Clear,21819.0,success,32_set1_rally11_ball23_Clear.mp4,61 frames,
32,1,13,7.0,Smash,23754.0,success,32_set1_rally13_ball7_Smash.mp4,61 frames,
32,1,13,13.0,Smash,23892.0,success,32_set1_rally13_ball13_Smash.mp4,61 frames,
32,1,14,15.0,Clear,25027.0,success,32_set1_rally14_ball15_Clear.mp4,61 frames,
32,1,16,6.0,Clear,26808.0,success,32_set1_rally16_ball6_Clear.mp4,61 frames,
32,1,16,7.0,Smash,26838.0,success,32_set1_rally16_ball7_Smash.mp4,61 frames,
32,1,16,16.0,Smash,27073.0,success,32_set1_rally16_ball16_Smash.mp4,61 frames,
32,1,16,19.0,Clear,27134.0,success,32_set1_rally16_ball19_Clear.mp4,61 frames,
32,1,16,20.0,Clear,27162.0,success,32_set1_rally16_ball20_Clear.mp4,61 frames,
32,1,16,27.0,Smash,27372.0,success,32_set1_rally16_ball27_Smash.mp4,61 frames,
32,1,17,7.0,Smash,28593.0,success,32_set1_rally17_ball7_Smash.mp4,61 frames,
32,1,18,3.0,Clear,29428.0,success,32_set1_rally18_ball3_Clear.mp4,61 frames,
32,1,18,4.0,Smash,29455.0,success,32_set1_rally18_ball4_Smash.mp4,61 frames,
32,1,18,7.0,Smash,29523.0,success,32_set1_rally18_ball7_Smash.mp4,61 frames,
32,1,19,3.0,Smash,30606.0,success,32_set1_rally19_ball3_Smash.mp4,61 frames,
32,1,20,4.0,Smash,31602.0,success,32_set1_rally20_ball4_Smash.mp4,61 frames,
32,1,20,8.0,Smash,31688.0,success,32_set1_rally20_ball8_Smash.mp4,61 frames,
32,1,22,6.0,Smash,34990.0,success,32_set1_rally22_ball6_Smash.mp4,61 frames,
32,1,22,13.0,Smash,35163.0,success,32_set1_rally22_ball13_Smash.mp4,61 frames,
32,1,22,18.0,Clear,35293.0,success,32_set1_rally22_ball18_Clear.mp4,61 frames,
32,1,22,21.0,Smash,35390.0,success,32_set1_rally22_ball21_Smash.mp4,61 frames,
32,1,26,13.0,Clear,39620.0,success,32_set1_rally26_ball13_Clear.mp4,61 frames,
32,1,26,17.0,Smash,39739.0,success,32_set1_rally26_ball17_Smash.mp4,61 frames,
32,1,26,20.0,Clear,39806.0,success,32_set1_rally26_ball20_Clear.mp4,61 frames,
32,1,26,29.0,Clear,40097.0,success,32_set1_rally26_ball29_Clear.mp4,61 frames,
32,1,28,7.0,Smash,43827.0,success,32_set1_rally28_ball7_Smash.mp4,61 frames,
32,1,28,17.0,Smash,44083.0,success,32_set1_rally28_ball17_Smash.mp4,61 frames,
32,1,31,4.0,Smash,46905.0,success,32_set1_rally31_ball4_Smash.mp4,61 frames,
32,1,32,4.0,Smash,47631.0,success,32_set1_rally32_ball4_Smash.mp4,61 frames,
32,1,33,3.0,Smash,48537.0,success,32_set1_rally33_ball3_Smash.mp4,61 frames,
32,1,33,11.0,Smash,48771.0,success,32_set1_rally33_ball11_Smash.mp4,61 frames,
32,1,33,15.0,Smash,48872.0,success,32_set1_rally33_ball15_Smash.mp4,61 frames,
32,1,33,19.0,Clear,48978.0,success,32_set1_rally33_ball19_Clear.mp4,61 frames,
32,1,33,34.0,Clear,49376.0,success,32_set1_rally33_ball34_Clear.mp4,61 frames,
32,1,33,35.0,Smash,49419.0,success,32_set1_rally33_ball35_Smash.mp4,61 frames,
32,1,35,21.0,Clear,52142.0,success,32_set1_rally35_ball21_Clear.mp4,61 frames,
32,1,37,4.0,Clear,54741.0,success,32_set1_rally37_ball4_Clear.mp4,61 frames,
32,1,38,5.0,Smash,55778.0,success,32_set1_rally38_ball5_Smash.mp4,61 frames,
32,1,40,12.0,Smash,57883.0,success,32_set1_rally40_ball12_Smash.mp4,61 frames,
32,1,41,22.0,Clear,59631.0,success,32_set1_rally41_ball22_Clear.mp4,61 frames,
32,1,41,23.0,Smash,59665.0,success,32_set1_rally41_ball23_Smash.mp4,61 frames,
32,1,42,5.0,Clear,61719.0,success,32_set1_rally42_ball5_Clear.mp4,61 frames,
32,1,42,10.0,Smash,61881.0,success,32_set1_rally42_ball10_Smash.mp4,61 frames,
32,2,2,4.0,Smash,66289.0,success,32_set2_rally2_ball4_Smash.mp4,61 frames,
32,2,4,16.0,Smash,68270.0,success,32_set2_rally4_ball16_Smash.mp4,61 frames,
32,2,4,24.0,Smash,68455.0,success,32_set2_rally4_ball24_Smash.mp4,61 frames,
32,2,5,9.0,Smash,69707.0,success,32_set2_rally5_ball9_Smash.mp4,61 frames,
32,2,6,4.0,Smash,70374.0,success,32_set2_rally6_ball4_Smash.mp4,61 frames,
32,2,6,8.0,Clear,70482.0,success,32_set2_rally6_ball8_Clear.mp4,61 frames,
32,2,7,6.0,Clear,71417.0,success,32_set2_rally7_ball6_Clear.mp4,61 frames,
32,2,7,7.0,Clear,71451.0,success,32_set2_rally7_ball7_Clear.mp4,61 frames,
32,2,7,15.0,Clear,71635.0,success,32_set2_rally7_ball15_Clear.mp4,61 frames,
32,2,9,5.0,Clear,73823.0,success,32_set2_rally9_ball5_Clear.mp4,61 frames,
32,2,12,4.0,Smash,76232.0,success,32_set2_rally12_ball4_Smash.mp4,61 frames,
32,2,13,8.0,Smash,77288.0,success,32_set2_rally13_ball8_Smash.mp4,61 frames,
32,2,13,11.0,Smash,77373.0,success,32_set2_rally13_ball11_Smash.mp4,61 frames,
32,2,17,4.0,Smash,82111.0,success,32_set2_rally17_ball4_Smash.mp4,61 frames,
32,2,17,8.0,Smash,82217.0,success,32_set2_rally17_ball8_Smash.mp4,61 frames,
32,2,18,5.0,Smash,83131.0,success,32_set2_rally18_ball5_Smash.mp4,61 frames,
32,2,19,4.0,Smash,83989.0,success,32_set2_rally19_ball4_Smash.mp4,61 frames,
32,2,21,10.0,Clear,85403.0,success,32_set2_rally21_ball10_Clear.mp4,61 frames,
32,2,21,11.0,Clear,85438.0,success,32_set2_rally21_ball11_Clear.mp4,61 frames,
32,2,21,12.0,Clear,85471.0,success,32_set2_rally21_ball12_Clear.mp4,61 frames,
32,2,21,20.0,Smash,85703.0,success,32_set2_rally21_ball20_Smash.mp4,61 frames,
32,2,21,30.0,Clear,85993.0,success,32_set2_rally21_ball30_Clear.mp4,61 frames,
32,2,22,3.0,Clear,87062.0,success,32_set2_rally22_ball3_Clear.mp4,61 frames,
32,2,23,4.0,Smash,87735.0,success,32_set2_rally23_ball4_Smash.mp4,61 frames,
32,2,25,5.0,Clear,89128.0,success,32_set2_rally25_ball5_Clear.mp4,61 frames,
32,2,25,11.0,Smash,89306.0,success,32_set2_rally25_ball11_Smash.mp4,61 frames,
32,2,25,14.0,Clear,89400.0,success,32_set2_rally25_ball14_Clear.mp4,61 frames,
32,2,25,15.0,Smash,89438.0,success,32_set2_rally25_ball15_Smash.mp4,61 frames,
32,2,25,26.0,Clear,89720.0,success,32_set2_rally25_ball26_Clear.mp4,61 frames,
32,2,26,7.0,Smash,91550.0,success,32_set2_rally26_ball7_Smash.mp4,61 frames,
32,2,27,3.0,Smash,92683.0,success,32_set2_rally27_ball3_Smash.mp4,61 frames,
32,2,27,7.0,Smash,92779.0,success,32_set2_rally27_ball7_Smash.mp4,61 frames,
32,2,27,14.0,Smash,92975.0,success,32_set2_rally27_ball14_Smash.mp4,61 frames,
32,2,28,3.0,Smash,94115.0,success,32_set2_rally28_ball3_Smash.mp4,61 frames,
32,2,28,6.0,Smash,94193.0,success,32_set2_rally28_ball6_Smash.mp4,61 frames,
32,2,29,5.0,Clear,95050.0,success,32_set2_rally29_ball5_Clear.mp4,61 frames,
32,2,29,6.0,Smash,95085.0,success,32_set2_rally29_ball6_Smash.mp4,61 frames,
32,2,29,12.0,Smash,95263.0,success,32_set2_rally29_ball12_Smash.mp4,61 frames,
32,2,29,18.0,Clear,95416.0,success,32_set2_rally29_ball18_Clear.mp4,61 frames,
32,2,30,4.0,Clear,96855.0,success,32_set2_rally30_ball4_Clear.mp4,61 frames,
32,2,30,5.0,Smash,96904.0,success,32_set2_rally30_ball5_Smash.mp4,61 frames,
32,2,30,9.0,Smash,97006.0,success,32_set2_rally30_ball9_Smash.mp4,61 frames,
32,2,32,4.0,Smash,98913.0,success,32_set2_rally32_ball4_Smash.mp4,61 frames,
32,3,1,3.0,Smash,103249.0,success,32_set3_rally1_ball3_Smash.mp4,61 frames,
32,3,4,10.0,Smash,105800.0,success,32_set3_rally4_ball10_Smash.mp4,61 frames,
32,3,4,16.0,Clear,105924.0,success,32_set3_rally4_ball16_Clear.mp4,61 frames,
32,3,4,17.0,Clear,105951.0,success,32_set3_rally4_ball17_Clear.mp4,61 frames,
32,3,4,21.0,Smash,106079.0,success,32_set3_rally4_ball21_Smash.mp4,61 frames,
32,3,5,3.0,Smash,106760.0,success,32_set3_rally5_ball3_Smash.mp4,61 frames,
32,3,5,6.0,Smash,106830.0,success,32_set3_rally5_ball6_Smash.mp4,61 frames,
32,3,6,8.0,Smash,107987.0,success,32_set3_rally6_ball8_Smash.mp4,61 frames,
32,3,6,12.0,Smash,108118.0,success,32_set3_rally6_ball12_Smash.mp4,61 frames,
32,3,7,9.0,Clear,109347.0,success,32_set3_rally7_ball9_Clear.mp4,61 frames,
32,3,7,10.0,Smash,109380.0,success,32_set3_rally7_ball10_Smash.mp4,61 frames,
32,3,8,3.0,Smash,110008.0,success,32_set3_rally8_ball3_Smash.mp4,61 frames,
32,3,8,10.0,Clear,110199.0,success,32_set3_rally8_ball10_Clear.mp4,61 frames,
32,3,8,11.0,Clear,110235.0,success,32_set3_rally8_ball11_Clear.mp4,61 frames,
32,3,8,12.0,Clear,110277.0,success,32_set3_rally8_ball12_Clear.mp4,61 frames,
32,3,8,13.0,Clear,110313.0,success,32_set3_rally8_ball13_Clear.mp4,61 frames,
32,3,9,4.0,Smash,111624.0,success,32_set3_rally9_ball4_Smash.mp4,61 frames,
32,3,9,19.0,Clear,112062.0,success,32_set3_rally9_ball19_Clear.mp4,61 frames,
32,3,10,3.0,Clear,113181.0,success,32_set3_rally10_ball3_Clear.mp4,61 frames,
32,3,10,4.0,Smash,113219.0,success,32_set3_rally10_ball4_Smash.mp4,61 frames,
32,3,11,3.0,Smash,113936.0,success,32_set3_rally11_ball3_Smash.mp4,61 frames,
32,3,12,6.0,Smash,114885.0,success,32_set3_rally12_ball6_Smash.mp4,61 frames,
32,3,12,10.0,Smash,114990.0,success,32_set3_rally12_ball10_Smash.mp4,61 frames,
32,3,13,6.0,Smash,116591.0,success,32_set3_rally13_ball6_Smash.mp4,61 frames,
32,3,13,14.0,Clear,116778.0,success,32_set3_rally13_ball14_Clear.mp4,61 frames,
32,3,16,3.0,Clear,118967.0,success,32_set3_rally16_ball3_Clear.mp4,61 frames,
32,3,16,10.0,Smash,119172.0,success,32_set3_rally16_ball10_Smash.mp4,61 frames,
32,3,16,17.0,Clear,119377.0,success,32_set3_rally16_ball17_Clear.mp4,61 frames,
32,3,17,5.0,Smash,121065.0,success,32_set3_rally17_ball5_Smash.mp4,61 frames,
32,3,18,3.0,Smash,121744.0,success,32_set3_rally18_ball3_Smash.mp4,61 frames,
32,3,19,3.0,Clear,122922.0,success,32_set3_rally19_ball3_Clear.mp4,61 frames,
32,3,19,4.0,Smash,122952.0,success,32_set3_rally19_ball4_Smash.mp4,61 frames,
32,3,21,4.0,Smash,124801.0,success,32_set3_rally21_ball4_Smash.mp4,61 frames,
32,3,22,2.0,Smash,127091.0,success,32_set3_rally22_ball2_Smash.mp4,61 frames,
32,3,23,6.0,Smash,128090.0,success,32_set3_rally23_ball6_Smash.mp4,61 frames,
32,3,23,10.0,Smash,128187.0,success,32_set3_rally23_ball10_Smash.mp4,61 frames,
32,3,23,14.0,Smash,128324.0,success,32_set3_rally23_ball14_Smash.mp4,61 frames,
32,3,23,17.0,Clear,128402.0,success,32_set3_rally23_ball17_Clear.mp4,61 frames,
32,3,23,18.0,Smash,128447.0,success,32_set3_rally23_ball18_Smash.mp4,61 frames,
32,3,23,22.0,Smash,128548.0,success,32_set3_rally23_ball22_Smash.mp4,61 frames,
32,3,25,6.0,Smash,131840.0,success,32_set3_rally25_ball6_Smash.mp4,61 frames,
32,3,25,10.0,Clear,131944.0,success,32_set3_rally25_ball10_Clear.mp4,61 frames,
32,3,25,14.0,Smash,132070.0,success,32_set3_rally25_ball14_Smash.mp4,61 frames,
32,3,26,3.0,Smash,132821.0,success,32_set3_rally26_ball3_Smash.mp4,61 frames,
32,3,27,4.0,Smash,133562.0,success,32_set3_rally27_ball4_Smash.mp4,61 frames,
32,3,27,6.0,Smash,133610.0,success,32_set3_rally27_ball6_Smash.mp4,61 frames,
32,3,29,9.0,Smash,136112.0,success,32_set3_rally29_ball9_Smash.mp4,61 frames,
32,3,30,9.0,Smash,136794.0,success,32_set3_rally30_ball9_Smash.mp4,61 frames,
32,3,32,11.0,Smash,138377.0,success,32_set3_rally32_ball11_Smash.mp4,61 frames,
32,3,33,5.0,Smash,139762.0,success,32_set3_rally33_ball5_Smash.mp4,61 frames,
32,3,33,9.0,Smash,139879.0,success,32_set3_rally33_ball9_Smash.mp4,61 frames,
32,3,34,5.0,Smash,141068.0,success,32_set3_rally34_ball5_Smash.mp4,61 frames,
32,3,34,9.0,Clear,141167.0,success,32_set3_rally34_ball9_Clear.mp4,61 frames,
32,3,34,10.0,Smash,141193.0,success,32_set3_rally34_ball10_Smash.mp4,61 frames,
32,3,35,4.0,Smash,142044.0,success,32_set3_rally35_ball4_Smash.mp4,61 frames,
32,3,35,9.0,Smash,142175.0,success,32_set3_rally35_ball9_Smash.mp4,61 frames,
32,3,36,6.0,Smash,143584.0,success,32_set3_rally36_ball6_Smash.mp4,61 frames,
32,3,36,10.0,Smash,143689.0,success,32_set3_rally36_ball10_Smash.mp4,61 frames,
32,3,37,9.0,Smash,145502.0,success,32_set3_rally37_ball9_Smash.mp4,61 frames,
32,3,40,6.0,Smash,149478.0,success,32_set3_rally40_ball6_Smash.mp4,61 frames,
32,3,40,14.0,Smash,149686.0,success,32_set3_rally40_ball14_Smash.mp4,61 frames,
33,1,1,16.0,Clear,12085.0,success,33_set1_rally1_ball16_Clear.mp4,61 frames,
33,1,2,16.0,Clear,13059.0,success,33_set1_rally2_ball16_Clear.mp4,61 frames,
33,1,2,21.0,Smash,13191.0,success,33_set1_rally2_ball21_Smash.mp4,61 frames,
33,1,3,2.0,Clear,14272.0,success,33_set1_rally3_ball2_Clear.mp4,61 frames,
33,1,6,12.0,Smash,16968.0,success,33_set1_rally6_ball12_Smash.mp4,61 frames,
33,1,9,11.0,Clear,19040.0,success,33_set1_rally9_ball11_Clear.mp4,61 frames,
33,1,9,12.0,Clear,19074.0,success,33_set1_rally9_ball12_Clear.mp4,61 frames,
33,1,15,8.0,Clear,27823.0,success,33_set1_rally15_ball8_Clear.mp4,61 frames,
33,1,16,9.0,Clear,29155.0,success,33_set1_rally16_ball9_Clear.mp4,61 frames,
33,1,18,3.0,Clear,30634.0,success,33_set1_rally18_ball3_Clear.mp4,61 frames,
33,1,19,6.0,Clear,31147.0,success,33_set1_rally19_ball6_Clear.mp4,61 frames,
33,1,21,3.0,Clear,32805.0,success,33_set1_rally21_ball3_Clear.mp4,61 frames,
33,1,24,8.0,Clear,34746.0,success,33_set1_rally24_ball8_Clear.mp4,61 frames,
33,1,24,9.0,Smash,34791.0,success,33_set1_rally24_ball9_Smash.mp4,61 frames,
33,1,33,9.0,Clear,41574.0,success,33_set1_rally33_ball9_Clear.mp4,61 frames,
33,1,33,10.0,Clear,41608.0,success,33_set1_rally33_ball10_Clear.mp4,61 frames,
33,1,33,11.0,Smash,41627.0,success,33_set1_rally33_ball11_Smash.mp4,61 frames,
33,1,34,3.0,Clear,42730.0,success,33_set1_rally34_ball3_Clear.mp4,61 frames,
33,1,35,6.0,Smash,43446.0,success,33_set1_rally35_ball6_Smash.mp4,61 frames,
33,1,37,4.0,Clear,45677.0,success,33_set1_rally37_ball4_Clear.mp4,61 frames,
33,2,2,5.0,Clear,50752.0,success,33_set2_rally2_ball5_Clear.mp4,61 frames,
33,2,4,8.0,Clear,52382.0,success,33_set2_rally4_ball8_Clear.mp4,61 frames,
33,2,7,4.0,Clear,54551.0,success,33_set2_rally7_ball4_Clear.mp4,61 frames,
33,2,15,3.0,Clear,61182.0,success,33_set2_rally15_ball3_Clear.mp4,61 frames,
33,2,16,16.0,Smash,64002.0,success,33_set2_rally16_ball16_Smash.mp4,61 frames,
33,2,17,7.0,Smash,65743.0,success,33_set2_rally17_ball7_Smash.mp4,61 frames,
33,2,19,12.0,Clear,67704.0,success,33_set2_rally19_ball12_Clear.mp4,61 frames,
33,2,19,13.0,Clear,67737.0,success,33_set2_rally19_ball13_Clear.mp4,61 frames,
33,2,19,14.0,Smash,67788.0,success,33_set2_rally19_ball14_Smash.mp4,61 frames,
33,2,22,14.0,Clear,70742.0,success,33_set2_rally22_ball14_Clear.mp4,61 frames,
33,2,25,4.0,Clear,73885.0,success,33_set2_rally25_ball4_Clear.mp4,61 frames,
33,2,26,5.0,Smash,74526.0,success,33_set2_rally26_ball5_Smash.mp4,61 frames,
33,2,27,8.0,Smash,76189.0,success,33_set2_rally27_ball8_Smash.mp4,61 frames,
33,2,30,19.0,Clear,80701.0,success,33_set2_rally30_ball19_Clear.mp4,61 frames,
33,2,31,3.0,Clear,81299.0,success,33_set2_rally31_ball3_Clear.mp4,61 frames,
33,2,31,4.0,Clear,81334.0,success,33_set2_rally31_ball4_Clear.mp4,61 frames,
33,2,35,3.0,Clear,84765.0,success,33_set2_rally35_ball3_Clear.mp4,61 frames,
33,2,35,7.0,Clear,84875.0,success,33_set2_rally35_ball7_Clear.mp4,61 frames,
33,2,35,8.0,Smash,84924.0,success,33_set2_rally35_ball8_Smash.mp4,61 frames,
33,2,36,8.0,Clear,86228.0,success,33_set2_rally36_ball8_Clear.mp4,61 frames,
34,1,1,2.0,Smash,,video_not_found,,,Video file 34.mp4 not found
34,1,1,6.0,Clear,,video_not_found,,,Video file 34.mp4 not found
34,1,1,7.0,Clear,,video_not_found,,,Video file 34.mp4 not found
34,1,2,6.0,Clear,,video_not_found,,,Video file 34.mp4 not found
34,1,2,7.0,Clear,,video_not_found,,,Video file 34.mp4 not found
34,1,2,8.0,Smash,,video_not_found,,,Video file 34.mp4 not found
34,1,3,5.0,Clear,,video_not_found,,,Video file 34.mp4 not found
34,1,3,6.0,Clear,,video_not_found,,,Video file 34.mp4 not found
34,1,4,2.0,Smash,,video_not_found,,,Video file 34.mp4 not found
34,1,4,5.0,Clear,,video_not_found,,,Video file 34.mp4 not found
34,1,4,6.0,Clear,,video_not_found,,,Video file 34.mp4 not found
34,1,5,4.0,Clear,,video_not_found,,,Video file 34.mp4 not found
34,1,5,8.0,Clear,,video_not_found,,,Video file 34.mp4 not found
34,1,6,5.0,Clear,,video_not_found,,,Video file 34.mp4 not found
34,1,7,3.0,Clear,,video_not_found,,,Video file 34.mp4 not found
34,1,7,7.0,Smash,,video_not_found,,,Video file 34.mp4 not found
34,1,8,5.0,Clear,,video_not_found,,,Video file 34.mp4 not found
34,1,8,6.0,Clear,,video_not_found,,,Video file 34.mp4 not found
34,1,8,7.0,Clear,,video_not_found,,,Video file 34.mp4 not found
34,1,8,8.0,Clear,,video_not_found,,,Video file 34.mp4 not found
34,1,8,9.0,Smash,,video_not_found,,,Video file 34.mp4 not found
34,1,9,5.0,Clear,,video_not_found,,,Video file 34.mp4 not found
34,1,9,14.0,Clear,,video_not_found,,,Video file 34.mp4 not found
34,1,9,17.0,Clear,,video_not_found,,,Video file 34.mp4 not found
34,1,10,2.0,Clear,,video_not_found,,,Video file 34.mp4 not found
34,1,10,6.0,Clear,,video_not_found,,,Video file 34.mp4 not found
34,1,10,7.0,Smash,,video_not_found,,,Video file 34.mp4 not found
34,1,11,4.0,Smash,,video_not_found,,,Video file 34.mp4 not found
34,1,12,5.0,Clear,,video_not_found,,,Video file 34.mp4 not found
34,1,12,6.0,Clear,,video_not_found,,,Video file 34.mp4 not found
34,1,13,7.0,Smash,,video_not_found,,,Video file 34.mp4 not found
34,1,14,2.0,Smash,,video_not_found,,,Video file 34.mp4 not found
34,1,14,13.0,Clear,,video_not_found,,,Video file 34.mp4 not found
34,1,15,3.0,Clear,,video_not_found,,,Video file 34.mp4 not found
34,1,15,4.0,Smash,,video_not_found,,,Video file 34.mp4 not found
34,1,15,7.0,Clear,,video_not_found,,,Video file 34.mp4 not found
34,1,15,8.0,Smash,,video_not_found,,,Video file 34.mp4 not found
34,1,16,2.0,Smash,,video_not_found,,,Video file 34.mp4 not found
34,1,16,6.0,Clear,,video_not_found,,,Video file 34.mp4 not found
34,1,16,7.0,Clear,,video_not_found,,,Video file 34.mp4 not found
34,1,16,8.0,Smash,,video_not_found,,,Video file 34.mp4 not found
34,1,16,13.0,Smash,,video_not_found,,,Video file 34.mp4 not found
34,1,16,22.0,Clear,,video_not_found,,,Video file 34.mp4 not found
34,1,17,2.0,Smash,,video_not_found,,,Video file 34.mp4 not found
34,1,18,3.0,Smash,,video_not_found,,,Video file 34.mp4 not found
34,1,19,2.0,Smash,,video_not_found,,,Video file 34.mp4 not found
34,1,19,5.0,Smash,,video_not_found,,,Video file 34.mp4 not found
34,1,19,13.0,Clear,,video_not_found,,,Video file 34.mp4 not found
34,1,19,14.0,Smash,,video_not_found,,,Video file 34.mp4 not found
34,1,19,16.0,Clear,,video_not_found,,,Video file 34.mp4 not found
34,1,19,17.0,Clear,,video_not_found,,,Video file 34.mp4 not found
34,1,20,5.0,Smash,,video_not_found,,,Video file 34.mp4 not found
34,1,21,2.0,Smash,,video_not_found,,,Video file 34.mp4 not found
34,1,23,4.0,Smash,,video_not_found,,,Video file 34.mp4 not found
34,1,23,8.0,Clear,,video_not_found,,,Video file 34.mp4 not found
34,1,23,9.0,Smash,,video_not_found,,,Video file 34.mp4 not found
34,1,24,3.0,Clear,,video_not_found,,,Video file 34.mp4 not found
34,1,24,8.0,Clear,,video_not_found,,,Video file 34.mp4 not found
34,1,24,12.0,Clear,,video_not_found,,,Video file 34.mp4 not found
34,1,24,13.0,Clear,,video_not_found,,,Video file 34.mp4 not found
34,1,24,14.0,Clear,,video_not_found,,,Video file 34.mp4 not found
34,1,25,2.0,Smash,,video_not_found,,,Video file 34.mp4 not found
34,1,25,4.0,Smash,,video_not_found,,,Video file 34.mp4 not found
34,1,26,2.0,Clear,,video_not_found,,,Video file 34.mp4 not found
34,1,26,8.0,Clear,,video_not_found,,,Video file 34.mp4 not found
34,1,26,9.0,Clear,,video_not_found,,,Video file 34.mp4 not found
34,1,26,13.0,Clear,,video_not_found,,,Video file 34.mp4 not found
34,1,26,14.0,Clear,,video_not_found,,,Video file 34.mp4 not found
34,1,26,15.0,Smash,,video_not_found,,,Video file 34.mp4 not found
34,1,28,5.0,Smash,,video_not_found,,,Video file 34.mp4 not found
34,1,28,8.0,Clear,,video_not_found,,,Video file 34.mp4 not found
34,1,28,9.0,Smash,,video_not_found,,,Video file 34.mp4 not found
34,1,30,3.0,Smash,,video_not_found,,,Video file 34.mp4 not found
34,1,31,3.0,Smash,,video_not_found,,,Video file 34.mp4 not found
34,1,32,5.0,Smash,,video_not_found,,,Video file 34.mp4 not found
34,1,32,19.0,Clear,,video_not_found,,,Video file 34.mp4 not found
34,1,32,20.0,Clear,,video_not_found,,,Video file 34.mp4 not found
34,1,32,21.0,Clear,,video_not_found,,,Video file 34.mp4 not found
34,1,32,22.0,Clear,,video_not_found,,,Video file 34.mp4 not found
34,1,34,4.0,Smash,,video_not_found,,,Video file 34.mp4 not found
34,2,1,5.0,Smash,,video_not_found,,,Video file 34.mp4 not found
34,2,2,3.0,Smash,,video_not_found,,,Video file 34.mp4 not found
34,2,2,6.0,Clear,,video_not_found,,,Video file 34.mp4 not found
34,2,2,9.0,Smash,,video_not_found,,,Video file 34.mp4 not found
34,2,3,3.0,Clear,,video_not_found,,,Video file 34.mp4 not found
34,2,4,4.0,Smash,,video_not_found,,,Video file 34.mp4 not found
34,2,5,7.0,Smash,,video_not_found,,,Video file 34.mp4 not found
34,2,5,11.0,Smash,,video_not_found,,,Video file 34.mp4 not found
34,2,6,5.0,Clear,,video_not_found,,,Video file 34.mp4 not found
34,2,6,6.0,Smash,,video_not_found,,,Video file 34.mp4 not found
34,2,6,10.0,Clear,,video_not_found,,,Video file 34.mp4 not found
34,2,6,11.0,Smash,,video_not_found,,,Video file 34.mp4 not found
34,2,7,10.0,Clear,,video_not_found,,,Video file 34.mp4 not found
34,2,7,11.0,Clear,,video_not_found,,,Video file 34.mp4 not found
34,2,7,12.0,Smash,,video_not_found,,,Video file 34.mp4 not found
34,2,8,3.0,Clear,,video_not_found,,,Video file 34.mp4 not found
34,2,8,4.0,Clear,,video_not_found,,,Video file 34.mp4 not found
34,2,8,7.0,Clear,,video_not_found,,,Video file 34.mp4 not found
34,2,9,7.0,Clear,,video_not_found,,,Video file 34.mp4 not found
34,2,10,7.0,Smash,,video_not_found,,,Video file 34.mp4 not found
34,2,10,9.0,Clear,,video_not_found,,,Video file 34.mp4 not found
34,2,10,10.0,Clear,,video_not_found,,,Video file 34.mp4 not found
34,2,11,2.0,Smash,,video_not_found,,,Video file 34.mp4 not found
34,2,12,4.0,Smash,,video_not_found,,,Video file 34.mp4 not found
34,2,12,7.0,Clear,,video_not_found,,,Video file 34.mp4 not found
34,2,12,11.0,Clear,,video_not_found,,,Video file 34.mp4 not found
34,2,12,12.0,Smash,,video_not_found,,,Video file 34.mp4 not found
34,2,13,7.0,Clear,,video_not_found,,,Video file 34.mp4 not found
34,2,14,4.0,Smash,,video_not_found,,,Video file 34.mp4 not found
34,2,15,2.0,Smash,,video_not_found,,,Video file 34.mp4 not found
34,2,15,6.0,Smash,,video_not_found,,,Video file 34.mp4 not found
34,2,17,4.0,Clear,,video_not_found,,,Video file 34.mp4 not found
34,2,17,5.0,Clear,,video_not_found,,,Video file 34.mp4 not found
34,2,17,6.0,Smash,,video_not_found,,,Video file 34.mp4 not found
34,2,17,9.0,Clear,,video_not_found,,,Video file 34.mp4 not found
34,2,18,7.0,Smash,,video_not_found,,,Video file 34.mp4 not found
34,2,19,5.0,Smash,,video_not_found,,,Video file 34.mp4 not found
34,2,20,4.0,Smash,,video_not_found,,,Video file 34.mp4 not found
34,2,23,3.0,Clear,,video_not_found,,,Video file 34.mp4 not found
34,2,25,4.0,Clear,,video_not_found,,,Video file 34.mp4 not found
34,2,26,5.0,Smash,,video_not_found,,,Video file 34.mp4 not found
34,2,28,3.0,Clear,,video_not_found,,,Video file 34.mp4 not found
34,2,28,4.0,Smash,,video_not_found,,,Video file 34.mp4 not found
34,2,28,10.0,Clear,,video_not_found,,,Video file 34.mp4 not found
34,2,29,3.0,Clear,,video_not_found,,,Video file 34.mp4 not found
34,2,29,6.0,Clear,,video_not_found,,,Video file 34.mp4 not found
34,2,29,7.0,Clear,,video_not_found,,,Video file 34.mp4 not found
34,2,29,8.0,Clear,,video_not_found,,,Video file 34.mp4 not found
34,2,29,9.0,Smash,,video_not_found,,,Video file 34.mp4 not found
34,2,29,17.0,Clear,,video_not_found,,,Video file 34.mp4 not found
34,2,29,18.0,Clear,,video_not_found,,,Video file 34.mp4 not found
34,2,29,19.0,Smash,,video_not_found,,,Video file 34.mp4 not found
35,1,1,3.0,Smash,12832.0,success,35_set1_rally1_ball3_Smash.mp4,61 frames,
35,1,3,9.0,Clear,14122.0,success,35_set1_rally3_ball9_Clear.mp4,61 frames,
35,1,3,10.0,Clear,14146.0,success,35_set1_rally3_ball10_Clear.mp4,61 frames,
35,1,3,13.0,Clear,14240.0,success,35_set1_rally3_ball13_Clear.mp4,61 frames,
35,1,3,14.0,Clear,14272.0,success,35_set1_rally3_ball14_Clear.mp4,61 frames,
35,1,3,15.0,Clear,14301.0,success,35_set1_rally3_ball15_Clear.mp4,61 frames,
35,1,3,16.0,Clear,14341.0,success,35_set1_rally3_ball16_Clear.mp4,61 frames,
35,1,3,19.0,Clear,14416.0,success,35_set1_rally3_ball19_Clear.mp4,61 frames,
35,1,5,9.0,Smash,16996.0,success,35_set1_rally5_ball9_Smash.mp4,61 frames,
35,1,5,13.0,Clear,17108.0,success,35_set1_rally5_ball13_Clear.mp4,61 frames,
35,1,5,14.0,Clear,17139.0,success,35_set1_rally5_ball14_Clear.mp4,61 frames,
35,1,5,15.0,Smash,17177.0,success,35_set1_rally5_ball15_Smash.mp4,61 frames,
35,1,5,20.0,Clear,17344.0,success,35_set1_rally5_ball20_Clear.mp4,61 frames,
35,1,6,3.0,Clear,18343.0,success,35_set1_rally6_ball3_Clear.mp4,61 frames,
35,1,6,7.0,Clear,18474.0,success,35_set1_rally6_ball7_Clear.mp4,61 frames,
35,1,6,8.0,Clear,18512.0,success,35_set1_rally6_ball8_Clear.mp4,61 frames,
35,1,6,9.0,Clear,18541.0,success,35_set1_rally6_ball9_Clear.mp4,61 frames,
35,1,6,10.0,Clear,18580.0,success,35_set1_rally6_ball10_Clear.mp4,61 frames,
35,1,7,2.0,Smash,19504.0,success,35_set1_rally7_ball2_Smash.mp4,61 frames,
35,1,8,5.0,Clear,20450.0,success,35_set1_rally8_ball5_Clear.mp4,61 frames,
35,1,9,3.0,Smash,21498.0,success,35_set1_rally9_ball3_Smash.mp4,61 frames,
35,1,10,7.0,Smash,22107.0,success,35_set1_rally10_ball7_Smash.mp4,61 frames,
35,1,10,15.0,Smash,22256.0,success,35_set1_rally10_ball15_Smash.mp4,61 frames,
35,1,13,3.0,Clear,24867.0,success,35_set1_rally13_ball3_Clear.mp4,61 frames,
35,1,13,13.0,Clear,25142.0,success,35_set1_rally13_ball13_Clear.mp4,61 frames,
35,1,13,19.0,Clear,25321.0,success,35_set1_rally13_ball19_Clear.mp4,61 frames,
35,1,13,20.0,Clear,25354.0,success,35_set1_rally13_ball20_Clear.mp4,61 frames,
35,1,13,21.0,Clear,25403.0,success,35_set1_rally13_ball21_Clear.mp4,61 frames,
35,1,13,22.0,Clear,25426.0,success,35_set1_rally13_ball22_Clear.mp4,61 frames,
35,1,14,7.0,Clear,26659.0,success,35_set1_rally14_ball7_Clear.mp4,61 frames,
35,1,15,6.0,Smash,27777.0,success,35_set1_rally15_ball6_Smash.mp4,61 frames,
35,1,17,6.0,Smash,29518.0,success,35_set1_rally17_ball6_Smash.mp4,61 frames,
35,1,17,10.0,Clear,29623.0,success,35_set1_rally17_ball10_Clear.mp4,61 frames,
35,1,17,17.0,Clear,29849.0,success,35_set1_rally17_ball17_Clear.mp4,61 frames,
35,1,19,3.0,Clear,31500.0,success,35_set1_rally19_ball3_Clear.mp4,61 frames,
35,1,19,7.0,Smash,31623.0,success,35_set1_rally19_ball7_Smash.mp4,61 frames,
35,1,20,6.0,Smash,34595.0,success,35_set1_rally20_ball6_Smash.mp4,61 frames,
35,1,22,4.0,Smash,36284.0,success,35_set1_rally22_ball4_Smash.mp4,61 frames,
35,1,22,7.0,Smash,36344.0,success,35_set1_rally22_ball7_Smash.mp4,61 frames,
35,1,22,12.0,Clear,36476.0,success,35_set1_rally22_ball12_Clear.mp4,61 frames,
35,1,23,3.0,Clear,37374.0,success,35_set1_rally23_ball3_Clear.mp4,61 frames,
35,1,23,4.0,Smash,37410.0,success,35_set1_rally23_ball4_Smash.mp4,61 frames,
35,1,26,10.0,Clear,39780.0,success,35_set1_rally26_ball10_Clear.mp4,61 frames,
35,1,26,11.0,Clear,39800.0,success,35_set1_rally26_ball11_Clear.mp4,61 frames,
35,1,26,22.0,Clear,40173.0,success,35_set1_rally26_ball22_Clear.mp4,61 frames,
35,1,26,23.0,Clear,40204.0,success,35_set1_rally26_ball23_Clear.mp4,61 frames,
35,1,26,26.0,Clear,40288.0,success,35_set1_rally26_ball26_Clear.mp4,61 frames,
35,1,26,34.0,Clear,40570.0,success,35_set1_rally26_ball34_Clear.mp4,61 frames,
35,1,26,35.0,Clear,40599.0,success,35_set1_rally26_ball35_Clear.mp4,61 frames,
35,1,28,9.0,Clear,43634.0,success,35_set1_rally28_ball9_Clear.mp4,61 frames,
35,1,29,2.0,Smash,45366.0,success,35_set1_rally29_ball2_Smash.mp4,61 frames,
35,1,32,5.0,Clear,49244.0,success,35_set1_rally32_ball5_Clear.mp4,61 frames,
35,1,32,9.0,Clear,49355.0,success,35_set1_rally32_ball9_Clear.mp4,61 frames,
35,1,32,10.0,Clear,49395.0,success,35_set1_rally32_ball10_Clear.mp4,61 frames,
35,1,32,11.0,Clear,49420.0,success,35_set1_rally32_ball11_Clear.mp4,61 frames,
35,1,32,12.0,Smash,49463.0,success,35_set1_rally32_ball12_Smash.mp4,61 frames,
35,1,33,3.0,Clear,50251.0,success,35_set1_rally33_ball3_Clear.mp4,61 frames,
35,1,34,10.0,Smash,51586.0,success,35_set1_rally34_ball10_Smash.mp4,61 frames,
35,1,35,11.0,Clear,52718.0,success,35_set1_rally35_ball11_Clear.mp4,61 frames,
35,1,35,12.0,Smash,52751.0,success,35_set1_rally35_ball12_Smash.mp4,61 frames,
35,1,36,10.0,Clear,54266.0,success,35_set1_rally36_ball10_Clear.mp4,61 frames,
35,1,36,18.0,Clear,54500.0,success,35_set1_rally36_ball18_Clear.mp4,61 frames,
35,1,38,3.0,Smash,56888.0,success,35_set1_rally38_ball3_Smash.mp4,61 frames,
35,1,38,7.0,Clear,56975.0,success,35_set1_rally38_ball7_Clear.mp4,61 frames,
35,1,38,17.0,Smash,57259.0,success,35_set1_rally38_ball17_Smash.mp4,61 frames,
35,1,38,23.0,Smash,57412.0,success,35_set1_rally38_ball23_Smash.mp4,61 frames,
35,1,38,28.0,Clear,57542.0,success,35_set1_rally38_ball28_Clear.mp4,61 frames,
35,1,39,4.0,Smash,58440.0,success,35_set1_rally39_ball4_Smash.mp4,61 frames,
35,1,39,22.0,Smash,58827.0,success,35_set1_rally39_ball22_Smash.mp4,61 frames,
35,1,40,4.0,Smash,60945.0,success,35_set1_rally40_ball4_Smash.mp4,61 frames,
35,1,40,9.0,Smash,61076.0,success,35_set1_rally40_ball9_Smash.mp4,61 frames,
35,1,40,12.0,Smash,61136.0,success,35_set1_rally40_ball12_Smash.mp4,61 frames,
35,2,2,3.0,Smash,66043.0,success,35_set2_rally2_ball3_Smash.mp4,61 frames,
35,2,2,7.0,Clear,66140.0,success,35_set2_rally2_ball7_Clear.mp4,61 frames,
35,2,3,2.0,Smash,66774.0,success,35_set2_rally3_ball2_Smash.mp4,61 frames,
35,2,4,3.0,Smash,67384.0,success,35_set2_rally4_ball3_Smash.mp4,61 frames,
35,2,4,6.0,Smash,67458.0,success,35_set2_rally4_ball6_Smash.mp4,61 frames,
35,2,5,2.0,Smash,68743.0,success,35_set2_rally5_ball2_Smash.mp4,61 frames,
35,2,6,4.0,Smash,70065.0,success,35_set2_rally6_ball4_Smash.mp4,61 frames,
35,2,7,7.0,Smash,71398.0,success,35_set2_rally7_ball7_Smash.mp4,61 frames,
35,2,8,3.0,Smash,72337.0,success,35_set2_rally8_ball3_Smash.mp4,61 frames,
35,2,9,5.0,Clear,73167.0,success,35_set2_rally9_ball5_Clear.mp4,61 frames,
35,2,9,6.0,Smash,73213.0,success,35_set2_rally9_ball6_Smash.mp4,61 frames,
35,2,10,4.0,Clear,74086.0,success,35_set2_rally10_ball4_Clear.mp4,61 frames,
35,2,10,8.0,Smash,74236.0,success,35_set2_rally10_ball8_Smash.mp4,61 frames,
35,2,12,3.0,Smash,75775.0,success,35_set2_rally12_ball3_Smash.mp4,61 frames,
35,2,12,6.0,Clear,75850.0,success,35_set2_rally12_ball6_Clear.mp4,61 frames,
35,2,13,2.0,Clear,76760.0,success,35_set2_rally13_ball2_Clear.mp4,61 frames,
35,2,13,3.0,Clear,76805.0,success,35_set2_rally13_ball3_Clear.mp4,61 frames,
35,2,13,9.0,Smash,76927.0,success,35_set2_rally13_ball9_Smash.mp4,61 frames,
35,2,14,3.0,Smash,77749.0,success,35_set2_rally14_ball3_Smash.mp4,61 frames,
35,2,15,3.0,Smash,79237.0,success,35_set2_rally15_ball3_Smash.mp4,61 frames,
35,2,18,2.0,Smash,81405.0,success,35_set2_rally18_ball2_Smash.mp4,61 frames,
35,2,18,5.0,Clear,81465.0,success,35_set2_rally18_ball5_Clear.mp4,61 frames,
35,2,19,5.0,Smash,84136.0,success,35_set2_rally19_ball5_Smash.mp4,61 frames,
35,2,20,9.0,Clear,85145.0,success,35_set2_rally20_ball9_Clear.mp4,61 frames,
35,2,20,10.0,Clear,85168.0,success,35_set2_rally20_ball10_Clear.mp4,61 frames,
35,2,22,4.0,Clear,87601.0,success,35_set2_rally22_ball4_Clear.mp4,61 frames,
35,2,22,8.0,Clear,87721.0,success,35_set2_rally22_ball8_Clear.mp4,61 frames,
35,2,22,14.0,Clear,87892.0,success,35_set2_rally22_ball14_Clear.mp4,61 frames,
35,2,22,17.0,Clear,87973.0,success,35_set2_rally22_ball17_Clear.mp4,61 frames,
35,2,22,18.0,Clear,88020.0,success,35_set2_rally22_ball18_Clear.mp4,61 frames,
35,2,22,19.0,Smash,88053.0,success,35_set2_rally22_ball19_Smash.mp4,61 frames,
35,2,24,2.0,Smash,90293.0,success,35_set2_rally24_ball2_Smash.mp4,61 frames,
35,2,24,4.0,Smash,90333.0,success,35_set2_rally24_ball4_Smash.mp4,61 frames,
35,2,25,6.0,Clear,91070.0,success,35_set2_rally25_ball6_Clear.mp4,61 frames,
35,2,25,7.0,Clear,91102.0,success,35_set2_rally25_ball7_Clear.mp4,61 frames,
35,2,25,8.0,Smash,91132.0,success,35_set2_rally25_ball8_Smash.mp4,61 frames,
35,2,25,11.0,Clear,91213.0,success,35_set2_rally25_ball11_Clear.mp4,61 frames,
35,2,25,12.0,Smash,91240.0,success,35_set2_rally25_ball12_Smash.mp4,61 frames,
35,2,26,2.0,Smash,92032.0,success,35_set2_rally26_ball2_Smash.mp4,61 frames,
35,2,26,4.0,Smash,92077.0,success,35_set2_rally26_ball4_Smash.mp4,61 frames,
35,2,26,6.0,Smash,92132.0,success,35_set2_rally26_ball6_Smash.mp4,61 frames,
35,2,26,9.0,Clear,92196.0,success,35_set2_rally26_ball9_Clear.mp4,61 frames,
35,2,26,10.0,Clear,92222.0,success,35_set2_rally26_ball10_Clear.mp4,61 frames,
35,2,26,20.0,Smash,92572.0,success,35_set2_rally26_ball20_Smash.mp4,61 frames,
35,2,28,2.0,Smash,95151.0,success,35_set2_rally28_ball2_Smash.mp4,61 frames,
35,2,28,5.0,Clear,95217.0,success,35_set2_rally28_ball5_Clear.mp4,61 frames,
35,2,28,6.0,Clear,95254.0,success,35_set2_rally28_ball6_Clear.mp4,61 frames,
35,2,28,9.0,Smash,95341.0,success,35_set2_rally28_ball9_Smash.mp4,61 frames,
35,2,28,15.0,Smash,95479.0,success,35_set2_rally28_ball15_Smash.mp4,61 frames,
35,2,29,10.0,Smash,96440.0,success,35_set2_rally29_ball10_Smash.mp4,61 frames,
35,2,30,2.0,Smash,97447.0,success,35_set2_rally30_ball2_Smash.mp4,61 frames,
35,2,30,6.0,Clear,97548.0,success,35_set2_rally30_ball6_Clear.mp4,61 frames,
35,2,30,13.0,Clear,97783.0,success,35_set2_rally30_ball13_Clear.mp4,61 frames,
35,2,30,16.0,Smash,97870.0,success,35_set2_rally30_ball16_Smash.mp4,61 frames,
35,2,30,19.0,Clear,97940.0,success,35_set2_rally30_ball19_Clear.mp4,61 frames,
35,2,30,20.0,Smash,97976.0,success,35_set2_rally30_ball20_Smash.mp4,61 frames,
35,2,30,24.0,Clear,98099.0,success,35_set2_rally30_ball24_Clear.mp4,61 frames,
35,2,32,7.0,Smash,101158.0,success,35_set2_rally32_ball7_Smash.mp4,61 frames,
35,2,33,6.0,Clear,101923.0,success,35_set2_rally33_ball6_Clear.mp4,61 frames,
35,2,33,10.0,Clear,102055.0,success,35_set2_rally33_ball10_Clear.mp4,61 frames,
35,2,33,11.0,Smash,102072.0,success,35_set2_rally33_ball11_Smash.mp4,61 frames,
35,2,34,2.0,Smash,102781.0,success,35_set2_rally34_ball2_Smash.mp4,61 frames,
35,2,35,3.0,Clear,103726.0,success,35_set2_rally35_ball3_Clear.mp4,61 frames,
35,2,36,2.0,Clear,104570.0,success,35_set2_rally36_ball2_Clear.mp4,61 frames,
35,2,36,3.0,Smash,104605.0,success,35_set2_rally36_ball3_Smash.mp4,61 frames,
35,2,36,9.0,Clear,104748.0,success,35_set2_rally36_ball9_Clear.mp4,61 frames,
36,1,1,6.0,Clear,12109.0,success,36_set1_rally1_ball6_Clear.mp4,61 frames,
36,1,1,9.0,Smash,12198.0,success,36_set1_rally1_ball9_Smash.mp4,61 frames,
36,1,2,3.0,Clear,12645.0,success,36_set1_rally2_ball3_Clear.mp4,61 frames,
36,1,2,4.0,Clear,12672.0,success,36_set1_rally2_ball4_Clear.mp4,61 frames,
36,1,2,14.0,Clear,12962.0,success,36_set1_rally2_ball14_Clear.mp4,61 frames,
36,1,2,23.0,Clear,13210.0,success,36_set1_rally2_ball23_Clear.mp4,61 frames,
36,1,2,27.0,Clear,13312.0,success,36_set1_rally2_ball27_Clear.mp4,61 frames,
36,1,2,32.0,Clear,13459.0,success,36_set1_rally2_ball32_Clear.mp4,61 frames,
36,1,3,8.0,Smash,14692.0,success,36_set1_rally3_ball8_Smash.mp4,61 frames,
36,1,6,2.0,Smash,16689.0,success,36_set1_rally6_ball2_Smash.mp4,61 frames,
36,1,7,14.0,Clear,17998.0,success,36_set1_rally7_ball14_Clear.mp4,61 frames,
36,1,7,15.0,Smash,18028.0,success,36_set1_rally7_ball15_Smash.mp4,61 frames,
36,1,9,14.0,Clear,19777.0,success,36_set1_rally9_ball14_Clear.mp4,61 frames,
36,1,9,23.0,Clear,20026.0,success,36_set1_rally9_ball23_Clear.mp4,61 frames,
36,1,9,28.0,Clear,20175.0,success,36_set1_rally9_ball28_Clear.mp4,61 frames,
36,1,9,31.0,Clear,20269.0,success,36_set1_rally9_ball31_Clear.mp4,61 frames,
36,1,9,32.0,Clear,20293.0,success,36_set1_rally9_ball32_Clear.mp4,61 frames,
36,1,9,36.0,Clear,20414.0,success,36_set1_rally9_ball36_Clear.mp4,61 frames,
36,1,9,37.0,Clear,20445.0,success,36_set1_rally9_ball37_Clear.mp4,61 frames,
36,1,9,38.0,Clear,20485.0,success,36_set1_rally9_ball38_Clear.mp4,61 frames,
36,1,9,41.0,Clear,20582.0,success,36_set1_rally9_ball41_Clear.mp4,61 frames,
36,1,9,42.0,Clear,20617.0,success,36_set1_rally9_ball42_Clear.mp4,61 frames,
36,1,11,5.0,Smash,22565.0,success,36_set1_rally11_ball5_Smash.mp4,61 frames,
36,1,13,3.0,Clear,24944.0,success,36_set1_rally13_ball3_Clear.mp4,61 frames,
36,1,13,15.0,Clear,25275.0,success,36_set1_rally13_ball15_Clear.mp4,61 frames,
36,1,14,4.0,Clear,26408.0,success,36_set1_rally14_ball4_Clear.mp4,61 frames,
36,1,14,5.0,Smash,26433.0,success,36_set1_rally14_ball5_Smash.mp4,61 frames,
36,1,15,3.0,Clear,27215.0,success,36_set1_rally15_ball3_Clear.mp4,61 frames,
36,1,15,4.0,Smash,27258.0,success,36_set1_rally15_ball4_Smash.mp4,61 frames,
36,1,15,7.0,Clear,27328.0,success,36_set1_rally15_ball7_Clear.mp4,61 frames,
36,1,15,11.0,Clear,27465.0,success,36_set1_rally15_ball11_Clear.mp4,61 frames,
36,1,15,14.0,Clear,27562.0,success,36_set1_rally15_ball14_Clear.mp4,61 frames,
36,1,15,15.0,Clear,27603.0,success,36_set1_rally15_ball15_Clear.mp4,61 frames,
36,1,17,14.0,Clear,31074.0,success,36_set1_rally17_ball14_Clear.mp4,61 frames,
36,1,17,15.0,Smash,31106.0,success,36_set1_rally17_ball15_Smash.mp4,61 frames,
36,1,18,11.0,Clear,32247.0,success,36_set1_rally18_ball11_Clear.mp4,61 frames,
36,1,18,12.0,Smash,32271.0,success,36_set1_rally18_ball12_Smash.mp4,61 frames,
36,1,20,3.0,Clear,34363.0,success,36_set1_rally20_ball3_Clear.mp4,61 frames,
36,1,20,23.0,Smash,34826.0,success,36_set1_rally20_ball23_Smash.mp4,61 frames,
36,1,21,5.0,Smash,37510.0,success,36_set1_rally21_ball5_Smash.mp4,61 frames,
36,1,21,10.0,Smash,37601.0,success,36_set1_rally21_ball10_Smash.mp4,61 frames,
36,1,21,15.0,Clear,37736.0,success,36_set1_rally21_ball15_Clear.mp4,61 frames,
36,1,21,16.0,Smash,37774.0,success,36_set1_rally21_ball16_Smash.mp4,61 frames,
36,1,22,11.0,Clear,39141.0,success,36_set1_rally22_ball11_Clear.mp4,61 frames,
36,1,22,12.0,Smash,39177.0,success,36_set1_rally22_ball12_Smash.mp4,61 frames,
36,1,24,6.0,Smash,41176.0,success,36_set1_rally24_ball6_Smash.mp4,61 frames,
36,1,25,6.0,Clear,42317.0,success,36_set1_rally25_ball6_Clear.mp4,61 frames,
36,1,25,7.0,Clear,42352.0,success,36_set1_rally25_ball7_Clear.mp4,61 frames,
36,1,25,8.0,Smash,42385.0,success,36_set1_rally25_ball8_Smash.mp4,61 frames,
36,1,27,5.0,Clear,44518.0,success,36_set1_rally27_ball5_Clear.mp4,61 frames,
36,1,27,8.0,Smash,44602.0,success,36_set1_rally27_ball8_Smash.mp4,61 frames,
36,1,28,5.0,Clear,45426.0,success,36_set1_rally28_ball5_Clear.mp4,61 frames,
36,1,28,6.0,Clear,45472.0,success,36_set1_rally28_ball6_Clear.mp4,61 frames,
36,1,28,7.0,Smash,45502.0,success,36_set1_rally28_ball7_Smash.mp4,61 frames,
36,1,28,11.0,Clear,45603.0,success,36_set1_rally28_ball11_Clear.mp4,61 frames,
36,1,28,25.0,Clear,46050.0,success,36_set1_rally28_ball25_Clear.mp4,61 frames,
36,1,28,29.0,Clear,46186.0,success,36_set1_rally28_ball29_Clear.mp4,61 frames,
36,1,28,32.0,Smash,46277.0,success,36_set1_rally28_ball32_Smash.mp4,61 frames,
36,1,29,8.0,Clear,48219.0,success,36_set1_rally29_ball8_Clear.mp4,61 frames,
36,1,30,3.0,Clear,49249.0,success,36_set1_rally30_ball3_Clear.mp4,61 frames,
36,1,30,4.0,Smash,49284.0,success,36_set1_rally30_ball4_Smash.mp4,61 frames,
36,1,32,4.0,Smash,51040.0,success,36_set1_rally32_ball4_Smash.mp4,61 frames,
36,1,34,5.0,Smash,52880.0,success,36_set1_rally34_ball5_Smash.mp4,61 frames,
36,1,34,12.0,Smash,53095.0,success,36_set1_rally34_ball12_Smash.mp4,61 frames,
36,1,34,17.0,Clear,53185.0,success,36_set1_rally34_ball17_Clear.mp4,61 frames,
36,1,34,18.0,Clear,53223.0,success,36_set1_rally34_ball18_Clear.mp4,61 frames,
36,1,34,19.0,Clear,53253.0,success,36_set1_rally34_ball19_Clear.mp4,61 frames,
36,1,34,20.0,Smash,53312.0,success,36_set1_rally34_ball20_Smash.mp4,61 frames,
36,1,38,2.0,Smash,58291.0,success,36_set1_rally38_ball2_Smash.mp4,61 frames,
36,1,40,7.0,Smash,60705.0,success,36_set1_rally40_ball7_Smash.mp4,61 frames,
36,1,40,19.0,Clear,60996.0,success,36_set1_rally40_ball19_Clear.mp4,61 frames,
36,1,40,20.0,Clear,61039.0,success,36_set1_rally40_ball20_Clear.mp4,61 frames,
36,1,40,21.0,Smash,61086.0,success,36_set1_rally40_ball21_Smash.mp4,61 frames,
36,2,2,3.0,Clear,65772.0,success,36_set2_rally2_ball3_Clear.mp4,61 frames,
36,2,2,4.0,Clear,65807.0,success,36_set2_rally2_ball4_Clear.mp4,61 frames,
36,2,2,5.0,Smash,65848.0,success,36_set2_rally2_ball5_Smash.mp4,61 frames,
36,2,2,11.0,Clear,66020.0,success,36_set2_rally2_ball11_Clear.mp4,61 frames,
36,2,2,12.0,Clear,66070.0,success,36_set2_rally2_ball12_Clear.mp4,61 frames,
36,2,2,13.0,Clear,66103.0,success,36_set2_rally2_ball13_Clear.mp4,61 frames,
36,2,4,4.0,Clear,67551.0,success,36_set2_rally4_ball4_Clear.mp4,61 frames,
36,2,4,7.0,Clear,67652.0,success,36_set2_rally4_ball7_Clear.mp4,61 frames,
36,2,4,10.0,Clear,67748.0,success,36_set2_rally4_ball10_Clear.mp4,61 frames,
36,2,4,11.0,Smash,67781.0,success,36_set2_rally4_ball11_Smash.mp4,61 frames,
36,2,5,10.0,Smash,68989.0,success,36_set2_rally5_ball10_Smash.mp4,61 frames,
36,2,8,7.0,Smash,71294.0,success,36_set2_rally8_ball7_Smash.mp4,61 frames,
36,2,10,8.0,Clear,73339.0,success,36_set2_rally10_ball8_Clear.mp4,61 frames,
36,2,10,13.0,Smash,73485.0,success,36_set2_rally10_ball13_Smash.mp4,61 frames,
36,2,11,3.0,Clear,75029.0,success,36_set2_rally11_ball3_Clear.mp4,61 frames,
36,2,11,4.0,Smash,75059.0,success,36_set2_rally11_ball4_Smash.mp4,61 frames,
36,2,11,10.0,Smash,75229.0,success,36_set2_rally11_ball10_Smash.mp4,61 frames,
36,2,11,14.0,Clear,75359.0,success,36_set2_rally11_ball14_Clear.mp4,61 frames,
36,2,11,15.0,Smash,75413.0,success,36_set2_rally11_ball15_Smash.mp4,61 frames,
36,2,11,17.0,Clear,75464.0,success,36_set2_rally11_ball17_Clear.mp4,61 frames,
36,2,12,7.0,Clear,76890.0,success,36_set2_rally12_ball7_Clear.mp4,61 frames,
36,2,12,8.0,Smash,76923.0,success,36_set2_rally12_ball8_Smash.mp4,61 frames,
36,2,16,2.0,Smash,81321.0,success,36_set2_rally16_ball2_Smash.mp4,61 frames,
36,2,16,6.0,Clear,81439.0,success,36_set2_rally16_ball6_Clear.mp4,61 frames,
36,2,16,7.0,Smash,81483.0,success,36_set2_rally16_ball7_Smash.mp4,61 frames,
36,2,19,3.0,Clear,83066.0,success,36_set2_rally19_ball3_Clear.mp4,61 frames,
36,2,19,8.0,Smash,83206.0,success,36_set2_rally19_ball8_Smash.mp4,61 frames,
36,2,20,4.0,Clear,84475.0,success,36_set2_rally20_ball4_Clear.mp4,61 frames,
36,2,20,5.0,Clear,84518.0,success,36_set2_rally20_ball5_Clear.mp4,61 frames,
36,2,20,6.0,Smash,84550.0,success,36_set2_rally20_ball6_Smash.mp4,61 frames,
36,2,22,7.0,Smash,86210.0,success,36_set2_rally22_ball7_Smash.mp4,61 frames,
36,2,23,5.0,Smash,86991.0,success,36_set2_rally23_ball5_Smash.mp4,61 frames,
36,2,24,5.0,Smash,87597.0,success,36_set2_rally24_ball5_Smash.mp4,61 frames,
36,2,24,9.0,Clear,87713.0,success,36_set2_rally24_ball9_Clear.mp4,61 frames,
36,2,24,15.0,Smash,87878.0,success,36_set2_rally24_ball15_Smash.mp4,61 frames,
36,2,25,4.0,Clear,88891.0,success,36_set2_rally25_ball4_Clear.mp4,61 frames,
36,2,25,5.0,Smash,88935.0,success,36_set2_rally25_ball5_Smash.mp4,61 frames,
36,2,25,7.0,Clear,88981.0,success,36_set2_rally25_ball7_Clear.mp4,61 frames,
36,2,25,8.0,Clear,89018.0,success,36_set2_rally25_ball8_Clear.mp4,61 frames,
36,2,26,3.0,Clear,89551.0,success,36_set2_rally26_ball3_Clear.mp4,61 frames,
36,2,27,4.0,Smash,90316.0,success,36_set2_rally27_ball4_Smash.mp4,61 frames,
36,2,27,8.0,Clear,90435.0,success,36_set2_rally27_ball8_Clear.mp4,61 frames,
36,2,27,9.0,Smash,90473.0,success,36_set2_rally27_ball9_Smash.mp4,61 frames,
36,2,28,3.0,Smash,91233.0,success,36_set2_rally28_ball3_Smash.mp4,61 frames,
37,1,1,6.0,Clear,12876.0,success,37_set1_rally1_ball6_Clear.mp4,61 frames,
37,1,2,11.0,Smash,13620.0,success,37_set1_rally2_ball11_Smash.mp4,61 frames,
37,1,3,8.0,Clear,14372.0,success,37_set1_rally3_ball8_Clear.mp4,61 frames,
37,1,3,9.0,Smash,14424.0,success,37_set1_rally3_ball9_Smash.mp4,61 frames,
37,1,5,18.0,Clear,16283.0,success,37_set1_rally5_ball18_Clear.mp4,61 frames,
37,1,5,24.0,Clear,16435.0,success,37_set1_rally5_ball24_Clear.mp4,61 frames,
37,1,5,33.0,Clear,16703.0,success,37_set1_rally5_ball33_Clear.mp4,61 frames,
37,1,5,42.0,Clear,16947.0,success,37_set1_rally5_ball42_Clear.mp4,61 frames,
37,1,6,3.0,Clear,18053.0,success,37_set1_rally6_ball3_Clear.mp4,61 frames,
37,1,6,4.0,Smash,18090.0,success,37_set1_rally6_ball4_Smash.mp4,61 frames,
37,1,6,15.0,Smash,18432.0,success,37_set1_rally6_ball15_Smash.mp4,61 frames,
37,1,6,17.0,Smash,18470.0,success,37_set1_rally6_ball17_Smash.mp4,61 frames,
37,1,6,21.0,Clear,18550.0,success,37_set1_rally6_ball21_Clear.mp4,61 frames,
37,1,6,22.0,Clear,18594.0,success,37_set1_rally6_ball22_Clear.mp4,61 frames,
37,1,8,8.0,Smash,20168.0,success,37_set1_rally8_ball8_Smash.mp4,61 frames,
37,1,8,22.0,Clear,20441.0,success,37_set1_rally8_ball22_Clear.mp4,61 frames,
37,1,8,23.0,Smash,20494.0,success,37_set1_rally8_ball23_Smash.mp4,61 frames,
37,1,9,4.0,Smash,21438.0,success,37_set1_rally9_ball4_Smash.mp4,61 frames,
37,1,10,4.0,Clear,22180.0,success,37_set1_rally10_ball4_Clear.mp4,61 frames,
37,1,10,5.0,Smash,22212.0,success,37_set1_rally10_ball5_Smash.mp4,61 frames,
37,1,10,12.0,Clear,22423.0,success,37_set1_rally10_ball12_Clear.mp4,61 frames,
37,1,12,4.0,Smash,24740.0,success,37_set1_rally12_ball4_Smash.mp4,61 frames,
37,1,13,14.0,Clear,25726.0,success,37_set1_rally13_ball14_Clear.mp4,61 frames,
37,1,15,7.0,Smash,27631.0,success,37_set1_rally15_ball7_Smash.mp4,61 frames,
37,1,15,10.0,Smash,27713.0,success,37_set1_rally15_ball10_Smash.mp4,61 frames,
37,1,17,18.0,Clear,30889.0,success,37_set1_rally17_ball18_Clear.mp4,61 frames,
37,1,18,4.0,Clear,31497.0,success,37_set1_rally18_ball4_Clear.mp4,61 frames,
37,1,18,5.0,Smash,31535.0,success,37_set1_rally18_ball5_Smash.mp4,61 frames,
37,1,20,19.0,Clear,33724.0,success,37_set1_rally20_ball19_Clear.mp4,61 frames,
37,1,20,20.0,Smash,33757.0,success,37_set1_rally20_ball20_Smash.mp4,61 frames,
37,1,21,26.0,Clear,35841.0,success,37_set1_rally21_ball26_Clear.mp4,61 frames,
37,1,21,27.0,Clear,35883.0,success,37_set1_rally21_ball27_Clear.mp4,61 frames,
37,1,21,31.0,Clear,36019.0,success,37_set1_rally21_ball31_Clear.mp4,61 frames,
37,1,22,11.0,Clear,37362.0,success,37_set1_rally22_ball11_Clear.mp4,61 frames,
37,1,22,12.0,Clear,37408.0,success,37_set1_rally22_ball12_Clear.mp4,61 frames,
37,1,23,2.0,Smash,38934.0,success,37_set1_rally23_ball2_Smash.mp4,61 frames,
37,1,27,2.0,Smash,43731.0,success,37_set1_rally27_ball2_Smash.mp4,61 frames,
37,1,27,7.0,Clear,43841.0,success,37_set1_rally27_ball7_Clear.mp4,61 frames,
37,1,27,8.0,Smash,43872.0,success,37_set1_rally27_ball8_Smash.mp4,61 frames,
37,1,30,3.0,Clear,45874.0,success,37_set1_rally30_ball3_Clear.mp4,61 frames,
37,1,30,4.0,Smash,45916.0,success,37_set1_rally30_ball4_Smash.mp4,61 frames,
37,1,31,4.0,Clear,46606.0,success,37_set1_rally31_ball4_Clear.mp4,61 frames,
37,1,31,9.0,Clear,46756.0,success,37_set1_rally31_ball9_Clear.mp4,61 frames,
37,1,31,10.0,Smash,46793.0,success,37_set1_rally31_ball10_Smash.mp4,61 frames,
37,1,32,4.0,Clear,48229.0,success,37_set1_rally32_ball4_Clear.mp4,61 frames,
37,1,32,5.0,Clear,48257.0,success,37_set1_rally32_ball5_Clear.mp4,61 frames,
37,1,32,9.0,Clear,48397.0,success,37_set1_rally32_ball9_Clear.mp4,61 frames,
37,1,32,10.0,Clear,48443.0,success,37_set1_rally32_ball10_Clear.mp4,61 frames,
37,2,1,10.0,Clear,52872.0,success,37_set2_rally1_ball10_Clear.mp4,61 frames,
37,2,1,11.0,Smash,52919.0,success,37_set2_rally1_ball11_Smash.mp4,61 frames,
37,2,2,4.0,Clear,53464.0,success,37_set2_rally2_ball4_Clear.mp4,61 frames,
37,2,2,16.0,Clear,53766.0,success,37_set2_rally2_ball16_Clear.mp4,61 frames,
37,2,2,17.0,Smash,53814.0,success,37_set2_rally2_ball17_Smash.mp4,61 frames,
37,2,2,28.0,Smash,54133.0,success,37_set2_rally2_ball28_Smash.mp4,61 frames,
37,2,3,12.0,Clear,55657.0,success,37_set2_rally3_ball12_Clear.mp4,61 frames,
37,2,3,13.0,Smash,55708.0,success,37_set2_rally3_ball13_Smash.mp4,61 frames,
37,2,4,6.0,Clear,56635.0,success,37_set2_rally4_ball6_Clear.mp4,61 frames,
37,2,5,12.0,Clear,57478.0,success,37_set2_rally5_ball12_Clear.mp4,61 frames,
37,2,5,16.0,Clear,57621.0,success,37_set2_rally5_ball16_Clear.mp4,61 frames,
37,2,5,17.0,Clear,57657.0,success,37_set2_rally5_ball17_Clear.mp4,61 frames,
37,2,5,32.0,Clear,58161.0,success,37_set2_rally5_ball32_Clear.mp4,61 frames,
37,2,5,33.0,Clear,58202.0,success,37_set2_rally5_ball33_Clear.mp4,61 frames,
37,2,5,37.0,Smash,58327.0,success,37_set2_rally5_ball37_Smash.mp4,61 frames,
37,2,7,4.0,Smash,60576.0,success,37_set2_rally7_ball4_Smash.mp4,61 frames,
37,2,7,7.0,Smash,60647.0,success,37_set2_rally7_ball7_Smash.mp4,61 frames,
37,2,7,16.0,Clear,60853.0,success,37_set2_rally7_ball16_Clear.mp4,61 frames,
37,2,7,19.0,Smash,60936.0,success,37_set2_rally7_ball19_Smash.mp4,61 frames,
37,2,12,13.0,Clear,65524.0,success,37_set2_rally12_ball13_Clear.mp4,61 frames,
37,2,13,6.0,Smash,66251.0,success,37_set2_rally13_ball6_Smash.mp4,61 frames,
37,2,13,8.0,Smash,66289.0,success,37_set2_rally13_ball8_Smash.mp4,61 frames,
37,2,15,6.0,Smash,70266.0,success,37_set2_rally15_ball6_Smash.mp4,61 frames,
37,2,15,8.0,Clear,70302.0,success,37_set2_rally15_ball8_Clear.mp4,61 frames,
37,2,15,9.0,Smash,70344.0,success,37_set2_rally15_ball9_Smash.mp4,61 frames,
37,2,15,13.0,Smash,70441.0,success,37_set2_rally15_ball13_Smash.mp4,61 frames,
37,2,17,6.0,Smash,71952.0,success,37_set2_rally17_ball6_Smash.mp4,61 frames,
37,2,17,11.0,Clear,72067.0,success,37_set2_rally17_ball11_Clear.mp4,61 frames,
37,2,17,12.0,Clear,72105.0,success,37_set2_rally17_ball12_Clear.mp4,61 frames,
37,2,17,15.0,Clear,72217.0,success,37_set2_rally17_ball15_Clear.mp4,61 frames,
37,2,17,18.0,Smash,72305.0,success,37_set2_rally17_ball18_Smash.mp4,61 frames,
37,2,18,8.0,Smash,73286.0,success,37_set2_rally18_ball8_Smash.mp4,61 frames,
37,2,20,12.0,Clear,74943.0,success,37_set2_rally20_ball12_Clear.mp4,61 frames,
37,2,20,13.0,Smash,74988.0,success,37_set2_rally20_ball13_Smash.mp4,61 frames,
37,2,20,17.0,Smash,75075.0,success,37_set2_rally20_ball17_Smash.mp4,61 frames,
37,2,21,14.0,Smash,76871.0,success,37_set2_rally21_ball14_Smash.mp4,61 frames,
37,2,21,19.0,Smash,77030.0,success,37_set2_rally21_ball19_Smash.mp4,61 frames,
37,2,23,3.0,Smash,82470.0,success,37_set2_rally23_ball3_Smash.mp4,61 frames,
37,2,26,3.0,Smash,84282.0,success,37_set2_rally26_ball3_Smash.mp4,61 frames,
37,2,28,3.0,Smash,85443.0,success,37_set2_rally28_ball3_Smash.mp4,61 frames,
38,1,1,10.0,Clear,12760.0,success,38_set1_rally1_ball10_Clear.mp4,61 frames,
38,1,2,2.0,Smash,13358.0,success,38_set1_rally2_ball2_Smash.mp4,61 frames,
38,1,3,2.0,Smash,14114.0,success,38_set1_rally3_ball2_Smash.mp4,61 frames,
38,1,4,2.0,Smash,14559.0,success,38_set1_rally4_ball2_Smash.mp4,61 frames,
38,1,5,2.0,Smash,14923.0,success,38_set1_rally5_ball2_Smash.mp4,61 frames,
38,1,7,2.0,Smash,15999.0,success,38_set1_rally7_ball2_Smash.mp4,61 frames,
38,1,8,3.0,Clear,16764.0,success,38_set1_rally8_ball3_Clear.mp4,61 frames,
38,1,9,2.0,Smash,17289.0,success,38_set1_rally9_ball2_Smash.mp4,61 frames,
38,1,10,2.0,Smash,17780.0,success,38_set1_rally10_ball2_Smash.mp4,61 frames,
38,1,11,3.0,Smash,18662.0,success,38_set1_rally11_ball3_Smash.mp4,61 frames,
38,1,12,2.0,Smash,19138.0,success,38_set1_rally12_ball2_Smash.mp4,61 frames,
38,1,13,2.0,Smash,19656.0,success,38_set1_rally13_ball2_Smash.mp4,61 frames,
38,1,14,3.0,Clear,20198.0,success,38_set1_rally14_ball3_Clear.mp4,61 frames,
38,1,15,2.0,Smash,20636.0,success,38_set1_rally15_ball2_Smash.mp4,61 frames,
38,1,16,3.0,Smash,21227.0,success,38_set1_rally16_ball3_Smash.mp4,61 frames,
38,1,18,4.0,Smash,22102.0,success,38_set1_rally18_ball4_Smash.mp4,61 frames,
38,1,19,5.0,Clear,22519.0,success,38_set1_rally19_ball5_Clear.mp4,61 frames,
38,1,20,2.0,Smash,24582.0,success,38_set1_rally20_ball2_Smash.mp4,61 frames,
38,1,21,2.0,Clear,25159.0,success,38_set1_rally21_ball2_Clear.mp4,61 frames,
38,1,21,3.0,Clear,25182.0,success,38_set1_rally21_ball3_Clear.mp4,61 frames,
38,1,21,4.0,Clear,25207.0,success,38_set1_rally21_ball4_Clear.mp4,61 frames,
38,1,21,5.0,Clear,25236.0,success,38_set1_rally21_ball5_Clear.mp4,61 frames,
38,1,21,10.0,Clear,25389.0,success,38_set1_rally21_ball10_Clear.mp4,61 frames,
38,1,21,14.0,Clear,25508.0,success,38_set1_rally21_ball14_Clear.mp4,61 frames,
38,1,22,3.0,Smash,26358.0,success,38_set1_rally22_ball3_Smash.mp4,61 frames,
38,1,22,7.0,Clear,26470.0,success,38_set1_rally22_ball7_Clear.mp4,61 frames,
38,1,22,8.0,Smash,26531.0,success,38_set1_rally22_ball8_Smash.mp4,61 frames,
38,1,22,11.0,Clear,26587.0,success,38_set1_rally22_ball11_Clear.mp4,61 frames,
38,1,22,12.0,Clear,26619.0,success,38_set1_rally22_ball12_Clear.mp4,61 frames,
38,1,22,15.0,Smash,26710.0,success,38_set1_rally22_ball15_Smash.mp4,61 frames,
38,1,22,18.0,Smash,26767.0,success,38_set1_rally22_ball18_Smash.mp4,61 frames,
38,1,23,2.0,Clear,27526.0,success,38_set1_rally23_ball2_Clear.mp4,61 frames,
38,1,23,3.0,Clear,27550.0,success,38_set1_rally23_ball3_Clear.mp4,61 frames,
38,1,24,4.0,Smash,28263.0,success,38_set1_rally24_ball4_Smash.mp4,61 frames,
38,1,24,6.0,Smash,28296.0,success,38_set1_rally24_ball6_Smash.mp4,61 frames,
38,1,24,8.0,Smash,28324.0,success,38_set1_rally24_ball8_Smash.mp4,61 frames,
38,1,24,10.0,Smash,28351.0,success,38_set1_rally24_ball10_Smash.mp4,61 frames,
38,1,25,2.0,Smash,29004.0,success,38_set1_rally25_ball2_Smash.mp4,61 frames,
38,1,26,4.0,Clear,29656.0,success,38_set1_rally26_ball4_Clear.mp4,61 frames,
38,1,26,5.0,Clear,29684.0,success,38_set1_rally26_ball5_Clear.mp4,61 frames,
38,1,26,6.0,Clear,29710.0,success,38_set1_rally26_ball6_Clear.mp4,61 frames,
38,1,28,2.0,Smash,31696.0,success,38_set1_rally28_ball2_Smash.mp4,61 frames,
38,1,28,4.0,Smash,31730.0,success,38_set1_rally28_ball4_Smash.mp4,61 frames,
38,1,29,2.0,Smash,32288.0,success,38_set1_rally29_ball2_Smash.mp4,61 frames,
38,1,29,5.0,Clear,32349.0,success,38_set1_rally29_ball5_Clear.mp4,61 frames,
38,1,29,12.0,Smash,32546.0,success,38_set1_rally29_ball12_Smash.mp4,61 frames,
38,1,30,3.0,Clear,33119.0,success,38_set1_rally30_ball3_Clear.mp4,61 frames,
38,1,30,4.0,Smash,33152.0,success,38_set1_rally30_ball4_Smash.mp4,61 frames,
38,1,30,14.0,Smash,33430.0,success,38_set1_rally30_ball14_Smash.mp4,61 frames,
38,1,30,23.0,Clear,33607.0,success,38_set1_rally30_ball23_Clear.mp4,61 frames,
38,1,30,26.0,Smash,33675.0,success,38_set1_rally30_ball26_Smash.mp4,61 frames,
38,1,31,2.0,Smash,34761.0,success,38_set1_rally31_ball2_Smash.mp4,61 frames,
38,1,31,10.0,Smash,34959.0,success,38_set1_rally31_ball10_Smash.mp4,61 frames,
38,1,33,2.0,Clear,36647.0,success,38_set1_rally33_ball2_Clear.mp4,61 frames,
38,1,33,3.0,Clear,36667.0,success,38_set1_rally33_ball3_Clear.mp4,61 frames,
38,1,34,2.0,Clear,37245.0,success,38_set1_rally34_ball2_Clear.mp4,61 frames,
38,1,35,2.0,Smash,37691.0,success,38_set1_rally35_ball2_Smash.mp4,61 frames,
38,1,36,2.0,Smash,38366.0,success,38_set1_rally36_ball2_Smash.mp4,61 frames,
38,1,37,4.0,Clear,38962.0,success,38_set1_rally37_ball4_Clear.mp4,61 frames,
38,1,37,8.0,Clear,39076.0,success,38_set1_rally37_ball8_Clear.mp4,61 frames,
38,1,37,9.0,Smash,39110.0,success,38_set1_rally37_ball9_Smash.mp4,61 frames,
38,2,1,2.0,Smash,42918.0,success,38_set2_rally1_ball2_Smash.mp4,61 frames,
38,2,1,8.0,Clear,43089.0,success,38_set2_rally1_ball8_Clear.mp4,61 frames,
38,2,1,9.0,Clear,43110.0,success,38_set2_rally1_ball9_Clear.mp4,61 frames,
38,2,1,10.0,Clear,43148.0,success,38_set2_rally1_ball10_Clear.mp4,61 frames,
38,2,1,18.0,Clear,43340.0,success,38_set2_rally1_ball18_Clear.mp4,61 frames,
38,2,1,19.0,Clear,43381.0,success,38_set2_rally1_ball19_Clear.mp4,61 frames,
38,2,2,2.0,Smash,43999.0,success,38_set2_rally2_ball2_Smash.mp4,61 frames,
38,2,2,4.0,Clear,44039.0,success,38_set2_rally2_ball4_Clear.mp4,61 frames,
38,2,2,5.0,Clear,44082.0,success,38_set2_rally2_ball5_Clear.mp4,61 frames,
38,2,3,2.0,Clear,44869.0,success,38_set2_rally3_ball2_Clear.mp4,61 frames,
38,2,3,3.0,Smash,44893.0,success,38_set2_rally3_ball3_Smash.mp4,61 frames,
38,2,5,2.0,Clear,46315.0,success,38_set2_rally5_ball2_Clear.mp4,61 frames,
38,2,5,3.0,Clear,46343.0,success,38_set2_rally5_ball3_Clear.mp4,61 frames,
38,2,5,7.0,Clear,46474.0,success,38_set2_rally5_ball7_Clear.mp4,61 frames,
38,2,6,2.0,Smash,47170.0,success,38_set2_rally6_ball2_Smash.mp4,61 frames,
38,2,7,4.0,Clear,47790.0,success,38_set2_rally7_ball4_Clear.mp4,61 frames,
38,2,7,5.0,Clear,47821.0,success,38_set2_rally7_ball5_Clear.mp4,61 frames,
38,2,7,6.0,Clear,47849.0,success,38_set2_rally7_ball6_Clear.mp4,61 frames,
38,2,7,9.0,Clear,47927.0,success,38_set2_rally7_ball9_Clear.mp4,61 frames,
38,2,7,10.0,Clear,47952.0,success,38_set2_rally7_ball10_Clear.mp4,61 frames,
38,2,7,13.0,Clear,48040.0,success,38_set2_rally7_ball13_Clear.mp4,61 frames,
38,2,7,14.0,Smash,48066.0,success,38_set2_rally7_ball14_Smash.mp4,61 frames,
38,2,7,22.0,Clear,48303.0,success,38_set2_rally7_ball22_Clear.mp4,61 frames,
38,2,7,23.0,Clear,48334.0,success,38_set2_rally7_ball23_Clear.mp4,61 frames,
38,2,8,9.0,Clear,49736.0,success,38_set2_rally8_ball9_Clear.mp4,61 frames,
38,2,10,4.0,Clear,51172.0,success,38_set2_rally10_ball4_Clear.mp4,61 frames,
38,2,10,7.0,Clear,51229.0,success,38_set2_rally10_ball7_Clear.mp4,61 frames,
38,2,10,8.0,Smash,51262.0,success,38_set2_rally10_ball8_Smash.mp4,61 frames,
38,2,11,4.0,Clear,52904.0,success,38_set2_rally11_ball4_Clear.mp4,61 frames,
38,2,11,5.0,Smash,52940.0,success,38_set2_rally11_ball5_Smash.mp4,61 frames,
38,2,12,6.0,Smash,53522.0,success,38_set2_rally12_ball6_Smash.mp4,61 frames,
38,2,13,4.0,Clear,54158.0,success,38_set2_rally13_ball4_Clear.mp4,61 frames,
38,2,13,5.0,Smash,54187.0,success,38_set2_rally13_ball5_Smash.mp4,61 frames,
38,2,14,4.0,Clear,55040.0,success,38_set2_rally14_ball4_Clear.mp4,61 frames,
38,2,14,7.0,Smash,55119.0,success,38_set2_rally14_ball7_Smash.mp4,61 frames,
38,2,14,9.0,Smash,55145.0,success,38_set2_rally14_ball9_Smash.mp4,61 frames,
38,2,14,14.0,Clear,55269.0,success,38_set2_rally14_ball14_Clear.mp4,61 frames,
38,2,15,2.0,Smash,55886.0,success,38_set2_rally15_ball2_Smash.mp4,61 frames,
38,2,16,2.0,Clear,56432.0,success,38_set2_rally16_ball2_Clear.mp4,61 frames,
38,2,16,3.0,Clear,56461.0,success,38_set2_rally16_ball3_Clear.mp4,61 frames,
38,2,16,4.0,Clear,56495.0,success,38_set2_rally16_ball4_Clear.mp4,61 frames,
38,2,18,2.0,Smash,58557.0,success,38_set2_rally18_ball2_Smash.mp4,61 frames,
38,2,18,5.0,Clear,58614.0,success,38_set2_rally18_ball5_Clear.mp4,61 frames,
38,2,18,6.0,Smash,58641.0,success,38_set2_rally18_ball6_Smash.mp4,61 frames,
38,2,20,3.0,Clear,61925.0,success,38_set2_rally20_ball3_Clear.mp4,61 frames,
38,2,20,4.0,Smash,61956.0,success,38_set2_rally20_ball4_Smash.mp4,61 frames,
38,2,22,5.0,Smash,62945.0,success,38_set2_rally22_ball5_Smash.mp4,61 frames,
38,2,24,4.0,Clear,64108.0,success,38_set2_rally24_ball4_Clear.mp4,61 frames,
38,2,24,5.0,Clear,64132.0,success,38_set2_rally24_ball5_Clear.mp4,61 frames,
38,2,24,6.0,Clear,64162.0,success,38_set2_rally24_ball6_Clear.mp4,61 frames,
38,2,25,3.0,Clear,64658.0,success,38_set2_rally25_ball3_Clear.mp4,61 frames,
38,2,25,4.0,Clear,64692.0,success,38_set2_rally25_ball4_Clear.mp4,61 frames,
38,2,25,5.0,Smash,64736.0,success,38_set2_rally25_ball5_Smash.mp4,61 frames,
38,2,26,3.0,Clear,65548.0,success,38_set2_rally26_ball3_Clear.mp4,61 frames,
38,2,26,4.0,Clear,65574.0,success,38_set2_rally26_ball4_Clear.mp4,61 frames,
38,2,26,5.0,Clear,65600.0,success,38_set2_rally26_ball5_Clear.mp4,61 frames,
38,2,26,6.0,Clear,65634.0,success,38_set2_rally26_ball6_Clear.mp4,61 frames,
38,2,27,2.0,Smash,66269.0,success,38_set2_rally27_ball2_Smash.mp4,61 frames,
38,2,28,4.0,Clear,66801.0,success,38_set2_rally28_ball4_Clear.mp4,61 frames,
38,2,28,5.0,Smash,66833.0,success,38_set2_rally28_ball5_Smash.mp4,61 frames,
38,2,28,7.0,Clear,66877.0,success,38_set2_rally28_ball7_Clear.mp4,61 frames,
38,2,28,12.0,Clear,67032.0,success,38_set2_rally28_ball12_Clear.mp4,61 frames,
38,2,28,15.0,Clear,67122.0,success,38_set2_rally28_ball15_Clear.mp4,61 frames,
38,2,28,16.0,Clear,67162.0,success,38_set2_rally28_ball16_Clear.mp4,61 frames,
38,2,28,17.0,Smash,67182.0,success,38_set2_rally28_ball17_Smash.mp4,61 frames,
38,2,28,19.0,Smash,67213.0,success,38_set2_rally28_ball19_Smash.mp4,61 frames,
38,2,29,2.0,Smash,67956.0,success,38_set2_rally29_ball2_Smash.mp4,61 frames,
38,2,32,4.0,Clear,70370.0,success,38_set2_rally32_ball4_Clear.mp4,61 frames,
38,2,33,2.0,Smash,70937.0,success,38_set2_rally33_ball2_Smash.mp4,61 frames,
38,2,34,2.0,Clear,71311.0,success,38_set2_rally34_ball2_Clear.mp4,61 frames,
38,2,35,2.0,Smash,71674.0,success,38_set2_rally35_ball2_Smash.mp4,61 frames,
38,3,1,2.0,Smash,75399.0,success,38_set3_rally1_ball2_Smash.mp4,61 frames,
38,3,1,5.0,Smash,75488.0,success,38_set3_rally1_ball5_Smash.mp4,61 frames,
38,3,2,2.0,Smash,75915.0,success,38_set3_rally2_ball2_Smash.mp4,61 frames,
38,3,3,4.0,Clear,76853.0,success,38_set3_rally3_ball4_Clear.mp4,61 frames,
38,3,3,5.0,Smash,76882.0,success,38_set3_rally3_ball5_Smash.mp4,61 frames,
38,3,5,2.0,Clear,78119.0,success,38_set3_rally5_ball2_Clear.mp4,61 frames,
38,3,6,2.0,Smash,78542.0,success,38_set3_rally6_ball2_Smash.mp4,61 frames,
38,3,7,4.0,Clear,79344.0,success,38_set3_rally7_ball4_Clear.mp4,61 frames,
38,3,7,5.0,Smash,79391.0,success,38_set3_rally7_ball5_Smash.mp4,61 frames,
38,3,8,2.0,Smash,79930.0,success,38_set3_rally8_ball2_Smash.mp4,61 frames,
38,3,9,4.0,Clear,81306.0,success,38_set3_rally9_ball4_Clear.mp4,61 frames,
38,3,9,5.0,Smash,81338.0,success,38_set3_rally9_ball5_Smash.mp4,61 frames,
38,3,10,2.0,Smash,82133.0,success,38_set3_rally10_ball2_Smash.mp4,61 frames,
38,3,10,9.0,Clear,82328.0,success,38_set3_rally10_ball9_Clear.mp4,61 frames,
38,3,11,2.0,Smash,82904.0,success,38_set3_rally11_ball2_Smash.mp4,61 frames,
38,3,12,4.0,Clear,83448.0,success,38_set3_rally12_ball4_Clear.mp4,61 frames,
38,3,13,2.0,Smash,83868.0,success,38_set3_rally13_ball2_Smash.mp4,61 frames,
38,3,14,2.0,Smash,84397.0,success,38_set3_rally14_ball2_Smash.mp4,61 frames,
38,3,14,8.0,Smash,84580.0,success,38_set3_rally14_ball8_Smash.mp4,61 frames,
38,3,14,12.0,Clear,84703.0,success,38_set3_rally14_ball12_Clear.mp4,61 frames,
38,3,15,9.0,Clear,85623.0,success,38_set3_rally15_ball9_Clear.mp4,61 frames,
38,3,15,10.0,Smash,85658.0,success,38_set3_rally15_ball10_Smash.mp4,61 frames,
38,3,17,4.0,Smash,87560.0,success,38_set3_rally17_ball4_Smash.mp4,61 frames,
38,3,18,7.0,Smash,88225.0,success,38_set3_rally18_ball7_Smash.mp4,61 frames,
38,3,19,2.0,Clear,88754.0,success,38_set3_rally19_ball2_Clear.mp4,61 frames,
38,3,19,3.0,Clear,88782.0,success,38_set3_rally19_ball3_Clear.mp4,61 frames,
38,3,19,4.0,Smash,88819.0,success,38_set3_rally19_ball4_Smash.mp4,61 frames,
38,3,19,7.0,Clear,88887.0,success,38_set3_rally19_ball7_Clear.mp4,61 frames,
38,3,19,10.0,Clear,88979.0,success,38_set3_rally19_ball10_Clear.mp4,61 frames,
38,3,19,11.0,Clear,89013.0,success,38_set3_rally19_ball11_Clear.mp4,61 frames,
38,3,20,7.0,Smash,90069.0,success,38_set3_rally20_ball7_Smash.mp4,61 frames,
38,3,20,9.0,Clear,90119.0,success,38_set3_rally20_ball9_Clear.mp4,61 frames,
38,3,20,10.0,Smash,90147.0,success,38_set3_rally20_ball10_Smash.mp4,61 frames,
38,3,20,14.0,Smash,90278.0,success,38_set3_rally20_ball14_Smash.mp4,61 frames,
38,3,20,16.0,Clear,90324.0,success,38_set3_rally20_ball16_Clear.mp4,61 frames,
38,3,20,17.0,Smash,90357.0,success,38_set3_rally20_ball17_Smash.mp4,61 frames,
38,3,22,2.0,Smash,93662.0,success,38_set3_rally22_ball2_Smash.mp4,61 frames,
38,3,23,2.0,Smash,94300.0,success,38_set3_rally23_ball2_Smash.mp4,61 frames,
38,3,23,9.0,Clear,94496.0,success,38_set3_rally23_ball9_Clear.mp4,61 frames,
38,3,23,10.0,Clear,94523.0,success,38_set3_rally23_ball10_Clear.mp4,61 frames,
38,3,23,11.0,Clear,94553.0,success,38_set3_rally23_ball11_Clear.mp4,61 frames,
38,3,23,12.0,Smash,94581.0,success,38_set3_rally23_ball12_Smash.mp4,61 frames,
38,3,24,2.0,Smash,95418.0,success,38_set3_rally24_ball2_Smash.mp4,61 frames,
38,3,24,6.0,Clear,95539.0,success,38_set3_rally24_ball6_Clear.mp4,61 frames,
38,3,24,7.0,Clear,95565.0,success,38_set3_rally24_ball7_Clear.mp4,61 frames,
38,3,25,2.0,Smash,96591.0,success,38_set3_rally25_ball2_Smash.mp4,61 frames,
38,3,27,2.0,Clear,98496.0,success,38_set3_rally27_ball2_Clear.mp4,61 frames,
38,3,27,3.0,Smash,98518.0,success,38_set3_rally27_ball3_Smash.mp4,61 frames,
38,3,29,2.0,Smash,99458.0,success,38_set3_rally29_ball2_Smash.mp4,61 frames,
38,3,29,4.0,Clear,99509.0,success,38_set3_rally29_ball4_Clear.mp4,61 frames,
38,3,29,5.0,Clear,99540.0,success,38_set3_rally29_ball5_Clear.mp4,61 frames,
38,3,31,2.0,Smash,100524.0,success,38_set3_rally31_ball2_Smash.mp4,61 frames,
38,3,31,4.0,Smash,100561.0,success,38_set3_rally31_ball4_Smash.mp4,61 frames,
38,3,33,4.0,Clear,102773.0,success,38_set3_rally33_ball4_Clear.mp4,61 frames,
38,3,33,5.0,Clear,102806.0,success,38_set3_rally33_ball5_Clear.mp4,61 frames,
38,3,33,9.0,Clear,102951.0,success,38_set3_rally33_ball9_Clear.mp4,61 frames,
38,3,33,10.0,Smash,102980.0,success,38_set3_rally33_ball10_Smash.mp4,61 frames,
38,3,33,16.0,Clear,103141.0,success,38_set3_rally33_ball16_Clear.mp4,61 frames,
38,3,33,17.0,Clear,103184.0,success,38_set3_rally33_ball17_Clear.mp4,61 frames,
38,3,33,18.0,Clear,103214.0,success,38_set3_rally33_ball18_Clear.mp4,61 frames,
38,3,34,5.0,Smash,104753.0,success,38_set3_rally34_ball5_Smash.mp4,61 frames,
38,3,35,2.0,Clear,105313.0,success,38_set3_rally35_ball2_Clear.mp4,61 frames,
38,3,35,3.0,Smash,105336.0,success,38_set3_rally35_ball3_Smash.mp4,61 frames,
38,3,35,7.0,Clear,105447.0,success,38_set3_rally35_ball7_Clear.mp4,61 frames,
38,3,35,8.0,Smash,105484.0,success,38_set3_rally35_ball8_Smash.mp4,61 frames,
38,3,37,3.0,Clear,106515.0,success,38_set3_rally37_ball3_Clear.mp4,61 frames,
38,3,38,4.0,Clear,107424.0,success,38_set3_rally38_ball4_Clear.mp4,61 frames,
38,3,38,5.0,Smash,107447.0,success,38_set3_rally38_ball5_Smash.mp4,61 frames,
38,3,38,7.0,Smash,107514.0,success,38_set3_rally38_ball7_Smash.mp4,61 frames,
38,3,38,14.0,Smash,107695.0,success,38_set3_rally38_ball14_Smash.mp4,61 frames,
38,3,38,18.0,Clear,107771.0,success,38_set3_rally38_ball18_Clear.mp4,61 frames,
38,3,38,19.0,Clear,107806.0,success,38_set3_rally38_ball19_Clear.mp4,61 frames,
38,3,38,20.0,Smash,107845.0,success,38_set3_rally38_ball20_Smash.mp4,61 frames,
38,3,39,2.0,Smash,109023.0,success,38_set3_rally39_ball2_Smash.mp4,61 frames,
38,3,39,4.0,Clear,109070.0,success,38_set3_rally39_ball4_Clear.mp4,61 frames,
38,3,39,7.0,Clear,109155.0,success,38_set3_rally39_ball7_Clear.mp4,61 frames,
38,3,39,8.0,Clear,109187.0,success,38_set3_rally39_ball8_Clear.mp4,61 frames,
38,3,39,9.0,Clear,109232.0,success,38_set3_rally39_ball9_Clear.mp4,61 frames,
38,3,39,10.0,Clear,109270.0,success,38_set3_rally39_ball10_Clear.mp4,61 frames,
38,3,39,11.0,Clear,109294.0,success,38_set3_rally39_ball11_Clear.mp4,61 frames,
38,3,40,15.0,Smash,110574.0,success,38_set3_rally40_ball15_Smash.mp4,61 frames,
38,3,40,19.0,Clear,110675.0,success,38_set3_rally40_ball19_Clear.mp4,61 frames,
38,3,40,22.0,Clear,110766.0,success,38_set3_rally40_ball22_Clear.mp4,61 frames,
38,3,40,23.0,Clear,110798.0,success,38_set3_rally40_ball23_Clear.mp4,61 frames,
38,3,40,26.0,Clear,110886.0,success,38_set3_rally40_ball26_Clear.mp4,61 frames,
38,3,40,27.0,Clear,110920.0,success,38_set3_rally40_ball27_Clear.mp4,61 frames,
38,3,40,28.0,Clear,110948.0,success,38_set3_rally40_ball28_Clear.mp4,61 frames,
38,3,40,29.0,Clear,110989.0,success,38_set3_rally40_ball29_Clear.mp4,61 frames,
38,3,40,30.0,Clear,111009.0,success,38_set3_rally40_ball30_Clear.mp4,61 frames,
39,1,2,6.0,Smash,12482.0,success,39_set1_rally2_ball6_Smash.mp4,61 frames,
39,1,2,10.0,Smash,12578.0,success,39_set1_rally2_ball10_Smash.mp4,61 frames,
39,1,7,18.0,Clear,16288.0,success,39_set1_rally7_ball18_Clear.mp4,61 frames,
39,1,8,4.0,Smash,16953.0,success,39_set1_rally8_ball4_Smash.mp4,61 frames,
39,1,9,5.0,Smash,17542.0,success,39_set1_rally9_ball5_Smash.mp4,61 frames,
39,1,11,3.0,Smash,18766.0,success,39_set1_rally11_ball3_Smash.mp4,61 frames,
39,1,12,3.0,Clear,19520.0,success,39_set1_rally12_ball3_Clear.mp4,61 frames,
39,1,12,4.0,Smash,19566.0,success,39_set1_rally12_ball4_Smash.mp4,61 frames,
39,1,12,6.0,Smash,19606.0,success,39_set1_rally12_ball6_Smash.mp4,61 frames,
39,1,13,6.0,Smash,20332.0,success,39_set1_rally13_ball6_Smash.mp4,61 frames,
39,1,19,2.0,Smash,26423.0,success,39_set1_rally19_ball2_Smash.mp4,61 frames,
39,1,21,7.0,Smash,27491.0,success,39_set1_rally21_ball7_Smash.mp4,61 frames,
39,1,22,3.0,Smash,28197.0,success,39_set1_rally22_ball3_Smash.mp4,61 frames,
39,1,23,4.0,Smash,28820.0,success,39_set1_rally23_ball4_Smash.mp4,61 frames,
39,1,23,7.0,Clear,28902.0,success,39_set1_rally23_ball7_Clear.mp4,61 frames,
39,1,23,8.0,Clear,28932.0,success,39_set1_rally23_ball8_Clear.mp4,61 frames,
39,1,24,8.0,Smash,29614.0,success,39_set1_rally24_ball8_Smash.mp4,61 frames,
39,1,25,3.0,Clear,30164.0,success,39_set1_rally25_ball3_Clear.mp4,61 frames,
39,1,25,4.0,Smash,30201.0,success,39_set1_rally25_ball4_Smash.mp4,61 frames,
39,1,26,6.0,Smash,30771.0,success,39_set1_rally26_ball6_Smash.mp4,61 frames,
39,1,29,4.0,Smash,32339.0,success,39_set1_rally29_ball4_Smash.mp4,61 frames,
39,1,30,3.0,Clear,32740.0,success,39_set1_rally30_ball3_Clear.mp4,61 frames,
39,1,30,4.0,Smash,32776.0,success,39_set1_rally30_ball4_Smash.mp4,61 frames,
39,1,31,5.0,Smash,34149.0,success,39_set1_rally31_ball5_Smash.mp4,61 frames,
39,1,31,13.0,Clear,34385.0,success,39_set1_rally31_ball13_Clear.mp4,61 frames,
39,1,31,14.0,Clear,34419.0,success,39_set1_rally31_ball14_Clear.mp4,61 frames,
39,1,31,15.0,Clear,34457.0,success,39_set1_rally31_ball15_Clear.mp4,61 frames,
39,1,31,16.0,Smash,34489.0,success,39_set1_rally31_ball16_Smash.mp4,61 frames,
39,1,32,3.0,Clear,35403.0,success,39_set1_rally32_ball3_Clear.mp4,61 frames,
39,1,32,4.0,Clear,35435.0,success,39_set1_rally32_ball4_Clear.mp4,61 frames,
39,1,32,5.0,Smash,35476.0,success,39_set1_rally32_ball5_Smash.mp4,61 frames,
39,2,2,3.0,Smash,40336.0,success,39_set2_rally2_ball3_Smash.mp4,61 frames,
39,2,2,6.0,Smash,40423.0,success,39_set2_rally2_ball6_Smash.mp4,61 frames,
39,2,3,3.0,Smash,41101.0,success,39_set2_rally3_ball3_Smash.mp4,61 frames,
39,2,4,13.0,Clear,41990.0,success,39_set2_rally4_ball13_Clear.mp4,61 frames,
39,2,4,14.0,Smash,42020.0,success,39_set2_rally4_ball14_Smash.mp4,61 frames,
39,2,5,3.0,Smash,42596.0,success,39_set2_rally5_ball3_Smash.mp4,61 frames,
39,2,6,8.0,Clear,43340.0,success,39_set2_rally6_ball8_Clear.mp4,61 frames,
39,2,6,9.0,Clear,43376.0,success,39_set2_rally6_ball9_Clear.mp4,61 frames,
39,2,6,10.0,Clear,43418.0,success,39_set2_rally6_ball10_Clear.mp4,61 frames,
39,2,9,12.0,Smash,45163.0,success,39_set2_rally9_ball12_Smash.mp4,61 frames,
39,2,10,6.0,Clear,45953.0,success,39_set2_rally10_ball6_Clear.mp4,61 frames,
39,2,11,6.0,Smash,46644.0,success,39_set2_rally11_ball6_Smash.mp4,61 frames,
39,2,11,10.0,Smash,46767.0,success,39_set2_rally11_ball10_Smash.mp4,61 frames,
39,2,12,3.0,Smash,47383.0,success,39_set2_rally12_ball3_Smash.mp4,61 frames,
39,2,14,6.0,Clear,49270.0,success,39_set2_rally14_ball6_Clear.mp4,61 frames,
39,2,14,11.0,Clear,49430.0,success,39_set2_rally14_ball11_Clear.mp4,61 frames,
39,2,14,12.0,Clear,49473.0,success,39_set2_rally14_ball12_Clear.mp4,61 frames,
39,2,14,13.0,Clear,49509.0,success,39_set2_rally14_ball13_Clear.mp4,61 frames,
39,2,15,3.0,Clear,50829.0,success,39_set2_rally15_ball3_Clear.mp4,61 frames,
39,2,18,5.0,Smash,52435.0,success,39_set2_rally18_ball5_Smash.mp4,61 frames,
39,2,18,9.0,Clear,52557.0,success,39_set2_rally18_ball9_Clear.mp4,61 frames,
39,2,18,10.0,Smash,52591.0,success,39_set2_rally18_ball10_Smash.mp4,61 frames,
39,2,19,3.0,Clear,53376.0,success,39_set2_rally19_ball3_Clear.mp4,61 frames,
39,2,19,4.0,Smash,53419.0,success,39_set2_rally19_ball4_Smash.mp4,61 frames,
39,2,20,3.0,Clear,55686.0,success,39_set2_rally20_ball3_Clear.mp4,61 frames,
39,2,20,4.0,Clear,55719.0,success,39_set2_rally20_ball4_Clear.mp4,61 frames,
39,2,20,5.0,Smash,55745.0,success,39_set2_rally20_ball5_Smash.mp4,61 frames,
39,2,21,15.0,Smash,56541.0,success,39_set2_rally21_ball15_Smash.mp4,61 frames,
39,2,21,19.0,Smash,56606.0,success,39_set2_rally21_ball19_Smash.mp4,61 frames,
39,2,21,25.0,Clear,56763.0,success,39_set2_rally21_ball25_Clear.mp4,61 frames,
39,2,21,36.0,Clear,57105.0,success,39_set2_rally21_ball36_Clear.mp4,61 frames,
39,2,21,37.0,Clear,57138.0,success,39_set2_rally21_ball37_Clear.mp4,61 frames,
39,2,21,38.0,Clear,57169.0,success,39_set2_rally21_ball38_Clear.mp4,61 frames,
39,2,21,39.0,Clear,57208.0,success,39_set2_rally21_ball39_Clear.mp4,61 frames,
39,2,23,4.0,Clear,58784.0,success,39_set2_rally23_ball4_Clear.mp4,61 frames,
39,2,23,5.0,Clear,58826.0,success,39_set2_rally23_ball5_Clear.mp4,61 frames,
39,2,23,10.0,Smash,58998.0,success,39_set2_rally23_ball10_Smash.mp4,61 frames,
39,2,23,16.0,Clear,59148.0,success,39_set2_rally23_ball16_Clear.mp4,61 frames,
39,2,23,18.0,Clear,59213.0,success,39_set2_rally23_ball18_Clear.mp4,61 frames,
39,2,23,19.0,Clear,59277.0,success,39_set2_rally23_ball19_Clear.mp4,61 frames,
39,2,23,22.0,Clear,59335.0,success,39_set2_rally23_ball22_Clear.mp4,61 frames,
39,2,24,3.0,Clear,59992.0,success,39_set2_rally24_ball3_Clear.mp4,61 frames,
39,2,25,3.0,Clear,60674.0,success,39_set2_rally25_ball3_Clear.mp4,61 frames,
39,2,25,22.0,Clear,61231.0,success,39_set2_rally25_ball22_Clear.mp4,61 frames,
39,2,25,23.0,Clear,61264.0,success,39_set2_rally25_ball23_Clear.mp4,61 frames,
39,2,25,24.0,Clear,61310.0,success,39_set2_rally25_ball24_Clear.mp4,61 frames,
39,2,25,25.0,Clear,61347.0,success,39_set2_rally25_ball25_Clear.mp4,61 frames,
39,2,32,7.0,Smash,66872.0,success,39_set2_rally32_ball7_Smash.mp4,61 frames,
39,2,33,4.0,Clear,67502.0,success,39_set2_rally33_ball4_Clear.mp4,61 frames,
39,2,33,5.0,Smash,67533.0,success,39_set2_rally33_ball5_Smash.mp4,61 frames,
39,2,33,8.0,Clear,67618.0,success,39_set2_rally33_ball8_Clear.mp4,61 frames,
39,2,33,9.0,Clear,67662.0,success,39_set2_rally33_ball9_Clear.mp4,61 frames,
39,2,33,13.0,Clear,67751.0,success,39_set2_rally33_ball13_Clear.mp4,61 frames,
39,2,33,14.0,Clear,67780.0,success,39_set2_rally33_ball14_Clear.mp4,61 frames,
39,2,33,15.0,Clear,67830.0,success,39_set2_rally33_ball15_Clear.mp4,61 frames,
39,2,34,5.0,Clear,68936.0,success,39_set2_rally34_ball5_Clear.mp4,61 frames,
39,2,34,6.0,Smash,68978.0,success,39_set2_rally34_ball6_Smash.mp4,61 frames,
39,2,34,9.0,Smash,69053.0,success,39_set2_rally34_ball9_Smash.mp4,61 frames,
39,3,1,3.0,Clear,74125.0,success,39_set3_rally1_ball3_Clear.mp4,61 frames,
39,3,1,4.0,Smash,74157.0,success,39_set3_rally1_ball4_Smash.mp4,61 frames,
39,3,2,3.0,Clear,74586.0,success,39_set3_rally2_ball3_Clear.mp4,61 frames,
39,3,2,8.0,Clear,74746.0,success,39_set3_rally2_ball8_Clear.mp4,61 frames,
39,3,3,3.0,Clear,75174.0,success,39_set3_rally3_ball3_Clear.mp4,61 frames,
39,3,3,8.0,Smash,75338.0,success,39_set3_rally3_ball8_Smash.mp4,61 frames,
39,3,3,11.0,Clear,75417.0,success,39_set3_rally3_ball11_Clear.mp4,61 frames,
39,3,4,3.0,Clear,76177.0,success,39_set3_rally4_ball3_Clear.mp4,61 frames,
39,3,4,7.0,Clear,76288.0,success,39_set3_rally4_ball7_Clear.mp4,61 frames,
39,3,4,8.0,Smash,76322.0,success,39_set3_rally4_ball8_Smash.mp4,61 frames,
39,3,5,4.0,Clear,76932.0,success,39_set3_rally5_ball4_Clear.mp4,61 frames,
39,3,6,6.0,Clear,77587.0,success,39_set3_rally6_ball6_Clear.mp4,61 frames,
39,3,6,7.0,Smash,77624.0,success,39_set3_rally6_ball7_Smash.mp4,61 frames,
39,3,8,4.0,Smash,79051.0,success,39_set3_rally8_ball4_Smash.mp4,61 frames,
39,3,8,8.0,Smash,79113.0,success,39_set3_rally8_ball8_Smash.mp4,61 frames,
39,3,10,3.0,Clear,80534.0,success,39_set3_rally10_ball3_Clear.mp4,61 frames,
39,3,12,3.0,Clear,82185.0,success,39_set3_rally12_ball3_Clear.mp4,61 frames,
39,3,12,4.0,Clear,82221.0,success,39_set3_rally12_ball4_Clear.mp4,61 frames,
39,3,12,8.0,Clear,82342.0,success,39_set3_rally12_ball8_Clear.mp4,61 frames,
39,3,12,9.0,Smash,82370.0,success,39_set3_rally12_ball9_Smash.mp4,61 frames,
39,3,14,23.0,Clear,84008.0,success,39_set3_rally14_ball23_Clear.mp4,61 frames,
39,3,14,24.0,Smash,84049.0,success,39_set3_rally14_ball24_Smash.mp4,61 frames,
39,3,14,27.0,Clear,84137.0,success,39_set3_rally14_ball27_Clear.mp4,61 frames,
39,3,14,28.0,Smash,84181.0,success,39_set3_rally14_ball28_Smash.mp4,61 frames,
39,3,15,3.0,Smash,85948.0,success,39_set3_rally15_ball3_Smash.mp4,61 frames,
39,3,18,3.0,Clear,88151.0,success,39_set3_rally18_ball3_Clear.mp4,61 frames,
39,3,18,4.0,Smash,88182.0,success,39_set3_rally18_ball4_Smash.mp4,61 frames,
39,3,19,6.0,Smash,89179.0,success,39_set3_rally19_ball6_Smash.mp4,61 frames,
39,3,20,4.0,Smash,91331.0,success,39_set3_rally20_ball4_Smash.mp4,61 frames,
39,3,20,6.0,Smash,91362.0,success,39_set3_rally20_ball6_Smash.mp4,61 frames,
39,3,21,5.0,Smash,92309.0,success,39_set3_rally21_ball5_Smash.mp4,61 frames,
39,3,22,3.0,Smash,92757.0,success,39_set3_rally22_ball3_Smash.mp4,61 frames,
39,3,24,13.0,Smash,94341.0,success,39_set3_rally24_ball13_Smash.mp4,61 frames,
39,3,25,3.0,Clear,95147.0,success,39_set3_rally25_ball3_Clear.mp4,61 frames,
39,3,26,4.0,Smash,95769.0,success,39_set3_rally26_ball4_Smash.mp4,61 frames,
39,3,28,7.0,Smash,97877.0,success,39_set3_rally28_ball7_Smash.mp4,61 frames,
39,3,32,4.0,Smash,100191.0,success,39_set3_rally32_ball4_Smash.mp4,61 frames,
40,1,4,4.0,Clear,14212.0,success,40_set1_rally4_ball4_Clear.mp4,61 frames,
40,1,5,4.0,Smash,14671.0,success,40_set1_rally5_ball4_Smash.mp4,61 frames,
40,1,7,9.0,Clear,15874.0,success,40_set1_rally7_ball9_Clear.mp4,61 frames,
40,1,7,10.0,Smash,15904.0,success,40_set1_rally7_ball10_Smash.mp4,61 frames,
40,1,9,2.0,Clear,16906.0,success,40_set1_rally9_ball2_Clear.mp4,61 frames,
40,1,10,2.0,Clear,18281.0,success,40_set1_rally10_ball2_Clear.mp4,61 frames,
40,1,10,6.0,Clear,18400.0,success,40_set1_rally10_ball6_Clear.mp4,61 frames,
40,1,10,7.0,Clear,18440.0,success,40_set1_rally10_ball7_Clear.mp4,61 frames,
40,1,10,8.0,Clear,18472.0,success,40_set1_rally10_ball8_Clear.mp4,61 frames,
40,1,11,5.0,Smash,19150.0,success,40_set1_rally11_ball5_Smash.mp4,61 frames,
40,1,11,12.0,Clear,19316.0,success,40_set1_rally11_ball12_Clear.mp4,61 frames,
40,1,11,15.0,Smash,19414.0,success,40_set1_rally11_ball15_Smash.mp4,61 frames,
40,1,12,5.0,Clear,20076.0,success,40_set1_rally12_ball5_Clear.mp4,61 frames,
40,1,12,10.0,Clear,20221.0,success,40_set1_rally12_ball10_Clear.mp4,61 frames,
40,1,12,11.0,Clear,20259.0,success,40_set1_rally12_ball11_Clear.mp4,61 frames,
40,1,12,12.0,Clear,20304.0,success,40_set1_rally12_ball12_Clear.mp4,61 frames,
40,1,13,3.0,Clear,20943.0,success,40_set1_rally13_ball3_Clear.mp4,61 frames,
40,1,13,4.0,Smash,20971.0,success,40_set1_rally13_ball4_Smash.mp4,61 frames,
40,1,15,4.0,Clear,22497.0,success,40_set1_rally15_ball4_Clear.mp4,61 frames,
40,1,15,5.0,Clear,22532.0,success,40_set1_rally15_ball5_Clear.mp4,61 frames,
40,1,15,6.0,Clear,22568.0,success,40_set1_rally15_ball6_Clear.mp4,61 frames,
40,1,17,7.0,Clear,23663.0,success,40_set1_rally17_ball7_Clear.mp4,61 frames,
40,1,19,2.0,Clear,24712.0,success,40_set1_rally19_ball2_Clear.mp4,61 frames,
40,1,19,3.0,Clear,24738.0,success,40_set1_rally19_ball3_Clear.mp4,61 frames,
40,1,21,2.0,Clear,25799.0,success,40_set1_rally21_ball2_Clear.mp4,61 frames,
40,1,22,4.0,Smash,27884.0,success,40_set1_rally22_ball4_Smash.mp4,61 frames,
40,1,23,4.0,Clear,28756.0,success,40_set1_rally23_ball4_Clear.mp4,61 frames,
40,1,26,2.0,Clear,30466.0,success,40_set1_rally26_ball2_Clear.mp4,61 frames,
40,1,27,5.0,Clear,31315.0,success,40_set1_rally27_ball5_Clear.mp4,61 frames,
40,1,27,6.0,Clear,31347.0,success,40_set1_rally27_ball6_Clear.mp4,61 frames,
40,1,30,7.0,Clear,33177.0,success,40_set1_rally30_ball7_Clear.mp4,61 frames,
40,1,31,2.0,Clear,33773.0,success,40_set1_rally31_ball2_Clear.mp4,61 frames,
40,1,32,2.0,Clear,34561.0,success,40_set1_rally32_ball2_Clear.mp4,61 frames,
40,1,32,5.0,Clear,34645.0,success,40_set1_rally32_ball5_Clear.mp4,61 frames,
40,1,32,6.0,Clear,34681.0,success,40_set1_rally32_ball6_Clear.mp4,61 frames,
40,1,32,7.0,Clear,34717.0,success,40_set1_rally32_ball7_Clear.mp4,61 frames,
40,1,32,15.0,Clear,35003.0,success,40_set1_rally32_ball15_Clear.mp4,61 frames,
40,1,32,16.0,Clear,35036.0,success,40_set1_rally32_ball16_Clear.mp4,61 frames,
40,1,32,17.0,Clear,35068.0,success,40_set1_rally32_ball17_Clear.mp4,61 frames,
40,1,32,20.0,Clear,35180.0,success,40_set1_rally32_ball20_Clear.mp4,61 frames,
40,1,32,21.0,Clear,35210.0,success,40_set1_rally32_ball21_Clear.mp4,61 frames,
40,1,34,2.0,Clear,36248.0,success,40_set1_rally34_ball2_Clear.mp4,61 frames,
40,1,35,2.0,Clear,36740.0,success,40_set1_rally35_ball2_Clear.mp4,61 frames,
40,1,35,5.0,Clear,36825.0,success,40_set1_rally35_ball5_Clear.mp4,61 frames,
40,1,35,8.0,Clear,36922.0,success,40_set1_rally35_ball8_Clear.mp4,61 frames,
40,1,35,9.0,Clear,36967.0,success,40_set1_rally35_ball9_Clear.mp4,61 frames,
40,1,35,10.0,Clear,37000.0,success,40_set1_rally35_ball10_Clear.mp4,61 frames,
40,1,35,13.0,Clear,37099.0,success,40_set1_rally35_ball13_Clear.mp4,61 frames,
40,1,36,6.0,Clear,38320.0,success,40_set1_rally36_ball6_Clear.mp4,61 frames,
40,1,36,7.0,Clear,38348.0,success,40_set1_rally36_ball7_Clear.mp4,61 frames,
40,1,36,8.0,Clear,38382.0,success,40_set1_rally36_ball8_Clear.mp4,61 frames,
40,1,36,9.0,Clear,38414.0,success,40_set1_rally36_ball9_Clear.mp4,61 frames,
40,1,37,2.0,Clear,39069.0,success,40_set1_rally37_ball2_Clear.mp4,61 frames,
40,1,37,15.0,Clear,39396.0,success,40_set1_rally37_ball15_Clear.mp4,61 frames,
40,1,37,16.0,Clear,39434.0,success,40_set1_rally37_ball16_Clear.mp4,61 frames,
40,1,37,20.0,Clear,39557.0,success,40_set1_rally37_ball20_Clear.mp4,61 frames,
40,1,37,21.0,Clear,39584.0,success,40_set1_rally37_ball21_Clear.mp4,61 frames,
40,1,39,2.0,Clear,40997.0,success,40_set1_rally39_ball2_Clear.mp4,61 frames,
40,1,39,7.0,Smash,41161.0,success,40_set1_rally39_ball7_Smash.mp4,61 frames,
40,1,39,10.0,Smash,41234.0,success,40_set1_rally39_ball10_Smash.mp4,61 frames,
40,1,39,14.0,Smash,41346.0,success,40_set1_rally39_ball14_Smash.mp4,61 frames,
40,1,39,17.0,Clear,41404.0,success,40_set1_rally39_ball17_Clear.mp4,61 frames,
40,1,39,18.0,Clear,41440.0,success,40_set1_rally39_ball18_Clear.mp4,61 frames,
40,1,39,19.0,Clear,41489.0,success,40_set1_rally39_ball19_Clear.mp4,61 frames,
40,1,41,7.0,Clear,43281.0,success,40_set1_rally41_ball7_Clear.mp4,61 frames,
40,1,41,8.0,Smash,43319.0,success,40_set1_rally41_ball8_Smash.mp4,61 frames,
40,1,42,2.0,Clear,44266.0,success,40_set1_rally42_ball2_Clear.mp4,61 frames,
40,1,43,5.0,Clear,44913.0,success,40_set1_rally43_ball5_Clear.mp4,61 frames,
40,1,43,8.0,Smash,44991.0,success,40_set1_rally43_ball8_Smash.mp4,61 frames,
40,1,45,5.0,Smash,46517.0,success,40_set1_rally45_ball5_Smash.mp4,61 frames,
40,1,46,5.0,Clear,47075.0,success,40_set1_rally46_ball5_Clear.mp4,61 frames,
40,1,46,6.0,Smash,47103.0,success,40_set1_rally46_ball6_Smash.mp4,61 frames,
40,1,47,5.0,Smash,47831.0,success,40_set1_rally47_ball5_Smash.mp4,61 frames,
40,1,47,8.0,Clear,47919.0,success,40_set1_rally47_ball8_Clear.mp4,61 frames,
40,1,47,14.0,Clear,48130.0,success,40_set1_rally47_ball14_Clear.mp4,61 frames,
40,1,47,18.0,Clear,48266.0,success,40_set1_rally47_ball18_Clear.mp4,61 frames,
40,1,48,4.0,Clear,49254.0,success,40_set1_rally48_ball4_Clear.mp4,61 frames,
40,1,48,5.0,Smash,49287.0,success,40_set1_rally48_ball5_Smash.mp4,61 frames,
40,2,1,2.0,Clear,53522.0,success,40_set2_rally1_ball2_Clear.mp4,61 frames,
40,2,1,7.0,Clear,53674.0,success,40_set2_rally1_ball7_Clear.mp4,61 frames,
40,2,1,8.0,Smash,53709.0,success,40_set2_rally1_ball8_Smash.mp4,61 frames,
40,2,2,5.0,Smash,54355.0,success,40_set2_rally2_ball5_Smash.mp4,61 frames,
40,2,4,3.0,Smash,55165.0,success,40_set2_rally4_ball3_Smash.mp4,61 frames,
40,2,5,4.0,Clear,55605.0,success,40_set2_rally5_ball4_Clear.mp4,61 frames,
40,2,5,5.0,Clear,55645.0,success,40_set2_rally5_ball5_Clear.mp4,61 frames,
40,2,5,6.0,Clear,55672.0,success,40_set2_rally5_ball6_Clear.mp4,61 frames,
40,2,5,7.0,Smash,55726.0,success,40_set2_rally5_ball7_Smash.mp4,61 frames,
40,2,6,2.0,Clear,56194.0,success,40_set2_rally6_ball2_Clear.mp4,61 frames,
40,2,7,4.0,Clear,56876.0,success,40_set2_rally7_ball4_Clear.mp4,61 frames,
40,2,7,5.0,Clear,56904.0,success,40_set2_rally7_ball5_Clear.mp4,61 frames,
40,2,7,8.0,Clear,56986.0,success,40_set2_rally7_ball8_Clear.mp4,61 frames,
40,2,7,9.0,Clear,57016.0,success,40_set2_rally7_ball9_Clear.mp4,61 frames,
40,2,10,3.0,Clear,58234.0,success,40_set2_rally10_ball3_Clear.mp4,61 frames,
40,2,10,4.0,Clear,58264.0,success,40_set2_rally10_ball4_Clear.mp4,61 frames,
40,2,10,5.0,Clear,58297.0,success,40_set2_rally10_ball5_Clear.mp4,61 frames,
40,2,10,6.0,Clear,58330.0,success,40_set2_rally10_ball6_Clear.mp4,61 frames,
40,2,11,5.0,Clear,58892.0,success,40_set2_rally11_ball5_Clear.mp4,61 frames,
40,2,11,6.0,Clear,58924.0,success,40_set2_rally11_ball6_Clear.mp4,61 frames,
40,2,11,13.0,Clear,59140.0,success,40_set2_rally11_ball13_Clear.mp4,61 frames,
40,2,13,2.0,Clear,60492.0,success,40_set2_rally13_ball2_Clear.mp4,61 frames,
40,2,13,5.0,Smash,60586.0,success,40_set2_rally13_ball5_Smash.mp4,61 frames,
40,2,13,8.0,Clear,60668.0,success,40_set2_rally13_ball8_Clear.mp4,61 frames,
40,2,16,2.0,Clear,63891.0,success,40_set2_rally16_ball2_Clear.mp4,61 frames,
40,2,16,3.0,Clear,63917.0,success,40_set2_rally16_ball3_Clear.mp4,61 frames,
40,2,16,4.0,Clear,63955.0,success,40_set2_rally16_ball4_Clear.mp4,61 frames,
40,2,18,4.0,Clear,65283.0,success,40_set2_rally18_ball4_Clear.mp4,61 frames,
40,2,18,5.0,Clear,65312.0,success,40_set2_rally18_ball5_Clear.mp4,61 frames,
40,2,18,9.0,Clear,65464.0,success,40_set2_rally18_ball9_Clear.mp4,61 frames,
40,2,19,3.0,Clear,65922.0,success,40_set2_rally19_ball3_Clear.mp4,61 frames,
40,2,19,7.0,Clear,66067.0,success,40_set2_rally19_ball7_Clear.mp4,61 frames,
40,2,21,5.0,Clear,67120.0,success,40_set2_rally21_ball5_Clear.mp4,61 frames,
40,2,24,2.0,Clear,68800.0,success,40_set2_rally24_ball2_Clear.mp4,61 frames,
40,2,24,3.0,Clear,68830.0,success,40_set2_rally24_ball3_Clear.mp4,61 frames,
40,2,25,2.0,Clear,69278.0,success,40_set2_rally25_ball2_Clear.mp4,61 frames,
40,2,25,3.0,Clear,69313.0,success,40_set2_rally25_ball3_Clear.mp4,61 frames,
40,2,26,3.0,Clear,70001.0,success,40_set2_rally26_ball3_Clear.mp4,61 frames,
40,2,26,4.0,Smash,70028.0,success,40_set2_rally26_ball4_Smash.mp4,61 frames,
40,2,28,2.0,Smash,70818.0,success,40_set2_rally28_ball2_Smash.mp4,61 frames,
40,2,28,6.0,Clear,70917.0,success,40_set2_rally28_ball6_Clear.mp4,61 frames,
40,2,28,7.0,Clear,70953.0,success,40_set2_rally28_ball7_Clear.mp4,61 frames,
40,2,28,8.0,Clear,70978.0,success,40_set2_rally28_ball8_Clear.mp4,61 frames,
40,2,29,2.0,Clear,71480.0,success,40_set2_rally29_ball2_Clear.mp4,61 frames,
40,2,29,3.0,Clear,71509.0,success,40_set2_rally29_ball3_Clear.mp4,61 frames,
40,2,31,2.0,Smash,72334.0,success,40_set2_rally31_ball2_Smash.mp4,61 frames,
41,1,1,3.0,Clear,9787.0,success,41_set1_rally1_ball3_Clear.mp4,61 frames,
41,1,1,11.0,Clear,10048.0,success,41_set1_rally1_ball11_Clear.mp4,61 frames,
41,1,2,3.0,Clear,10608.0,success,41_set1_rally2_ball3_Clear.mp4,61 frames,
41,1,2,4.0,Clear,10648.0,success,41_set1_rally2_ball4_Clear.mp4,61 frames,
41,1,2,5.0,Clear,10681.0,success,41_set1_rally2_ball5_Clear.mp4,61 frames,
41,1,5,8.0,Smash,11940.0,success,41_set1_rally5_ball8_Smash.mp4,61 frames,
41,1,6,3.0,Clear,12770.0,success,41_set1_rally6_ball3_Clear.mp4,61 frames,
41,1,7,10.0,Clear,13669.0,success,41_set1_rally7_ball10_Clear.mp4,61 frames,
41,1,7,11.0,Clear,13703.0,success,41_set1_rally7_ball11_Clear.mp4,61 frames,
41,1,7,12.0,Smash,13735.0,success,41_set1_rally7_ball12_Smash.mp4,61 frames,
41,1,7,18.0,Smash,13839.0,success,41_set1_rally7_ball18_Smash.mp4,61 frames,
41,1,8,15.0,Clear,14715.0,success,41_set1_rally8_ball15_Clear.mp4,61 frames,
41,1,8,20.0,Smash,14890.0,success,41_set1_rally8_ball20_Smash.mp4,61 frames,
41,1,8,30.0,Clear,15175.0,success,41_set1_rally8_ball30_Clear.mp4,61 frames,
41,1,9,4.0,Smash,16167.0,success,41_set1_rally9_ball4_Smash.mp4,61 frames,
41,1,13,9.0,Smash,18376.0,success,41_set1_rally13_ball9_Smash.mp4,61 frames,
41,1,13,14.0,Clear,18510.0,success,41_set1_rally13_ball14_Clear.mp4,61 frames,
41,1,14,6.0,Clear,19256.0,success,41_set1_rally14_ball6_Clear.mp4,61 frames,
41,1,14,7.0,Clear,19298.0,success,41_set1_rally14_ball7_Clear.mp4,61 frames,
41,1,14,8.0,Clear,19332.0,success,41_set1_rally14_ball8_Clear.mp4,61 frames,
41,1,14,14.0,Clear,19527.0,success,41_set1_rally14_ball14_Clear.mp4,61 frames,
41,1,17,3.0,Smash,21279.0,success,41_set1_rally17_ball3_Smash.mp4,61 frames,
41,1,17,7.0,Clear,21382.0,success,41_set1_rally17_ball7_Clear.mp4,61 frames,
41,1,17,8.0,Clear,21410.0,success,41_set1_rally17_ball8_Clear.mp4,61 frames,
41,1,18,4.0,Clear,22043.0,success,41_set1_rally18_ball4_Clear.mp4,61 frames,
41,1,18,10.0,Clear,22221.0,success,41_set1_rally18_ball10_Clear.mp4,61 frames,
41,1,18,18.0,Clear,22461.0,success,41_set1_rally18_ball18_Clear.mp4,61 frames,
41,1,19,6.0,Clear,23670.0,success,41_set1_rally19_ball6_Clear.mp4,61 frames,
41,1,19,7.0,Smash,23700.0,success,41_set1_rally19_ball7_Smash.mp4,61 frames,
41,1,19,10.0,Clear,23787.0,success,41_set1_rally19_ball10_Clear.mp4,61 frames,
41,1,20,4.0,Clear,26140.0,success,41_set1_rally20_ball4_Clear.mp4,61 frames,
41,1,20,5.0,Clear,26176.0,success,41_set1_rally20_ball5_Clear.mp4,61 frames,
41,1,21,8.0,Clear,27009.0,success,41_set1_rally21_ball8_Clear.mp4,61 frames,
41,1,21,9.0,Clear,27040.0,success,41_set1_rally21_ball9_Clear.mp4,61 frames,
41,1,22,3.0,Clear,27662.0,success,41_set1_rally22_ball3_Clear.mp4,61 frames,
41,1,23,4.0,Smash,28295.0,success,41_set1_rally23_ball4_Smash.mp4,61 frames,
41,1,23,6.0,Clear,28340.0,success,41_set1_rally23_ball6_Clear.mp4,61 frames,
41,1,23,7.0,Smash,28375.0,success,41_set1_rally23_ball7_Smash.mp4,61 frames,
41,1,24,3.0,Clear,29308.0,success,41_set1_rally24_ball3_Clear.mp4,61 frames,
41,1,24,7.0,Smash,29396.0,success,41_set1_rally24_ball7_Smash.mp4,61 frames,
41,1,26,5.0,Smash,30665.0,success,41_set1_rally26_ball5_Smash.mp4,61 frames,
41,1,27,6.0,Clear,31418.0,success,41_set1_rally27_ball6_Clear.mp4,61 frames,
41,1,27,7.0,Clear,31460.0,success,41_set1_rally27_ball7_Clear.mp4,61 frames,
41,1,27,13.0,Smash,31627.0,success,41_set1_rally27_ball13_Smash.mp4,61 frames,
41,1,29,3.0,Clear,32781.0,success,41_set1_rally29_ball3_Clear.mp4,61 frames,
41,1,30,3.0,Clear,33438.0,success,41_set1_rally30_ball3_Clear.mp4,61 frames,
41,1,30,4.0,Smash,33471.0,success,41_set1_rally30_ball4_Smash.mp4,61 frames,
41,1,31,4.0,Clear,34184.0,success,41_set1_rally31_ball4_Clear.mp4,61 frames,
41,1,31,5.0,Smash,34232.0,success,41_set1_rally31_ball5_Smash.mp4,61 frames,
41,1,32,4.0,Clear,34828.0,success,41_set1_rally32_ball4_Clear.mp4,61 frames,
41,1,32,7.0,Clear,34921.0,success,41_set1_rally32_ball7_Clear.mp4,61 frames,
41,1,33,3.0,Smash,35498.0,success,41_set1_rally33_ball3_Smash.mp4,61 frames,
41,1,33,5.0,Clear,35551.0,success,41_set1_rally33_ball5_Clear.mp4,61 frames,
41,2,2,4.0,Clear,39870.0,success,41_set2_rally2_ball4_Clear.mp4,61 frames,
41,2,2,5.0,Smash,39913.0,success,41_set2_rally2_ball5_Smash.mp4,61 frames,
41,2,3,3.0,Clear,40484.0,success,41_set2_rally3_ball3_Clear.mp4,61 frames,
41,2,3,4.0,Smash,40511.0,success,41_set2_rally3_ball4_Smash.mp4,61 frames,
41,2,3,8.0,Clear,40610.0,success,41_set2_rally3_ball8_Clear.mp4,61 frames,
41,2,3,9.0,Smash,40657.0,success,41_set2_rally3_ball9_Smash.mp4,61 frames,
41,2,4,3.0,Clear,41289.0,success,41_set2_rally4_ball3_Clear.mp4,61 frames,
41,2,4,4.0,Clear,41319.0,success,41_set2_rally4_ball4_Clear.mp4,61 frames,
41,2,4,9.0,Clear,41479.0,success,41_set2_rally4_ball9_Clear.mp4,61 frames,
41,2,4,16.0,Smash,41627.0,success,41_set2_rally4_ball16_Smash.mp4,61 frames,
41,2,4,18.0,Smash,41660.0,success,41_set2_rally4_ball18_Smash.mp4,61 frames,
41,2,5,3.0,Smash,42614.0,success,41_set2_rally5_ball3_Smash.mp4,61 frames,
41,2,5,7.0,Smash,42723.0,success,41_set2_rally5_ball7_Smash.mp4,61 frames,
41,2,12,6.0,Clear,46488.0,success,41_set2_rally12_ball6_Clear.mp4,61 frames,
41,2,12,7.0,Smash,46526.0,success,41_set2_rally12_ball7_Smash.mp4,61 frames,
41,2,16,8.0,Smash,49448.0,success,41_set2_rally16_ball8_Smash.mp4,61 frames,
41,2,16,12.0,Clear,49542.0,success,41_set2_rally16_ball12_Clear.mp4,61 frames,
41,2,17,20.0,Smash,51096.0,success,41_set2_rally17_ball20_Smash.mp4,61 frames,
41,2,19,6.0,Smash,52448.0,success,41_set2_rally19_ball6_Smash.mp4,61 frames,
41,2,19,13.0,Smash,52640.0,success,41_set2_rally19_ball13_Smash.mp4,61 frames,
41,2,20,5.0,Clear,53414.0,success,41_set2_rally20_ball5_Clear.mp4,61 frames,
41,2,21,12.0,Smash,54384.0,success,41_set2_rally21_ball12_Smash.mp4,61 frames,
41,2,21,25.0,Smash,54729.0,success,41_set2_rally21_ball25_Smash.mp4,61 frames,
41,2,21,35.0,Clear,55011.0,success,41_set2_rally21_ball35_Clear.mp4,61 frames,
41,2,21,42.0,Clear,55219.0,success,41_set2_rally21_ball42_Clear.mp4,61 frames,
41,2,21,43.0,Clear,55257.0,success,41_set2_rally21_ball43_Clear.mp4,61 frames,
41,2,21,44.0,Smash,55294.0,success,41_set2_rally21_ball44_Smash.mp4,61 frames,
41,2,21,47.0,Smash,55384.0,success,41_set2_rally21_ball47_Smash.mp4,61 frames,
41,2,24,3.0,Smash,59390.0,success,41_set2_rally24_ball3_Smash.mp4,61 frames,
41,2,24,6.0,Smash,59444.0,success,41_set2_rally24_ball6_Smash.mp4,61 frames,
41,2,24,9.0,Smash,59528.0,success,41_set2_rally24_ball9_Smash.mp4,61 frames,
41,2,25,5.0,Clear,60240.0,success,41_set2_rally25_ball5_Clear.mp4,61 frames,
41,2,25,6.0,Smash,60277.0,success,41_set2_rally25_ball6_Smash.mp4,61 frames,
41,2,25,20.0,Smash,60707.0,success,41_set2_rally25_ball20_Smash.mp4,61 frames,
41,2,25,26.0,Clear,60866.0,success,41_set2_rally25_ball26_Clear.mp4,61 frames,
41,2,26,16.0,Clear,62131.0,success,41_set2_rally26_ball16_Clear.mp4,61 frames,
41,2,26,17.0,Smash,62158.0,success,41_set2_rally26_ball17_Smash.mp4,61 frames,
41,2,27,8.0,Clear,64558.0,success,41_set2_rally27_ball8_Clear.mp4,61 frames,
41,2,27,13.0,Clear,64708.0,success,41_set2_rally27_ball13_Clear.mp4,61 frames,
41,2,28,12.0,Clear,65613.0,success,41_set2_rally28_ball12_Clear.mp4,61 frames,
41,2,29,9.0,Clear,66392.0,success,41_set2_rally29_ball9_Clear.mp4,61 frames,
41,2,29,10.0,Clear,66414.0,success,41_set2_rally29_ball10_Clear.mp4,61 frames,
41,2,30,8.0,Clear,67347.0,success,41_set2_rally30_ball8_Clear.mp4,61 frames,
41,2,30,12.0,Clear,67439.0,success,41_set2_rally30_ball12_Clear.mp4,61 frames,
41,2,30,13.0,Smash,67462.0,success,41_set2_rally30_ball13_Smash.mp4,61 frames,
41,2,32,3.0,Smash,68792.0,success,41_set2_rally32_ball3_Smash.mp4,61 frames,
41,2,34,12.0,Clear,70895.0,success,41_set2_rally34_ball12_Clear.mp4,61 frames,
41,2,35,6.0,Smash,71732.0,success,41_set2_rally35_ball6_Smash.mp4,61 frames,
41,2,36,3.0,Clear,72560.0,success,41_set2_rally36_ball3_Clear.mp4,61 frames,
41,2,36,7.0,Smash,72667.0,success,41_set2_rally36_ball7_Smash.mp4,61 frames,
41,2,36,10.0,Clear,72740.0,success,41_set2_rally36_ball10_Clear.mp4,61 frames,
41,2,36,11.0,Smash,72767.0,success,41_set2_rally36_ball11_Smash.mp4,61 frames,
41,2,36,16.0,Smash,72910.0,success,41_set2_rally36_ball16_Smash.mp4,61 frames,
41,3,1,4.0,Smash,79641.0,success,41_set3_rally1_ball4_Smash.mp4,61 frames,
41,3,1,12.0,Smash,79892.0,success,41_set3_rally1_ball12_Smash.mp4,61 frames,
41,3,1,15.0,Clear,79963.0,success,41_set3_rally1_ball15_Clear.mp4,61 frames,
41,3,1,16.0,Clear,79996.0,success,41_set3_rally1_ball16_Clear.mp4,61 frames,
41,3,3,3.0,Clear,81129.0,success,41_set3_rally3_ball3_Clear.mp4,61 frames,
41,3,5,10.0,Smash,82546.0,success,41_set3_rally5_ball10_Smash.mp4,61 frames,
41,3,6,3.0,Smash,83449.0,success,41_set3_rally6_ball3_Smash.mp4,61 frames,
41,3,6,6.0,Smash,83521.0,success,41_set3_rally6_ball6_Smash.mp4,61 frames,
41,3,7,13.0,Clear,84531.0,success,41_set3_rally7_ball13_Clear.mp4,61 frames,
41,3,7,23.0,Clear,84835.0,success,41_set3_rally7_ball23_Clear.mp4,61 frames,
41,3,9,9.0,Clear,86174.0,success,41_set3_rally9_ball9_Clear.mp4,61 frames,
41,3,9,10.0,Smash,86206.0,success,41_set3_rally9_ball10_Smash.mp4,61 frames,
41,3,10,6.0,Smash,87326.0,success,41_set3_rally10_ball6_Smash.mp4,61 frames,
41,3,11,3.0,Clear,87824.0,success,41_set3_rally11_ball3_Clear.mp4,61 frames,
41,3,11,4.0,Smash,87842.0,success,41_set3_rally11_ball4_Smash.mp4,61 frames,
41,3,11,8.0,Smash,87968.0,success,41_set3_rally11_ball8_Smash.mp4,61 frames,
41,3,11,11.0,Smash,88042.0,success,41_set3_rally11_ball11_Smash.mp4,61 frames,
41,3,12,4.0,Smash,88802.0,success,41_set3_rally12_ball4_Smash.mp4,61 frames,
41,3,13,4.0,Smash,89328.0,success,41_set3_rally13_ball4_Smash.mp4,61 frames,
41,3,14,5.0,Smash,90377.0,success,41_set3_rally14_ball5_Smash.mp4,61 frames,
41,3,14,16.0,Smash,90715.0,success,41_set3_rally14_ball16_Smash.mp4,61 frames,
41,3,14,19.0,Clear,90790.0,success,41_set3_rally14_ball19_Clear.mp4,61 frames,
41,3,14,23.0,Clear,90912.0,success,41_set3_rally14_ball23_Clear.mp4,61 frames,
41,3,14,24.0,Clear,90943.0,success,41_set3_rally14_ball24_Clear.mp4,61 frames,
41,3,14,25.0,Clear,90981.0,success,41_set3_rally14_ball25_Clear.mp4,61 frames,
41,3,14,32.0,Clear,91209.0,success,41_set3_rally14_ball32_Clear.mp4,61 frames,
41,3,14,33.0,Clear,91247.0,success,41_set3_rally14_ball33_Clear.mp4,61 frames,
41,3,14,42.0,Clear,91533.0,success,41_set3_rally14_ball42_Clear.mp4,61 frames,
41,3,14,43.0,Smash,91565.0,success,41_set3_rally14_ball43_Smash.mp4,61 frames,
41,3,17,3.0,Clear,95800.0,success,41_set3_rally17_ball3_Clear.mp4,61 frames,
41,3,17,4.0,Clear,95830.0,success,41_set3_rally17_ball4_Clear.mp4,61 frames,
41,3,17,5.0,Smash,95868.0,success,41_set3_rally17_ball5_Smash.mp4,61 frames,
41,3,17,11.0,Clear,96038.0,success,41_set3_rally17_ball11_Clear.mp4,61 frames,
41,3,18,7.0,Clear,96959.0,success,41_set3_rally18_ball7_Clear.mp4,61 frames,
41,3,18,8.0,Clear,96994.0,success,41_set3_rally18_ball8_Clear.mp4,61 frames,
41,3,18,9.0,Clear,97032.0,success,41_set3_rally18_ball9_Clear.mp4,61 frames,
41,3,18,14.0,Smash,97189.0,success,41_set3_rally18_ball14_Smash.mp4,61 frames,
41,3,18,17.0,Smash,97272.0,success,41_set3_rally18_ball17_Smash.mp4,61 frames,
41,3,19,5.0,Clear,98161.0,success,41_set3_rally19_ball5_Clear.mp4,61 frames,
41,3,19,6.0,Clear,98202.0,success,41_set3_rally19_ball6_Clear.mp4,61 frames,
41,3,19,10.0,Smash,98337.0,success,41_set3_rally19_ball10_Smash.mp4,61 frames,
41,3,19,15.0,Smash,98501.0,success,41_set3_rally19_ball15_Smash.mp4,61 frames,
41,3,20,9.0,Smash,101566.0,success,41_set3_rally20_ball9_Smash.mp4,61 frames,
41,3,21,13.0,Smash,102334.0,success,41_set3_rally21_ball13_Smash.mp4,61 frames,
41,3,21,16.0,Clear,102423.0,success,41_set3_rally21_ball16_Clear.mp4,61 frames,
41,3,21,17.0,Smash,102458.0,success,41_set3_rally21_ball17_Smash.mp4,61 frames,
41,3,23,6.0,Smash,104389.0,success,41_set3_rally23_ball6_Smash.mp4,61 frames,
41,3,25,12.0,Smash,106658.0,success,41_set3_rally25_ball12_Smash.mp4,61 frames,
41,3,26,4.0,Clear,107581.0,success,41_set3_rally26_ball4_Clear.mp4,61 frames,
41,3,27,3.0,Smash,108383.0,success,41_set3_rally27_ball3_Smash.mp4,61 frames,
41,3,29,9.0,Smash,109953.0,success,41_set3_rally29_ball9_Smash.mp4,61 frames,
41,3,30,14.0,Smash,111160.0,success,41_set3_rally30_ball14_Smash.mp4,61 frames,
41,3,31,4.0,Smash,112165.0,success,41_set3_rally31_ball4_Smash.mp4,61 frames,
41,3,31,7.0,Clear,112242.0,success,41_set3_rally31_ball7_Clear.mp4,61 frames,
41,3,31,11.0,Smash,112351.0,success,41_set3_rally31_ball11_Smash.mp4,61 frames,
41,3,32,4.0,Clear,113145.0,success,41_set3_rally32_ball4_Clear.mp4,61 frames,
41,3,32,5.0,Smash,113181.0,success,41_set3_rally32_ball5_Smash.mp4,61 frames,
41,3,32,9.0,Clear,113295.0,success,41_set3_rally32_ball9_Clear.mp4,61 frames,
41,3,33,7.0,Smash,114238.0,success,41_set3_rally33_ball7_Smash.mp4,61 frames,
41,3,33,10.0,Smash,114315.0,success,41_set3_rally33_ball10_Smash.mp4,61 frames,
41,3,33,22.0,Clear,114650.0,success,41_set3_rally33_ball22_Clear.mp4,61 frames,
41,3,33,23.0,Smash,114683.0,success,41_set3_rally33_ball23_Smash.mp4,61 frames,
41,3,33,29.0,Clear,114837.0,success,41_set3_rally33_ball29_Clear.mp4,61 frames,
41,3,33,30.0,Clear,114869.0,success,41_set3_rally33_ball30_Clear.mp4,61 frames,
41,3,34,9.0,Smash,116800.0,success,41_set3_rally34_ball9_Smash.mp4,61 frames,
41,3,34,13.0,Smash,116905.0,success,41_set3_rally34_ball13_Smash.mp4,61 frames,
41,3,35,7.0,Clear,118200.0,success,41_set3_rally35_ball7_Clear.mp4,61 frames,
41,3,37,4.0,Clear,121058.0,success,41_set3_rally37_ball4_Clear.mp4,61 frames,
41,3,37,7.0,Smash,121131.0,success,41_set3_rally37_ball7_Smash.mp4,61 frames,
41,3,37,15.0,Smash,121303.0,success,41_set3_rally37_ball15_Smash.mp4,61 frames,
41,3,37,25.0,Clear,121541.0,success,41_set3_rally37_ball25_Clear.mp4,61 frames,
41,3,37,26.0,Smash,121583.0,success,41_set3_rally37_ball26_Smash.mp4,61 frames,
41,3,37,30.0,Clear,121680.0,success,41_set3_rally37_ball30_Clear.mp4,61 frames,
41,3,37,41.0,Clear,121928.0,success,41_set3_rally37_ball41_Clear.mp4,61 frames,
41,3,37,42.0,Smash,121958.0,success,41_set3_rally37_ball42_Smash.mp4,61 frames,
41,3,40,4.0,Clear,126448.0,success,41_set3_rally40_ball4_Clear.mp4,61 frames,
41,3,40,9.0,Smash,126611.0,success,41_set3_rally40_ball9_Smash.mp4,61 frames,
41,3,40,14.0,Smash,126739.0,success,41_set3_rally40_ball14_Smash.mp4,61 frames,
42,1,1,4.0,Clear,14639.0,success,42_set1_rally1_ball4_Clear.mp4,61 frames,
42,1,2,2.0,Clear,15142.0,success,42_set1_rally2_ball2_Clear.mp4,61 frames,
42,1,4,2.0,Clear,16158.0,success,42_set1_rally4_ball2_Clear.mp4,61 frames,
42,1,4,9.0,Clear,16356.0,success,42_set1_rally4_ball9_Clear.mp4,61 frames,
42,1,4,20.0,Clear,16696.0,success,42_set1_rally4_ball20_Clear.mp4,61 frames,
42,1,6,2.0,Clear,18513.0,success,42_set1_rally6_ball2_Clear.mp4,61 frames,
42,1,6,6.0,Clear,18609.0,success,42_set1_rally6_ball6_Clear.mp4,61 frames,
42,1,6,11.0,Clear,18749.0,success,42_set1_rally6_ball11_Clear.mp4,61 frames,
42,1,6,12.0,Clear,18780.0,success,42_set1_rally6_ball12_Clear.mp4,61 frames,
42,1,6,16.0,Clear,18912.0,success,42_set1_rally6_ball16_Clear.mp4,61 frames,
42,1,6,17.0,Clear,18940.0,success,42_set1_rally6_ball17_Clear.mp4,61 frames,
42,1,6,18.0,Smash,18979.0,success,42_set1_rally6_ball18_Smash.mp4,61 frames,
42,1,7,4.0,Smash,20087.0,success,42_set1_rally7_ball4_Smash.mp4,61 frames,
42,1,8,2.0,Clear,20661.0,success,42_set1_rally8_ball2_Clear.mp4,61 frames,
42,1,9,2.0,Clear,21206.0,success,42_set1_rally9_ball2_Clear.mp4,61 frames,
42,1,9,3.0,Clear,21230.0,success,42_set1_rally9_ball3_Clear.mp4,61 frames,
42,1,9,4.0,Clear,21259.0,success,42_set1_rally9_ball4_Clear.mp4,61 frames,
42,1,9,5.0,Smash,21306.0,success,42_set1_rally9_ball5_Smash.mp4,61 frames,
42,1,10,10.0,Clear,22050.0,success,42_set1_rally10_ball10_Clear.mp4,61 frames,
42,1,10,11.0,Smash,22073.0,success,42_set1_rally10_ball11_Smash.mp4,61 frames,
42,1,11,5.0,Clear,22762.0,success,42_set1_rally11_ball5_Clear.mp4,61 frames,
42,1,11,10.0,Clear,22902.0,success,42_set1_rally11_ball10_Clear.mp4,61 frames,
42,1,11,11.0,Clear,22932.0,success,42_set1_rally11_ball11_Clear.mp4,61 frames,
42,1,11,12.0,Clear,22963.0,success,42_set1_rally11_ball12_Clear.mp4,61 frames,
42,1,11,13.0,Clear,22993.0,success,42_set1_rally11_ball13_Clear.mp4,61 frames,
42,1,11,14.0,Clear,23019.0,success,42_set1_rally11_ball14_Clear.mp4,61 frames,
42,1,11,15.0,Clear,23046.0,success,42_set1_rally11_ball15_Clear.mp4,61 frames,
42,1,14,5.0,Clear,26263.0,success,42_set1_rally14_ball5_Clear.mp4,61 frames,
42,1,14,6.0,Clear,26286.0,success,42_set1_rally14_ball6_Clear.mp4,61 frames,
42,1,17,2.0,Clear,27918.0,success,42_set1_rally17_ball2_Clear.mp4,61 frames,
42,1,19,5.0,Clear,29123.0,success,42_set1_rally19_ball5_Clear.mp4,61 frames,
42,1,19,8.0,Clear,29208.0,success,42_set1_rally19_ball8_Clear.mp4,61 frames,
42,1,19,14.0,Clear,29383.0,success,42_set1_rally19_ball14_Clear.mp4,61 frames,
42,1,19,15.0,Clear,29419.0,success,42_set1_rally19_ball15_Clear.mp4,61 frames,
42,1,20,2.0,Smash,30282.0,success,42_set1_rally20_ball2_Smash.mp4,61 frames,
42,1,20,5.0,Smash,30366.0,success,42_set1_rally20_ball5_Smash.mp4,61 frames,
42,1,22,2.0,Clear,33248.0,success,42_set1_rally22_ball2_Clear.mp4,61 frames,
42,1,22,7.0,Smash,33388.0,success,42_set1_rally22_ball7_Smash.mp4,61 frames,
42,1,22,12.0,Clear,33506.0,success,42_set1_rally22_ball12_Clear.mp4,61 frames,
42,1,22,15.0,Clear,33599.0,success,42_set1_rally22_ball15_Clear.mp4,61 frames,
42,1,23,2.0,Smash,34532.0,success,42_set1_rally23_ball2_Smash.mp4,61 frames,
42,1,24,2.0,Clear,35254.0,success,42_set1_rally24_ball2_Clear.mp4,61 frames,
42,1,25,2.0,Smash,36727.0,success,42_set1_rally25_ball2_Smash.mp4,61 frames,
42,1,26,2.0,Clear,37157.0,success,42_set1_rally26_ball2_Clear.mp4,61 frames,
42,1,26,3.0,Clear,37183.0,success,42_set1_rally26_ball3_Clear.mp4,61 frames,
42,1,26,4.0,Clear,37214.0,success,42_set1_rally26_ball4_Clear.mp4,61 frames,
42,1,26,5.0,Clear,37243.0,success,42_set1_rally26_ball5_Clear.mp4,61 frames,
42,1,26,6.0,Clear,37277.0,success,42_set1_rally26_ball6_Clear.mp4,61 frames,
42,1,26,7.0,Clear,37320.0,success,42_set1_rally26_ball7_Clear.mp4,61 frames,
42,1,26,11.0,Clear,37435.0,success,42_set1_rally26_ball11_Clear.mp4,61 frames,
42,1,26,12.0,Smash,37464.0,success,42_set1_rally26_ball12_Smash.mp4,61 frames,
42,1,27,7.0,Clear,38365.0,success,42_set1_rally27_ball7_Clear.mp4,61 frames,
42,1,27,8.0,Smash,38409.0,success,42_set1_rally27_ball8_Smash.mp4,61 frames,
42,1,27,16.0,Clear,38627.0,success,42_set1_rally27_ball16_Clear.mp4,61 frames,
42,1,27,17.0,Clear,38659.0,success,42_set1_rally27_ball17_Clear.mp4,61 frames,
42,1,27,18.0,Clear,38684.0,success,42_set1_rally27_ball18_Clear.mp4,61 frames,
42,1,27,19.0,Clear,38733.0,success,42_set1_rally27_ball19_Clear.mp4,61 frames,
42,1,28,2.0,Smash,40369.0,success,42_set1_rally28_ball2_Smash.mp4,61 frames,
42,1,29,2.0,Smash,40885.0,success,42_set1_rally29_ball2_Smash.mp4,61 frames,
42,1,29,9.0,Clear,41100.0,success,42_set1_rally29_ball9_Clear.mp4,61 frames,
42,1,30,2.0,Smash,41929.0,success,42_set1_rally30_ball2_Smash.mp4,61 frames,
42,1,30,6.0,Clear,42028.0,success,42_set1_rally30_ball6_Clear.mp4,61 frames,
42,1,31,3.0,Clear,42760.0,success,42_set1_rally31_ball3_Clear.mp4,61 frames,
42,1,32,2.0,Smash,43518.0,success,42_set1_rally32_ball2_Smash.mp4,61 frames,
42,1,32,4.0,Smash,43557.0,success,42_set1_rally32_ball4_Smash.mp4,61 frames,
42,1,32,7.0,Clear,43638.0,success,42_set1_rally32_ball7_Clear.mp4,61 frames,
42,1,32,8.0,Smash,43673.0,success,42_set1_rally32_ball8_Smash.mp4,61 frames,
42,1,33,5.0,Clear,44632.0,success,42_set1_rally33_ball5_Clear.mp4,61 frames,
42,1,33,6.0,Smash,44680.0,success,42_set1_rally33_ball6_Smash.mp4,61 frames,
42,1,34,4.0,Clear,45378.0,success,42_set1_rally34_ball4_Clear.mp4,61 frames,
42,1,34,5.0,Clear,45408.0,success,42_set1_rally34_ball5_Clear.mp4,61 frames,
42,1,34,6.0,Clear,45437.0,success,42_set1_rally34_ball6_Clear.mp4,61 frames,
42,1,35,5.0,Clear,46080.0,success,42_set1_rally35_ball5_Clear.mp4,61 frames,
42,1,36,2.0,Smash,46797.0,success,42_set1_rally36_ball2_Smash.mp4,61 frames,
42,1,36,8.0,Clear,46982.0,success,42_set1_rally36_ball8_Clear.mp4,61 frames,
42,1,37,3.0,Clear,48490.0,success,42_set1_rally37_ball3_Clear.mp4,61 frames,
42,1,37,4.0,Smash,48531.0,success,42_set1_rally37_ball4_Smash.mp4,61 frames,
42,1,38,4.0,Smash,49547.0,success,42_set1_rally38_ball4_Smash.mp4,61 frames,
42,1,38,7.0,Smash,49636.0,success,42_set1_rally38_ball7_Smash.mp4,61 frames,
42,1,38,14.0,Clear,49817.0,success,42_set1_rally38_ball14_Clear.mp4,61 frames,
42,1,38,15.0,Clear,49850.0,success,42_set1_rally38_ball15_Clear.mp4,61 frames,
42,1,38,16.0,Smash,49890.0,success,42_set1_rally38_ball16_Smash.mp4,61 frames,
42,1,38,20.0,Clear,49984.0,success,42_set1_rally38_ball20_Clear.mp4,61 frames,
42,1,38,21.0,Clear,50012.0,success,42_set1_rally38_ball21_Clear.mp4,61 frames,
42,1,39,2.0,Clear,51629.0,success,42_set1_rally39_ball2_Clear.mp4,61 frames,
42,1,39,3.0,Smash,51668.0,success,42_set1_rally39_ball3_Smash.mp4,61 frames,
42,1,39,6.0,Clear,51737.0,success,42_set1_rally39_ball6_Clear.mp4,61 frames,
42,1,39,7.0,Clear,51762.0,success,42_set1_rally39_ball7_Clear.mp4,61 frames,
42,1,39,8.0,Clear,51793.0,success,42_set1_rally39_ball8_Clear.mp4,61 frames,
42,1,39,9.0,Clear,51837.0,success,42_set1_rally39_ball9_Clear.mp4,61 frames,
42,1,39,10.0,Clear,51861.0,success,42_set1_rally39_ball10_Clear.mp4,61 frames,
42,1,39,14.0,Clear,51983.0,success,42_set1_rally39_ball14_Clear.mp4,61 frames,
42,2,1,2.0,Smash,56516.0,success,42_set2_rally1_ball2_Smash.mp4,61 frames,
42,2,1,10.0,Smash,56725.0,success,42_set2_rally1_ball10_Smash.mp4,61 frames,
42,2,1,14.0,Smash,56819.0,success,42_set2_rally1_ball14_Smash.mp4,61 frames,
42,2,1,16.0,Smash,56855.0,success,42_set2_rally1_ball16_Smash.mp4,61 frames,
42,2,2,2.0,Smash,57450.0,success,42_set2_rally2_ball2_Smash.mp4,61 frames,
42,2,2,8.0,Clear,57618.0,success,42_set2_rally2_ball8_Clear.mp4,61 frames,
42,2,2,9.0,Smash,57647.0,success,42_set2_rally2_ball9_Smash.mp4,61 frames,
42,2,3,2.0,Smash,58397.0,success,42_set2_rally3_ball2_Smash.mp4,61 frames,
42,2,4,2.0,Smash,59246.0,success,42_set2_rally4_ball2_Smash.mp4,61 frames,
42,2,4,7.0,Smash,59388.0,success,42_set2_rally4_ball7_Smash.mp4,61 frames,
42,2,5,2.0,Smash,60026.0,success,42_set2_rally5_ball2_Smash.mp4,61 frames,
42,2,5,5.0,Clear,60100.0,success,42_set2_rally5_ball5_Clear.mp4,61 frames,
42,2,6,2.0,Clear,60984.0,success,42_set2_rally6_ball2_Clear.mp4,61 frames,
42,2,7,5.0,Clear,61580.0,success,42_set2_rally7_ball5_Clear.mp4,61 frames,
42,2,8,5.0,Clear,62402.0,success,42_set2_rally8_ball5_Clear.mp4,61 frames,
42,2,9,2.0,Clear,63323.0,success,42_set2_rally9_ball2_Clear.mp4,61 frames,
42,2,11,2.0,Smash,64634.0,success,42_set2_rally11_ball2_Smash.mp4,61 frames,
42,2,13,5.0,Smash,65867.0,success,42_set2_rally13_ball5_Smash.mp4,61 frames,
42,2,13,7.0,Smash,65910.0,success,42_set2_rally13_ball7_Smash.mp4,61 frames,
42,2,13,13.0,Smash,66035.0,success,42_set2_rally13_ball13_Smash.mp4,61 frames,
42,2,13,16.0,Clear,66115.0,success,42_set2_rally13_ball16_Clear.mp4,61 frames,
42,2,14,2.0,Smash,66796.0,success,42_set2_rally14_ball2_Smash.mp4,61 frames,
42,2,14,4.0,Smash,66846.0,success,42_set2_rally14_ball4_Smash.mp4,61 frames,
42,2,15,2.0,Clear,67950.0,success,42_set2_rally15_ball2_Clear.mp4,61 frames,
42,2,15,3.0,Smash,67975.0,success,42_set2_rally15_ball3_Smash.mp4,61 frames,
42,2,16,7.0,Smash,70381.0,success,42_set2_rally16_ball7_Smash.mp4,61 frames,
42,2,17,2.0,Smash,71495.0,success,42_set2_rally17_ball2_Smash.mp4,61 frames,
42,2,17,5.0,Clear,71569.0,success,42_set2_rally17_ball5_Clear.mp4,61 frames,
42,2,17,9.0,Smash,71672.0,success,42_set2_rally17_ball9_Smash.mp4,61 frames,
42,2,17,13.0,Clear,71778.0,success,42_set2_rally17_ball13_Clear.mp4,61 frames,
42,2,17,18.0,Clear,71945.0,success,42_set2_rally17_ball18_Clear.mp4,61 frames,
42,2,17,19.0,Smash,71979.0,success,42_set2_rally17_ball19_Smash.mp4,61 frames,
42,2,18,2.0,Smash,72979.0,success,42_set2_rally18_ball2_Smash.mp4,61 frames,
42,2,19,2.0,Smash,73584.0,success,42_set2_rally19_ball2_Smash.mp4,61 frames,
42,2,19,10.0,Smash,73853.0,success,42_set2_rally19_ball10_Smash.mp4,61 frames,
42,2,20,9.0,Smash,74862.0,success,42_set2_rally20_ball9_Smash.mp4,61 frames,
42,2,21,6.0,Clear,76220.0,success,42_set2_rally21_ball6_Clear.mp4,61 frames,
42,2,21,7.0,Smash,76271.0,success,42_set2_rally21_ball7_Smash.mp4,61 frames,
42,2,21,9.0,Smash,76313.0,success,42_set2_rally21_ball9_Smash.mp4,61 frames,
42,2,21,14.0,Clear,76424.0,success,42_set2_rally21_ball14_Clear.mp4,61 frames,
42,2,21,15.0,Clear,76457.0,success,42_set2_rally21_ball15_Clear.mp4,61 frames,
42,2,21,16.0,Clear,76484.0,success,42_set2_rally21_ball16_Clear.mp4,61 frames,
42,2,23,3.0,Smash,78740.0,success,42_set2_rally23_ball3_Smash.mp4,61 frames,
42,2,23,6.0,Smash,78816.0,success,42_set2_rally23_ball6_Smash.mp4,61 frames,
42,2,26,2.0,Smash,80931.0,success,42_set2_rally26_ball2_Smash.mp4,61 frames,
42,2,27,2.0,Clear,81866.0,success,42_set2_rally27_ball2_Clear.mp4,61 frames,
42,2,27,3.0,Smash,81892.0,success,42_set2_rally27_ball3_Smash.mp4,61 frames,
42,2,27,8.0,Clear,82049.0,success,42_set2_rally27_ball8_Clear.mp4,61 frames,
42,2,27,9.0,Clear,82076.0,success,42_set2_rally27_ball9_Clear.mp4,61 frames,
42,2,27,12.0,Smash,82179.0,success,42_set2_rally27_ball12_Smash.mp4,61 frames,
42,2,28,5.0,Smash,82990.0,success,42_set2_rally28_ball5_Smash.mp4,61 frames,
42,2,28,14.0,Clear,83249.0,success,42_set2_rally28_ball14_Clear.mp4,61 frames,
42,2,28,15.0,Clear,83284.0,success,42_set2_rally28_ball15_Clear.mp4,61 frames,
42,2,29,2.0,Smash,84128.0,success,42_set2_rally29_ball2_Smash.mp4,61 frames,
42,2,29,5.0,Clear,84211.0,success,42_set2_rally29_ball5_Clear.mp4,61 frames,
42,2,30,7.0,Smash,85465.0,success,42_set2_rally30_ball7_Smash.mp4,61 frames,
42,2,32,2.0,Smash,86866.0,success,42_set2_rally32_ball2_Smash.mp4,61 frames,
42,2,32,4.0,Clear,86921.0,success,42_set2_rally32_ball4_Clear.mp4,61 frames,
42,2,32,5.0,Smash,86949.0,success,42_set2_rally32_ball5_Smash.mp4,61 frames,
42,2,33,2.0,Clear,87536.0,success,42_set2_rally33_ball2_Clear.mp4,61 frames,
42,2,34,10.0,Smash,88701.0,success,42_set2_rally34_ball10_Smash.mp4,61 frames,
42,2,34,13.0,Clear,88776.0,success,42_set2_rally34_ball13_Clear.mp4,61 frames,
42,2,34,14.0,Clear,88808.0,success,42_set2_rally34_ball14_Clear.mp4,61 frames,
42,2,34,15.0,Smash,88839.0,success,42_set2_rally34_ball15_Smash.mp4,61 frames,
42,2,34,17.0,Smash,88897.0,success,42_set2_rally34_ball17_Smash.mp4,61 frames,
42,2,35,2.0,Smash,89994.0,success,42_set2_rally35_ball2_Smash.mp4,61 frames,
43,1,1,2.0,Smash,17869.0,success,43_set1_rally1_ball2_Smash.mp4,61 frames,
43,1,1,5.0,Clear,17926.0,success,43_set1_rally1_ball5_Clear.mp4,61 frames,
43,1,1,6.0,Clear,17949.0,success,43_set1_rally1_ball6_Clear.mp4,61 frames,
43,1,1,7.0,Clear,17985.0,success,43_set1_rally1_ball7_Clear.mp4,61 frames,
43,1,2,3.0,Clear,18650.0,success,43_set1_rally2_ball3_Clear.mp4,61 frames,
43,1,2,8.0,Clear,18787.0,success,43_set1_rally2_ball8_Clear.mp4,61 frames,
43,1,2,9.0,Clear,18807.0,success,43_set1_rally2_ball9_Clear.mp4,61 frames,
43,1,2,10.0,Clear,18831.0,success,43_set1_rally2_ball10_Clear.mp4,61 frames,
43,1,3,4.0,Smash,19914.0,success,43_set1_rally3_ball4_Smash.mp4,61 frames,
43,1,3,7.0,Smash,19989.0,success,43_set1_rally3_ball7_Smash.mp4,61 frames,
43,1,3,10.0,Clear,20042.0,success,43_set1_rally3_ball10_Clear.mp4,61 frames,
43,1,6,3.0,Smash,22325.0,success,43_set1_rally6_ball3_Smash.mp4,61 frames,
43,1,7,3.0,Clear,22835.0,success,43_set1_rally7_ball3_Clear.mp4,61 frames,
43,1,8,5.0,Clear,23795.0,success,43_set1_rally8_ball5_Clear.mp4,61 frames,
43,1,8,6.0,Clear,23828.0,success,43_set1_rally8_ball6_Clear.mp4,61 frames,
43,1,8,7.0,Clear,23854.0,success,43_set1_rally8_ball7_Clear.mp4,61 frames,
43,1,8,8.0,Smash,23894.0,success,43_set1_rally8_ball8_Smash.mp4,61 frames,
43,1,8,14.0,Clear,24047.0,success,43_set1_rally8_ball14_Clear.mp4,61 frames,
43,1,9,2.0,Smash,25246.0,success,43_set1_rally9_ball2_Smash.mp4,61 frames,
43,1,10,7.0,Clear,25969.0,success,43_set1_rally10_ball7_Clear.mp4,61 frames,
43,1,11,3.0,Clear,26643.0,success,43_set1_rally11_ball3_Clear.mp4,61 frames,
43,1,11,7.0,Clear,26766.0,success,43_set1_rally11_ball7_Clear.mp4,61 frames,
43,1,11,8.0,Clear,26798.0,success,43_set1_rally11_ball8_Clear.mp4,61 frames,
43,1,11,9.0,Smash,26841.0,success,43_set1_rally11_ball9_Smash.mp4,61 frames,
43,1,12,4.0,Smash,27887.0,success,43_set1_rally12_ball4_Smash.mp4,61 frames,
43,1,12,10.0,Smash,28022.0,success,43_set1_rally12_ball10_Smash.mp4,61 frames,
43,1,12,13.0,Smash,28082.0,success,43_set1_rally12_ball13_Smash.mp4,61 frames,
43,1,12,16.0,Clear,28137.0,success,43_set1_rally12_ball16_Clear.mp4,61 frames,
43,1,13,8.0,Smash,29468.0,success,43_set1_rally13_ball8_Smash.mp4,61 frames,
43,1,15,3.0,Clear,31146.0,success,43_set1_rally15_ball3_Clear.mp4,61 frames,
43,1,15,8.0,Clear,31273.0,success,43_set1_rally15_ball8_Clear.mp4,61 frames,
43,1,15,9.0,Smash,31301.0,success,43_set1_rally15_ball9_Smash.mp4,61 frames,
43,1,15,11.0,Clear,31335.0,success,43_set1_rally15_ball11_Clear.mp4,61 frames,
43,1,15,12.0,Clear,31358.0,success,43_set1_rally15_ball12_Clear.mp4,61 frames,
43,1,15,13.0,Smash,31394.0,success,43_set1_rally15_ball13_Smash.mp4,61 frames,
43,1,16,4.0,Smash,32458.0,success,43_set1_rally16_ball4_Smash.mp4,61 frames,
43,1,20,4.0,Clear,35032.0,success,43_set1_rally20_ball4_Clear.mp4,61 frames,
43,1,23,3.0,Clear,38861.0,success,43_set1_rally23_ball3_Clear.mp4,61 frames,
43,1,24,10.0,Clear,40139.0,success,43_set1_rally24_ball10_Clear.mp4,61 frames,
43,1,24,11.0,Smash,40184.0,success,43_set1_rally24_ball11_Smash.mp4,61 frames,
43,1,26,5.0,Clear,41979.0,success,43_set1_rally26_ball5_Clear.mp4,61 frames,
43,1,26,6.0,Smash,42013.0,success,43_set1_rally26_ball6_Smash.mp4,61 frames,
43,1,26,16.0,Clear,42241.0,success,43_set1_rally26_ball16_Clear.mp4,61 frames,
43,1,26,17.0,Smash,42268.0,success,43_set1_rally26_ball17_Smash.mp4,61 frames,
43,1,27,3.0,Clear,43398.0,success,43_set1_rally27_ball3_Clear.mp4,61 frames,
43,1,27,18.0,Clear,43708.0,success,43_set1_rally27_ball18_Clear.mp4,61 frames,
43,1,27,19.0,Clear,43738.0,success,43_set1_rally27_ball19_Clear.mp4,61 frames,
43,1,27,20.0,Clear,43759.0,success,43_set1_rally27_ball20_Clear.mp4,61 frames,
43,1,27,23.0,Clear,43838.0,success,43_set1_rally27_ball23_Clear.mp4,61 frames,
43,1,27,24.0,Clear,43863.0,success,43_set1_rally27_ball24_Clear.mp4,61 frames,
43,1,27,25.0,Clear,43890.0,success,43_set1_rally27_ball25_Clear.mp4,61 frames,
43,1,27,28.0,Clear,43971.0,success,43_set1_rally27_ball28_Clear.mp4,61 frames,
43,1,28,10.0,Clear,45382.0,success,43_set1_rally28_ball10_Clear.mp4,61 frames,
43,1,28,11.0,Clear,45418.0,success,43_set1_rally28_ball11_Clear.mp4,61 frames,
43,1,29,8.0,Smash,46496.0,success,43_set1_rally29_ball8_Smash.mp4,61 frames,
43,1,32,4.0,Clear,49021.0,success,43_set1_rally32_ball4_Clear.mp4,61 frames,
43,1,32,7.0,Clear,49077.0,success,43_set1_rally32_ball7_Clear.mp4,61 frames,
43,1,32,11.0,Clear,49173.0,success,43_set1_rally32_ball11_Clear.mp4,61 frames,
43,1,32,12.0,Clear,49196.0,success,43_set1_rally32_ball12_Clear.mp4,61 frames,
43,1,32,18.0,Clear,49351.0,success,43_set1_rally32_ball18_Clear.mp4,61 frames,
43,1,33,3.0,Clear,50451.0,success,43_set1_rally33_ball3_Clear.mp4,61 frames,
43,1,33,12.0,Clear,50662.0,success,43_set1_rally33_ball12_Clear.mp4,61 frames,
43,1,34,3.0,Clear,52278.0,success,43_set1_rally34_ball3_Clear.mp4,61 frames,
43,1,34,4.0,Clear,52312.0,success,43_set1_rally34_ball4_Clear.mp4,61 frames,
43,2,1,4.0,Smash,56761.0,success,43_set2_rally1_ball4_Smash.mp4,61 frames,
43,2,3,10.0,Clear,58322.0,success,43_set2_rally3_ball10_Clear.mp4,61 frames,
43,2,4,11.0,Smash,59371.0,success,43_set2_rally4_ball11_Smash.mp4,61 frames,
43,2,7,3.0,Smash,62100.0,success,43_set2_rally7_ball3_Smash.mp4,61 frames,
43,2,9,7.0,Clear,63499.0,success,43_set2_rally9_ball7_Clear.mp4,61 frames,
43,2,10,7.0,Clear,64344.0,success,43_set2_rally10_ball7_Clear.mp4,61 frames,
43,2,11,2.0,Clear,65601.0,success,43_set2_rally11_ball2_Clear.mp4,61 frames,
43,2,12,3.0,Smash,66400.0,success,43_set2_rally12_ball3_Smash.mp4,61 frames,
43,2,13,4.0,Smash,67320.0,success,43_set2_rally13_ball4_Smash.mp4,61 frames,
43,2,13,8.0,Clear,67425.0,success,43_set2_rally13_ball8_Clear.mp4,61 frames,
43,2,13,9.0,Smash,67484.0,success,43_set2_rally13_ball9_Smash.mp4,61 frames,
43,2,16,8.0,Clear,71688.0,success,43_set2_rally16_ball8_Clear.mp4,61 frames,
43,2,18,9.0,Clear,73076.0,success,43_set2_rally18_ball9_Clear.mp4,61 frames,
43,2,18,10.0,Clear,73107.0,success,43_set2_rally18_ball10_Clear.mp4,61 frames,
43,2,20,2.0,Smash,75010.0,success,43_set2_rally20_ball2_Smash.mp4,61 frames,
43,2,20,6.0,Smash,75091.0,success,43_set2_rally20_ball6_Smash.mp4,61 frames,
43,2,21,3.0,Smash,75873.0,success,43_set2_rally21_ball3_Smash.mp4,61 frames,
43,2,21,6.0,Clear,75942.0,success,43_set2_rally21_ball6_Clear.mp4,61 frames,
43,2,21,7.0,Smash,75974.0,success,43_set2_rally21_ball7_Smash.mp4,61 frames,
43,2,23,5.0,Smash,77924.0,success,43_set2_rally23_ball5_Smash.mp4,61 frames,
43,2,24,8.0,Smash,79420.0,success,43_set2_rally24_ball8_Smash.mp4,61 frames,
43,2,24,11.0,Smash,79479.0,success,43_set2_rally24_ball11_Smash.mp4,61 frames,
43,2,24,17.0,Clear,79659.0,success,43_set2_rally24_ball17_Clear.mp4,61 frames,
43,2,25,5.0,Smash,80601.0,success,43_set2_rally25_ball5_Smash.mp4,61 frames,
43,2,27,3.0,Clear,82069.0,success,43_set2_rally27_ball3_Clear.mp4,61 frames,
43,2,27,4.0,Smash,82099.0,success,43_set2_rally27_ball4_Smash.mp4,61 frames,
43,2,28,10.0,Clear,82976.0,success,43_set2_rally28_ball10_Clear.mp4,61 frames,
43,2,28,11.0,Clear,82998.0,success,43_set2_rally28_ball11_Clear.mp4,61 frames,
43,2,28,12.0,Clear,83036.0,success,43_set2_rally28_ball12_Clear.mp4,61 frames,
43,2,28,13.0,Clear,83063.0,success,43_set2_rally28_ball13_Clear.mp4,61 frames,
43,2,28,14.0,Smash,83116.0,success,43_set2_rally28_ball14_Smash.mp4,61 frames,
43,2,28,19.0,Clear,83246.0,success,43_set2_rally28_ball19_Clear.mp4,61 frames,
43,2,28,26.0,Clear,83488.0,success,43_set2_rally28_ball26_Clear.mp4,61 frames,
43,2,28,27.0,Clear,83516.0,success,43_set2_rally28_ball27_Clear.mp4,61 frames,
43,2,28,28.0,Clear,83556.0,success,43_set2_rally28_ball28_Clear.mp4,61 frames,
43,2,31,4.0,Smash,86363.0,success,43_set2_rally31_ball4_Smash.mp4,61 frames,
43,2,31,11.0,Clear,86539.0,success,43_set2_rally31_ball11_Clear.mp4,61 frames,
43,2,33,4.0,Clear,88081.0,success,43_set2_rally33_ball4_Clear.mp4,61 frames,
43,2,33,10.0,Clear,88267.0,success,43_set2_rally33_ball10_Clear.mp4,61 frames,
44,1,2,7.0,Clear,17728.0,success,44_set1_rally2_ball7_Clear.mp4,61 frames,
44,1,2,9.0,Smash,17802.0,success,44_set1_rally2_ball9_Smash.mp4,61 frames,
44,1,5,3.0,Clear,19773.0,success,44_set1_rally5_ball3_Clear.mp4,61 frames,
44,1,5,15.0,Clear,20088.0,success,44_set1_rally5_ball15_Clear.mp4,61 frames,
44,1,5,16.0,Smash,20125.0,success,44_set1_rally5_ball16_Smash.mp4,61 frames,
44,1,5,21.0,Clear,20266.0,success,44_set1_rally5_ball21_Clear.mp4,61 frames,
44,1,5,22.0,Smash,20308.0,success,44_set1_rally5_ball22_Smash.mp4,61 frames,
44,1,7,9.0,Clear,22036.0,success,44_set1_rally7_ball9_Clear.mp4,61 frames,
44,1,7,10.0,Clear,22076.0,success,44_set1_rally7_ball10_Clear.mp4,61 frames,
44,1,7,11.0,Clear,22122.0,success,44_set1_rally7_ball11_Clear.mp4,61 frames,
44,1,7,12.0,Smash,22157.0,success,44_set1_rally7_ball12_Smash.mp4,61 frames,
44,1,9,5.0,Smash,23512.0,success,44_set1_rally9_ball5_Smash.mp4,61 frames,
44,1,12,11.0,Clear,26067.0,success,44_set1_rally12_ball11_Clear.mp4,61 frames,
44,1,12,18.0,Smash,26266.0,success,44_set1_rally12_ball18_Smash.mp4,61 frames,
44,1,13,5.0,Smash,27507.0,success,44_set1_rally13_ball5_Smash.mp4,61 frames,
44,1,15,3.0,Clear,29414.0,success,44_set1_rally15_ball3_Clear.mp4,61 frames,
44,1,15,16.0,Smash,29731.0,success,44_set1_rally15_ball16_Smash.mp4,61 frames,
44,1,16,3.0,Clear,30438.0,success,44_set1_rally16_ball3_Clear.mp4,61 frames,
44,1,16,8.0,Clear,30591.0,success,44_set1_rally16_ball8_Clear.mp4,61 frames,
44,1,16,12.0,Clear,30702.0,success,44_set1_rally16_ball12_Clear.mp4,61 frames,
44,1,16,20.0,Clear,30939.0,success,44_set1_rally16_ball20_Clear.mp4,61 frames,
44,1,16,21.0,Smash,30971.0,success,44_set1_rally16_ball21_Smash.mp4,61 frames,
44,1,19,3.0,Clear,33337.0,success,44_set1_rally19_ball3_Clear.mp4,61 frames,
44,1,19,9.0,Smash,33506.0,success,44_set1_rally19_ball9_Smash.mp4,61 frames,
44,1,21,2.0,Smash,36587.0,success,44_set1_rally21_ball2_Smash.mp4,61 frames,
44,1,22,7.0,Smash,38409.0,success,44_set1_rally22_ball7_Smash.mp4,61 frames,
44,1,23,13.0,Clear,39838.0,success,44_set1_rally23_ball13_Clear.mp4,61 frames,
44,1,26,4.0,Clear,41836.0,success,44_set1_rally26_ball4_Clear.mp4,61 frames,
44,1,26,5.0,Smash,41883.0,success,44_set1_rally26_ball5_Smash.mp4,61 frames,
44,1,26,10.0,Clear,42005.0,success,44_set1_rally26_ball10_Clear.mp4,61 frames,
44,1,28,6.0,Clear,43840.0,success,44_set1_rally28_ball6_Clear.mp4,61 frames,
44,1,28,7.0,Smash,43870.0,success,44_set1_rally28_ball7_Smash.mp4,61 frames,
44,1,30,2.0,Smash,46042.0,success,44_set1_rally30_ball2_Smash.mp4,61 frames,
44,1,31,12.0,Smash,47002.0,success,44_set1_rally31_ball12_Smash.mp4,61 frames,
44,1,32,17.0,Clear,48847.0,success,44_set1_rally32_ball17_Clear.mp4,61 frames,
44,1,32,21.0,Smash,48958.0,success,44_set1_rally32_ball21_Smash.mp4,61 frames,
44,1,33,4.0,Smash,50065.0,success,44_set1_rally33_ball4_Smash.mp4,61 frames,
44,1,34,6.0,Clear,51164.0,success,44_set1_rally34_ball6_Clear.mp4,61 frames,
44,1,34,7.0,Clear,51199.0,success,44_set1_rally34_ball7_Clear.mp4,61 frames,
44,1,34,21.0,Smash,51471.0,success,44_set1_rally34_ball21_Smash.mp4,61 frames,
44,1,35,3.0,Clear,52651.0,success,44_set1_rally35_ball3_Clear.mp4,61 frames,
44,1,35,4.0,Smash,52680.0,success,44_set1_rally35_ball4_Smash.mp4,61 frames,
44,1,36,5.0,Clear,53518.0,success,44_set1_rally36_ball5_Clear.mp4,61 frames,
44,1,36,6.0,Clear,53552.0,success,44_set1_rally36_ball6_Clear.mp4,61 frames,
44,1,37,3.0,Clear,54951.0,success,44_set1_rally37_ball3_Clear.mp4,61 frames,
44,1,37,4.0,Clear,54984.0,success,44_set1_rally37_ball4_Clear.mp4,61 frames,
44,1,37,5.0,Smash,55014.0,success,44_set1_rally37_ball5_Smash.mp4,61 frames,
44,1,37,10.0,Smash,55146.0,success,44_set1_rally37_ball10_Smash.mp4,61 frames,
44,1,37,16.0,Smash,55305.0,success,44_set1_rally37_ball16_Smash.mp4,61 frames,
44,1,37,23.0,Clear,55510.0,success,44_set1_rally37_ball23_Clear.mp4,61 frames,
44,2,1,3.0,Smash,59725.0,success,44_set2_rally1_ball3_Smash.mp4,61 frames,
44,2,1,12.0,Clear,59979.0,success,44_set2_rally1_ball12_Clear.mp4,61 frames,
44,2,1,17.0,Clear,60133.0,success,44_set2_rally1_ball17_Clear.mp4,61 frames,
44,2,1,18.0,Smash,60165.0,success,44_set2_rally1_ball18_Smash.mp4,61 frames,
44,2,6,3.0,Clear,63200.0,success,44_set2_rally6_ball3_Clear.mp4,61 frames,
44,2,6,4.0,Smash,63245.0,success,44_set2_rally6_ball4_Smash.mp4,61 frames,
44,2,8,3.0,Clear,64474.0,success,44_set2_rally8_ball3_Clear.mp4,61 frames,
44,2,8,4.0,Clear,64512.0,success,44_set2_rally8_ball4_Clear.mp4,61 frames,
44,2,8,5.0,Smash,64555.0,success,44_set2_rally8_ball5_Smash.mp4,61 frames,
44,2,10,2.0,Smash,65382.0,success,44_set2_rally10_ball2_Smash.mp4,61 frames,
44,2,11,2.0,Smash,66552.0,success,44_set2_rally11_ball2_Smash.mp4,61 frames,
44,2,14,2.0,Smash,70164.0,success,44_set2_rally14_ball2_Smash.mp4,61 frames,
44,2,14,8.0,Smash,70350.0,success,44_set2_rally14_ball8_Smash.mp4,61 frames,
44,2,16,3.0,Smash,71196.0,success,44_set2_rally16_ball3_Smash.mp4,61 frames,
44,2,18,4.0,Clear,72262.0,success,44_set2_rally18_ball4_Clear.mp4,61 frames,
44,2,18,5.0,Smash,72295.0,success,44_set2_rally18_ball5_Smash.mp4,61 frames,
44,2,19,2.0,Clear,72750.0,success,44_set2_rally19_ball2_Clear.mp4,61 frames,
44,2,19,3.0,Clear,72786.0,success,44_set2_rally19_ball3_Clear.mp4,61 frames,
44,2,19,4.0,Clear,72819.0,success,44_set2_rally19_ball4_Clear.mp4,61 frames,
44,2,19,5.0,Clear,72852.0,success,44_set2_rally19_ball5_Clear.mp4,61 frames,
44,2,20,7.0,Smash,73687.0,success,44_set2_rally20_ball7_Smash.mp4,61 frames,
44,2,23,4.0,Smash,75882.0,success,44_set2_rally23_ball4_Smash.mp4,61 frames,
44,3,1,8.0,Smash,80991.0,success,44_set3_rally1_ball8_Smash.mp4,61 frames,
44,3,2,13.0,Clear,81974.0,success,44_set3_rally2_ball13_Clear.mp4,61 frames,
44,3,3,2.0,Smash,82772.0,success,44_set3_rally3_ball2_Smash.mp4,61 frames,
44,3,4,3.0,Smash,83338.0,success,44_set3_rally4_ball3_Smash.mp4,61 frames,
44,3,4,13.0,Smash,83616.0,success,44_set3_rally4_ball13_Smash.mp4,61 frames,
44,3,6,4.0,Smash,85469.0,success,44_set3_rally6_ball4_Smash.mp4,61 frames,
44,3,6,6.0,Smash,85511.0,success,44_set3_rally6_ball6_Smash.mp4,61 frames,
44,3,7,7.0,Smash,86350.0,success,44_set3_rally7_ball7_Smash.mp4,61 frames,
44,3,7,11.0,Smash,86459.0,success,44_set3_rally7_ball11_Smash.mp4,61 frames,
44,3,8,10.0,Smash,87545.0,success,44_set3_rally8_ball10_Smash.mp4,61 frames,
44,3,8,15.0,Clear,87658.0,success,44_set3_rally8_ball15_Clear.mp4,61 frames,
44,3,8,19.0,Clear,87790.0,success,44_set3_rally8_ball19_Clear.mp4,61 frames,
44,3,10,5.0,Smash,90142.0,success,44_set3_rally10_ball5_Smash.mp4,61 frames,
44,3,11,2.0,Smash,91006.0,success,44_set3_rally11_ball2_Smash.mp4,61 frames,
44,3,12,7.0,Smash,92096.0,success,44_set3_rally12_ball7_Smash.mp4,61 frames,
44,3,14,2.0,Smash,94315.0,success,44_set3_rally14_ball2_Smash.mp4,61 frames,
44,3,14,5.0,Clear,94386.0,success,44_set3_rally14_ball5_Clear.mp4,61 frames,
44,3,14,10.0,Smash,94497.0,success,44_set3_rally14_ball10_Smash.mp4,61 frames,
44,3,14,17.0,Smash,94682.0,success,44_set3_rally14_ball17_Smash.mp4,61 frames,
44,3,16,5.0,Clear,96587.0,success,44_set3_rally16_ball5_Clear.mp4,61 frames,
44,3,16,6.0,Smash,96617.0,success,44_set3_rally16_ball6_Smash.mp4,61 frames,
44,3,16,14.0,Clear,96851.0,success,44_set3_rally16_ball14_Clear.mp4,61 frames,
44,3,19,5.0,Smash,100069.0,success,44_set3_rally19_ball5_Smash.mp4,61 frames,
44,3,19,9.0,Smash,100175.0,success,44_set3_rally19_ball9_Smash.mp4,61 frames,
44,3,21,7.0,Clear,103774.0,success,44_set3_rally21_ball7_Clear.mp4,61 frames,
44,3,21,8.0,Smash,103816.0,success,44_set3_rally21_ball8_Smash.mp4,61 frames,
44,3,21,12.0,Clear,103922.0,success,44_set3_rally21_ball12_Clear.mp4,61 frames,
44,3,21,13.0,Smash,103961.0,success,44_set3_rally21_ball13_Smash.mp4,61 frames,
44,3,22,9.0,Smash,105316.0,success,44_set3_rally22_ball9_Smash.mp4,61 frames,
44,3,23,3.0,Smash,106318.0,success,44_set3_rally23_ball3_Smash.mp4,61 frames,
44,3,25,9.0,Smash,107894.0,success,44_set3_rally25_ball9_Smash.mp4,61 frames,
44,3,27,4.0,Smash,109909.0,success,44_set3_rally27_ball4_Smash.mp4,61 frames,
44,3,27,8.0,Smash,109983.0,success,44_set3_rally27_ball8_Smash.mp4,61 frames,
44,3,28,6.0,Smash,110865.0,success,44_set3_rally28_ball6_Smash.mp4,61 frames,
44,3,29,8.0,Smash,111779.0,success,44_set3_rally29_ball8_Smash.mp4,61 frames,
44,3,29,12.0,Smash,111855.0,success,44_set3_rally29_ball12_Smash.mp4,61 frames,
44,3,29,16.0,Clear,111970.0,success,44_set3_rally29_ball16_Clear.mp4,61 frames,
44,3,29,17.0,Smash,112011.0,success,44_set3_rally29_ball17_Smash.mp4,61 frames,
44,3,30,8.0,Smash,113142.0,success,44_set3_rally30_ball8_Smash.mp4,61 frames,
44,3,31,3.0,Clear,113941.0,success,44_set3_rally31_ball3_Clear.mp4,61 frames,
44,3,31,4.0,Smash,113977.0,success,44_set3_rally31_ball4_Smash.mp4,61 frames,
44,3,31,10.0,Smash,114134.0,success,44_set3_rally31_ball10_Smash.mp4,61 frames,
44,3,33,2.0,Smash,116331.0,success,44_set3_rally33_ball2_Smash.mp4,61 frames,
44,3,33,5.0,Smash,116409.0,success,44_set3_rally33_ball5_Smash.mp4,61 frames,
44,3,33,14.0,Clear,116623.0,success,44_set3_rally33_ball14_Clear.mp4,61 frames,
44,3,33,17.0,Smash,116713.0,success,44_set3_rally33_ball17_Smash.mp4,61 frames,
44,3,33,26.0,Clear,116971.0,success,44_set3_rally33_ball26_Clear.mp4,61 frames,
44,3,33,31.0,Smash,117117.0,success,44_set3_rally33_ball31_Smash.mp4,61 frames,
44,3,33,34.0,Clear,117198.0,success,44_set3_rally33_ball34_Clear.mp4,61 frames,
44,3,33,35.0,Smash,117243.0,success,44_set3_rally33_ball35_Smash.mp4,61 frames,
44,3,35,2.0,Smash,119696.0,success,44_set3_rally35_ball2_Smash.mp4,61 frames,
44,3,35,7.0,Smash,119824.0,success,44_set3_rally35_ball7_Smash.mp4,61 frames,
44,3,35,11.0,Smash,119930.0,success,44_set3_rally35_ball11_Smash.mp4,61 frames,
44,3,35,14.0,Smash,120003.0,success,44_set3_rally35_ball14_Smash.mp4,61 frames,
44,3,35,20.0,Smash,120155.0,success,44_set3_rally35_ball20_Smash.mp4,61 frames,
44,3,35,23.0,Clear,120237.0,success,44_set3_rally35_ball23_Clear.mp4,61 frames,
44,3,35,24.0,Smash,120270.0,success,44_set3_rally35_ball24_Smash.mp4,61 frames,
44,3,36,3.0,Smash,121175.0,success,44_set3_rally36_ball3_Smash.mp4,61 frames,
44,3,36,7.0,Smash,121275.0,success,44_set3_rally36_ball7_Smash.mp4,61 frames,
44,3,37,7.0,Smash,122301.0,success,44_set3_rally37_ball7_Smash.mp4,61 frames,
44,3,37,9.0,Smash,122345.0,success,44_set3_rally37_ball9_Smash.mp4,61 frames,
