clip_name,stroke_type,old_valid_pct,new_valid_pct,method,status
01_set1_rally1_ball2_Clear.mp4,Clear,45.09803921568628,76.47058823529412,fallback_low_threshold,fixed
01_set1_rally19_ball6_Clear.mp4,Clear,45.09803921568628,72.54901960784314,fallback_low_threshold,fixed
01_set1_rally30_ball17_Clear.mp4,Clear,49.01960784313725,70.58823529411765,fallback_low_threshold,fixed
01_set2_rally1_ball4_Smash.mp4,Smash,9.803921568627452,86.27450980392157,fallback_low_threshold,fixed
01_set2_rally10_ball11_Clear.mp4,Clear,3.92156862745098,43.13725490196079,ultra_low_threshold,partial
01_set3_rally29_ball8_Clear.mp4,Clear,37.25490196078432,86.27450980392157,fallback_low_threshold,fixed
01_set3_rally29_ball9_Smash.mp4,Smash,7.84313725490196,70.58823529411765,fallback_low_threshold,fixed
01_set3_rally30_ball18_Clear.mp4,Clear,0.0,74.50980392156863,fallback_low_threshold,fixed
01_set3_rally30_ball19_Smash.mp4,Smash,0.0,80.3921568627451,fallback_low_threshold,fixed
01_set3_rally31_ball5_Clear.mp4,Clear,49.01960784313725,90.19607843137256,fallback_low_threshold,fixed
01_set3_rally31_ball10_Clear.mp4,Clear,23.52941176470588,78.43137254901961,ultra_low_threshold,fixed
01_set3_rally37_ball5_Smash.mp4,Smash,11.76470588235294,82.35294117647058,ultra_low_threshold,fixed
01_set3_rally38_ball8_Smash.mp4,Smash,45.09803921568628,84.31372549019608,fallback_low_threshold,fixed
02_set2_rally9_ball21_Smash.mp4,Smash,37.25490196078432,68.62745098039215,fallback_low_threshold,fixed
02_set2_rally35_ball10_Smash.mp4,Smash,41.17647058823529,74.50980392156863,fallback_low_threshold,fixed
02_set2_rally37_ball6_Smash.mp4,Smash,43.13725490196079,86.27450980392157,fallback_low_threshold,fixed
05_set1_rally1_ball10_Clear.mp4,Clear,0.0,86.27450980392157,ultra_low_threshold,fixed
05_set1_rally6_ball26_Smash.mp4,Smash,0.0,84.31372549019608,fallback_low_threshold,fixed
05_set1_rally7_ball17_Clear.mp4,Clear,43.13725490196079,76.47058823529412,ultra_low_threshold,fixed
05_set1_rally7_ball21_Clear.mp4,Clear,41.17647058823529,58.82352941176471,fallback_low_threshold,fixed
05_set1_rally7_ball26_Clear.mp4,Clear,11.76470588235294,60.78431372549019,fallback_low_threshold,fixed
05_set1_rally11_ball5_Smash.mp4,Smash,3.92156862745098,100.0,fallback_low_threshold,fixed
05_set1_rally12_ball6_Smash.mp4,Smash,41.17647058823529,88.23529411764706,fallback_low_threshold,fixed
05_set1_rally12_ball21_Smash.mp4,Smash,0.0,98.0392156862745,fallback_low_threshold,fixed
05_set1_rally18_ball9_Clear.mp4,Clear,1.96078431372549,78.43137254901961,fallback_low_threshold,fixed
05_set1_rally18_ball13_Smash.mp4,Smash,3.92156862745098,72.54901960784314,fallback_low_threshold,fixed
05_set1_rally19_ball3_Clear.mp4,Clear,5.88235294117647,98.0392156862745,fallback_low_threshold,fixed
05_set1_rally20_ball12_Clear.mp4,Clear,0.0,82.35294117647058,fallback_low_threshold,fixed
05_set1_rally21_ball10_Smash.mp4,Smash,0.0,50.98039215686274,fallback_low_threshold,fixed
05_set1_rally21_ball12_Smash.mp4,Smash,0.0,80.3921568627451,fallback_low_threshold,fixed
05_set1_rally21_ball34_Clear.mp4,Clear,49.01960784313725,80.3921568627451,fallback_low_threshold,fixed
05_set1_rally23_ball5_Smash.mp4,Smash,39.21568627450981,68.62745098039215,fallback_low_threshold,fixed
05_set1_rally31_ball8_Clear.mp4,Clear,29.411764705882355,92.15686274509804,ultra_low_threshold,fixed
05_set1_rally31_ball18_Smash.mp4,Smash,0.0,70.58823529411765,fallback_low_threshold,fixed
05_set1_rally33_ball10_Clear.mp4,Clear,17.647058823529413,50.98039215686274,fallback_low_threshold,fixed
05_set2_rally4_ball11_Smash.mp4,Smash,9.803921568627452,70.58823529411765,fallback_low_threshold,fixed
05_set2_rally11_ball22_Clear.mp4,Clear,1.96078431372549,82.35294117647058,fallback_low_threshold,fixed
05_set2_rally16_ball4_Smash.mp4,Smash,5.88235294117647,100.0,fallback_low_threshold,fixed
05_set2_rally22_ball3_Clear.mp4,Clear,0.0,98.0392156862745,fallback_low_threshold,fixed
05_set2_rally24_ball3_Clear.mp4,Clear,27.450980392156865,70.58823529411765,fallback_low_threshold,fixed
05_set2_rally24_ball8_Clear.mp4,Clear,13.725490196078432,70.58823529411765,ultra_low_threshold,fixed
05_set2_rally24_ball9_Smash.mp4,Smash,0.0,72.54901960784314,fallback_low_threshold,fixed
05_set3_rally1_ball11_Smash.mp4,Smash,47.05882352941176,94.11764705882352,fallback_low_threshold,fixed
05_set3_rally3_ball22_Clear.mp4,Clear,43.13725490196079,66.66666666666666,fallback_low_threshold,fixed
05_set3_rally6_ball19_Clear.mp4,Clear,0.0,58.82352941176471,fallback_low_threshold,fixed
05_set3_rally6_ball20_Smash.mp4,Smash,19.607843137254903,82.35294117647058,fallback_low_threshold,fixed
05_set3_rally12_ball7_Smash.mp4,Smash,11.76470588235294,74.50980392156863,fallback_low_threshold,fixed
05_set3_rally13_ball5_Smash.mp4,Smash,47.05882352941176,78.43137254901961,fallback_low_threshold,fixed
05_set3_rally18_ball8_Clear.mp4,Clear,11.76470588235294,96.07843137254902,fallback_low_threshold,fixed
05_set3_rally37_ball18_Clear.mp4,Clear,45.09803921568628,66.66666666666666,fallback_low_threshold,fixed
06_set3_rally20_ball7_Smash.mp4,Smash,0.0,23.52941176470588,fallback_low_threshold,partial
07_set2_rally7_ball4_Smash.mp4,Smash,49.01960784313725,80.3921568627451,fallback_low_threshold,fixed
07_set2_rally10_ball18_Clear.mp4,Clear,33.33333333333333,62.745098039215684,fallback_low_threshold,fixed
07_set2_rally11_ball4_Clear.mp4,Clear,47.05882352941176,100.0,fallback_low_threshold,fixed
07_set2_rally25_ball14_Clear.mp4,Clear,17.647058823529413,96.07843137254902,fallback_low_threshold,fixed
07_set2_rally27_ball13_Smash.mp4,Smash,45.09803921568628,74.50980392156863,fallback_low_threshold,fixed
08_set1_rally1_ball10_Smash.mp4,Smash,0.0,50.98039215686274,ultra_low_threshold,fixed
08_set1_rally1_ball16_Clear.mp4,Clear,0.0,45.09803921568628,ultra_low_threshold,partial
08_set1_rally1_ball19_Smash.mp4,Smash,0.0,52.94117647058824,ultra_low_threshold,fixed
08_set1_rally2_ball5_Smash.mp4,Smash,0.0,43.13725490196079,ultra_low_threshold,partial
08_set1_rally2_ball9_Clear.mp4,Clear,0.0,66.66666666666666,fallback_low_threshold,fixed
08_set1_rally2_ball10_Smash.mp4,Smash,0.0,70.58823529411765,ultra_low_threshold,fixed
08_set1_rally2_ball19_Smash.mp4,Smash,5.88235294117647,92.15686274509804,fallback_low_threshold,fixed
08_set1_rally5_ball4_Clear.mp4,Clear,0.0,25.49019607843137,ultra_low_threshold,partial
08_set1_rally7_ball5_Clear.mp4,Clear,0.0,54.90196078431373,ultra_low_threshold,fixed
08_set1_rally7_ball6_Smash.mp4,Smash,0.0,45.09803921568628,ultra_low_threshold,partial
08_set1_rally9_ball7_Smash.mp4,Smash,0.0,98.0392156862745,ultra_low_threshold,fixed
08_set1_rally11_ball7_Clear.mp4,Clear,0.0,68.62745098039215,fallback_low_threshold,fixed
08_set1_rally11_ball8_Clear.mp4,Clear,0.0,94.11764705882352,ultra_low_threshold,fixed
08_set1_rally11_ball9_Clear.mp4,Clear,0.0,64.70588235294117,fallback_low_threshold,fixed
08_set1_rally11_ball13_Clear.mp4,Clear,0.0,29.411764705882355,ultra_low_threshold,partial
08_set1_rally11_ball14_Clear.mp4,Clear,0.0,49.01960784313725,ultra_low_threshold,partial
08_set1_rally11_ball18_Clear.mp4,Clear,0.0,23.52941176470588,ultra_low_threshold,partial
08_set1_rally11_ball19_Clear.mp4,Clear,0.0,60.78431372549019,ultra_low_threshold,fixed
08_set1_rally11_ball24_Clear.mp4,Clear,45.09803921568628,90.19607843137256,ultra_low_threshold,fixed
08_set1_rally14_ball2_Smash.mp4,Smash,0.0,58.82352941176471,fallback_low_threshold,fixed
08_set1_rally15_ball6_Smash.mp4,Smash,0.0,70.58823529411765,ultra_low_threshold,fixed
08_set1_rally16_ball2_Clear.mp4,Clear,0.0,13.725490196078432,ultra_low_threshold,partial
08_set1_rally16_ball3_Clear.mp4,Clear,0.0,98.0392156862745,ultra_low_threshold,fixed
08_set1_rally17_ball8_Smash.mp4,Smash,0.0,86.27450980392157,ultra_low_threshold,fixed
08_set1_rally18_ball3_Clear.mp4,Clear,1.96078431372549,78.43137254901961,ultra_low_threshold,fixed
08_set1_rally18_ball6_Clear.mp4,Clear,0.0,100.0,ultra_low_threshold,fixed
08_set1_rally19_ball4_Clear.mp4,Clear,0.0,9.803921568627452,ultra_low_threshold,partial
08_set1_rally19_ball10_Smash.mp4,Smash,0.0,39.21568627450981,ultra_low_threshold,partial
08_set1_rally22_ball2_Clear.mp4,Clear,0.0,35.294117647058826,ultra_low_threshold,partial
08_set1_rally22_ball3_Clear.mp4,Clear,0.0,58.82352941176471,ultra_low_threshold,fixed
08_set1_rally23_ball4_Clear.mp4,Clear,0.0,58.82352941176471,ultra_low_threshold,fixed
08_set1_rally23_ball5_Clear.mp4,Clear,0.0,64.70588235294117,ultra_low_threshold,fixed
08_set1_rally23_ball6_Clear.mp4,Clear,0.0,84.31372549019608,ultra_low_threshold,fixed
08_set1_rally23_ball11_Clear.mp4,Clear,0.0,43.13725490196079,ultra_low_threshold,partial
08_set1_rally23_ball12_Clear.mp4,Clear,0.0,49.01960784313725,ultra_low_threshold,partial
08_set1_rally24_ball2_Clear.mp4,Clear,0.0,31.372549019607842,ultra_low_threshold,partial
08_set1_rally25_ball5_Clear.mp4,Clear,0.0,50.98039215686274,ultra_low_threshold,fixed
08_set1_rally25_ball8_Smash.mp4,Smash,0.0,31.372549019607842,ultra_low_threshold,partial
08_set1_rally25_ball16_Clear.mp4,Clear,0.0,72.54901960784314,ultra_low_threshold,fixed
08_set1_rally25_ball17_Clear.mp4,Clear,0.0,33.33333333333333,ultra_low_threshold,partial
08_set1_rally26_ball4_Clear.mp4,Clear,0.0,43.13725490196079,ultra_low_threshold,partial
08_set1_rally26_ball5_Smash.mp4,Smash,0.0,25.49019607843137,ultra_low_threshold,partial
08_set1_rally27_ball9_Clear.mp4,Clear,15.68627450980392,96.07843137254902,fallback_low_threshold,fixed
08_set1_rally28_ball4_Clear.mp4,Clear,0.0,39.21568627450981,ultra_low_threshold,partial
08_set1_rally29_ball4_Clear.mp4,Clear,0.0,64.70588235294117,fallback_low_threshold,fixed
08_set1_rally30_ball3_Clear.mp4,Clear,3.92156862745098,64.70588235294117,fallback_low_threshold,fixed
08_set1_rally30_ball4_Smash.mp4,Smash,0.0,29.411764705882355,fallback_low_threshold,partial
08_set2_rally3_ball15_Clear.mp4,Clear,47.05882352941176,96.07843137254902,ultra_low_threshold,fixed
08_set2_rally3_ball22_Clear.mp4,Clear,33.33333333333333,66.66666666666666,ultra_low_threshold,fixed
08_set2_rally3_ball23_Smash.mp4,Smash,49.01960784313725,90.19607843137256,ultra_low_threshold,fixed
08_set2_rally3_ball26_Clear.mp4,Clear,0.0,52.94117647058824,ultra_low_threshold,fixed
08_set2_rally3_ball31_Clear.mp4,Clear,0.0,84.31372549019608,fallback_low_threshold,fixed
08_set2_rally3_ball32_Clear.mp4,Clear,3.92156862745098,74.50980392156863,fallback_low_threshold,fixed
08_set2_rally3_ball40_Smash.mp4,Smash,47.05882352941176,54.90196078431373,ultra_low_threshold,fixed
08_set2_rally4_ball6_Smash.mp4,Smash,1.96078431372549,78.43137254901961,fallback_low_threshold,fixed
08_set2_rally5_ball8_Smash.mp4,Smash,1.96078431372549,74.50980392156863,fallback_low_threshold,fixed
08_set2_rally8_ball5_Smash.mp4,Smash,5.88235294117647,64.70588235294117,ultra_low_threshold,fixed
08_set2_rally9_ball6_Clear.mp4,Clear,3.92156862745098,54.90196078431373,ultra_low_threshold,fixed
08_set2_rally9_ball7_Smash.mp4,Smash,5.88235294117647,45.09803921568628,ultra_low_threshold,partial
08_set2_rally9_ball18_Smash.mp4,Smash,5.88235294117647,50.98039215686274,fallback_low_threshold,fixed
08_set2_rally10_ball11_Smash.mp4,Smash,0.0,66.66666666666666,ultra_low_threshold,fixed
08_set2_rally14_ball4_Clear.mp4,Clear,21.568627450980394,64.70588235294117,fallback_low_threshold,fixed
08_set2_rally19_ball13_Clear.mp4,Clear,0.0,52.94117647058824,fallback_low_threshold,fixed
08_set2_rally19_ball14_Clear.mp4,Clear,0.0,58.82352941176471,ultra_low_threshold,fixed
08_set2_rally19_ball15_Smash.mp4,Smash,3.92156862745098,82.35294117647058,ultra_low_threshold,fixed
08_set2_rally20_ball15_Clear.mp4,Clear,19.607843137254903,88.23529411764706,ultra_low_threshold,fixed
08_set2_rally20_ball22_Smash.mp4,Smash,1.96078431372549,60.78431372549019,ultra_low_threshold,fixed
08_set2_rally22_ball3_Clear.mp4,Clear,49.01960784313725,80.3921568627451,ultra_low_threshold,fixed
08_set2_rally22_ball23_Clear.mp4,Clear,33.33333333333333,50.98039215686274,fallback_low_threshold,fixed
08_set2_rally33_ball3_Smash.mp4,Smash,13.725490196078432,96.07843137254902,ultra_low_threshold,fixed
09_set1_rally1_ball4_Smash.mp4,Smash,0.0,35.294117647058826,ultra_low_threshold,partial
09_set1_rally1_ball7_Clear.mp4,Clear,0.0,25.49019607843137,ultra_low_threshold,partial
09_set1_rally3_ball3_Clear.mp4,Clear,0.0,68.62745098039215,ultra_low_threshold,fixed
09_set1_rally3_ball4_Clear.mp4,Clear,0.0,54.90196078431373,ultra_low_threshold,fixed
09_set1_rally3_ball5_Clear.mp4,Clear,0.0,23.52941176470588,ultra_low_threshold,partial
09_set1_rally3_ball9_Clear.mp4,Clear,0.0,9.803921568627452,ultra_low_threshold,partial
09_set1_rally4_ball3_Smash.mp4,Smash,0.0,64.70588235294117,ultra_low_threshold,fixed
09_set1_rally6_ball5_Clear.mp4,Clear,0.0,58.82352941176471,ultra_low_threshold,fixed
09_set1_rally6_ball6_Smash.mp4,Smash,0.0,60.78431372549019,ultra_low_threshold,fixed
09_set1_rally7_ball4_Clear.mp4,Clear,0.0,0.0,none,still_failed
09_set1_rally7_ball10_Clear.mp4,Clear,0.0,7.8431372549019605,fallback_low_threshold,partial
09_set1_rally8_ball5_Smash.mp4,Smash,0.0,21.568627450980394,ultra_low_threshold,partial
09_set2_rally6_ball4_Smash.mp4,Smash,0.0,78.43137254901961,ultra_low_threshold,fixed
10_set1_rally1_ball7_Clear.mp4,Clear,9.803921568627452,35.294117647058826,ultra_low_threshold,partial
10_set1_rally2_ball5_Clear.mp4,Clear,0.0,50.98039215686274,ultra_low_threshold,fixed
10_set1_rally3_ball3_Clear.mp4,Clear,33.33333333333333,54.90196078431373,ultra_low_threshold,fixed
10_set1_rally3_ball10_Clear.mp4,Clear,0.0,94.11764705882352,fallback_low_threshold,fixed
10_set1_rally4_ball7_Clear.mp4,Clear,0.0,72.54901960784314,fallback_low_threshold,fixed
10_set1_rally4_ball8_Smash.mp4,Smash,0.0,86.27450980392157,fallback_low_threshold,fixed
10_set1_rally4_ball11_Smash.mp4,Smash,0.0,84.31372549019608,fallback_low_threshold,fixed
10_set1_rally33_ball17_Smash.mp4,Smash,23.52941176470588,82.35294117647058,ultra_low_threshold,fixed
11_set1_rally1_ball10_Clear.mp4,Clear,13.725490196078432,56.86274509803921,fallback_low_threshold,fixed
11_set1_rally1_ball11_Clear.mp4,Clear,0.0,94.11764705882352,ultra_low_threshold,fixed
11_set1_rally1_ball12_Clear.mp4,Clear,0.0,98.0392156862745,ultra_low_threshold,fixed
11_set1_rally2_ball9_Smash.mp4,Smash,0.0,96.07843137254902,ultra_low_threshold,fixed
11_set1_rally3_ball5_Smash.mp4,Smash,0.0,100.0,ultra_low_threshold,fixed
11_set1_rally4_ball3_Clear.mp4,Clear,0.0,96.07843137254902,ultra_low_threshold,fixed
11_set1_rally4_ball4_Smash.mp4,Smash,0.0,98.0392156862745,ultra_low_threshold,fixed
11_set1_rally5_ball10_Smash.mp4,Smash,0.0,98.0392156862745,ultra_low_threshold,fixed
11_set1_rally6_ball5_Smash.mp4,Smash,0.0,100.0,ultra_low_threshold,fixed
11_set1_rally9_ball8_Smash.mp4,Smash,0.0,98.0392156862745,ultra_low_threshold,fixed
11_set1_rally10_ball8_Smash.mp4,Smash,0.0,100.0,ultra_low_threshold,fixed
11_set1_rally11_ball2_Clear.mp4,Clear,9.803921568627452,82.35294117647058,ultra_low_threshold,fixed
11_set1_rally12_ball3_Smash.mp4,Smash,0.0,96.07843137254902,ultra_low_threshold,fixed
11_set1_rally13_ball5_Clear.mp4,Clear,0.0,100.0,ultra_low_threshold,fixed
11_set1_rally14_ball5_Clear.mp4,Clear,0.0,94.11764705882352,ultra_low_threshold,fixed
11_set1_rally16_ball6_Smash.mp4,Smash,0.0,98.0392156862745,ultra_low_threshold,fixed
11_set1_rally17_ball8_Clear.mp4,Clear,0.0,96.07843137254902,ultra_low_threshold,fixed
11_set1_rally17_ball13_Clear.mp4,Clear,0.0,98.0392156862745,ultra_low_threshold,fixed
11_set1_rally17_ball14_Clear.mp4,Clear,0.0,100.0,ultra_low_threshold,fixed
11_set1_rally17_ball15_Clear.mp4,Clear,0.0,98.0392156862745,ultra_low_threshold,fixed
11_set1_rally19_ball4_Clear.mp4,Clear,0.0,100.0,ultra_low_threshold,fixed
11_set1_rally20_ball11_Clear.mp4,Clear,0.0,98.0392156862745,ultra_low_threshold,fixed
11_set1_rally20_ball12_Smash.mp4,Smash,0.0,80.3921568627451,ultra_low_threshold,fixed
11_set1_rally20_ball15_Clear.mp4,Clear,0.0,98.0392156862745,ultra_low_threshold,fixed
11_set1_rally22_ball12_Smash.mp4,Smash,0.0,100.0,ultra_low_threshold,fixed
11_set1_rally23_ball12_Smash.mp4,Smash,0.0,100.0,ultra_low_threshold,fixed
11_set1_rally24_ball5_Smash.mp4,Smash,0.0,98.0392156862745,ultra_low_threshold,fixed
11_set1_rally25_ball14_Smash.mp4,Smash,0.0,100.0,ultra_low_threshold,fixed
11_set1_rally28_ball7_Clear.mp4,Clear,0.0,98.0392156862745,ultra_low_threshold,fixed
11_set1_rally28_ball8_Smash.mp4,Smash,0.0,96.07843137254902,ultra_low_threshold,fixed
11_set1_rally29_ball11_Smash.mp4,Smash,0.0,96.07843137254902,ultra_low_threshold,fixed
11_set1_rally31_ball4_Clear.mp4,Clear,0.0,98.0392156862745,ultra_low_threshold,fixed
11_set1_rally31_ball5_Clear.mp4,Clear,0.0,90.19607843137256,ultra_low_threshold,fixed
11_set1_rally31_ball6_Smash.mp4,Smash,0.0,100.0,ultra_low_threshold,fixed
11_set1_rally32_ball10_Clear.mp4,Clear,0.0,96.07843137254902,ultra_low_threshold,fixed
11_set1_rally33_ball5_Smash.mp4,Smash,0.0,96.07843137254902,ultra_low_threshold,fixed
11_set1_rally33_ball13_Clear.mp4,Clear,0.0,98.0392156862745,ultra_low_threshold,fixed
11_set1_rally33_ball14_Smash.mp4,Smash,0.0,94.11764705882352,ultra_low_threshold,fixed
11_set1_rally34_ball6_Smash.mp4,Smash,0.0,100.0,ultra_low_threshold,fixed
11_set1_rally34_ball16_Clear.mp4,Clear,0.0,100.0,ultra_low_threshold,fixed
11_set1_rally34_ball17_Clear.mp4,Clear,0.0,98.0392156862745,ultra_low_threshold,fixed
11_set1_rally34_ball18_Clear.mp4,Clear,0.0,100.0,ultra_low_threshold,fixed
11_set1_rally34_ball19_Clear.mp4,Clear,0.0,78.43137254901961,ultra_low_threshold,fixed
11_set1_rally34_ball20_Clear.mp4,Clear,0.0,88.23529411764706,ultra_low_threshold,fixed
11_set1_rally35_ball7_Smash.mp4,Smash,0.0,90.19607843137256,ultra_low_threshold,fixed
11_set1_rally35_ball12_Clear.mp4,Clear,0.0,98.0392156862745,ultra_low_threshold,fixed
11_set1_rally35_ball17_Smash.mp4,Smash,0.0,100.0,ultra_low_threshold,fixed
11_set1_rally37_ball14_Smash.mp4,Smash,0.0,96.07843137254902,ultra_low_threshold,fixed
11_set2_rally3_ball8_Clear.mp4,Clear,0.0,98.0392156862745,ultra_low_threshold,fixed
11_set2_rally3_ball9_Smash.mp4,Smash,0.0,80.3921568627451,ultra_low_threshold,fixed
11_set2_rally3_ball11_Smash.mp4,Smash,0.0,92.15686274509804,ultra_low_threshold,fixed
11_set2_rally3_ball13_Smash.mp4,Smash,0.0,84.31372549019608,ultra_low_threshold,fixed
11_set2_rally4_ball7_Clear.mp4,Clear,0.0,76.47058823529412,ultra_low_threshold,fixed
11_set2_rally4_ball12_Clear.mp4,Clear,0.0,92.15686274509804,ultra_low_threshold,fixed
11_set2_rally6_ball3_Clear.mp4,Clear,39.21568627450981,94.11764705882352,ultra_low_threshold,fixed
11_set2_rally6_ball7_Clear.mp4,Clear,0.0,96.07843137254902,ultra_low_threshold,fixed
11_set2_rally6_ball8_Smash.mp4,Smash,0.0,54.90196078431373,fallback_low_threshold,fixed
11_set2_rally7_ball6_Smash.mp4,Smash,0.0,82.35294117647058,ultra_low_threshold,fixed
11_set2_rally10_ball5_Smash.mp4,Smash,0.0,94.11764705882352,ultra_low_threshold,fixed
11_set2_rally11_ball6_Clear.mp4,Clear,0.0,84.31372549019608,ultra_low_threshold,fixed
11_set2_rally11_ball7_Smash.mp4,Smash,0.0,86.27450980392157,ultra_low_threshold,fixed
11_set2_rally11_ball13_Smash.mp4,Smash,0.0,74.50980392156863,ultra_low_threshold,fixed
11_set2_rally11_ball19_Smash.mp4,Smash,0.0,45.09803921568628,ultra_low_threshold,partial
11_set2_rally12_ball3_Smash.mp4,Smash,0.0,58.82352941176471,ultra_low_threshold,fixed
11_set2_rally14_ball6_Smash.mp4,Smash,0.0,58.82352941176471,ultra_low_threshold,fixed
11_set2_rally15_ball4_Smash.mp4,Smash,0.0,72.54901960784314,ultra_low_threshold,fixed
11_set2_rally15_ball10_Smash.mp4,Smash,0.0,98.0392156862745,ultra_low_threshold,fixed
11_set2_rally16_ball7_Smash.mp4,Smash,0.0,92.15686274509804,ultra_low_threshold,fixed
11_set2_rally18_ball5_Smash.mp4,Smash,0.0,96.07843137254902,ultra_low_threshold,fixed
11_set2_rally18_ball10_Smash.mp4,Smash,0.0,76.47058823529412,fallback_low_threshold,fixed
11_set2_rally18_ball14_Smash.mp4,Smash,0.0,88.23529411764706,ultra_low_threshold,fixed
11_set2_rally21_ball8_Clear.mp4,Clear,0.0,92.15686274509804,ultra_low_threshold,fixed
11_set2_rally21_ball9_Smash.mp4,Smash,0.0,100.0,ultra_low_threshold,fixed
11_set2_rally21_ball18_Smash.mp4,Smash,0.0,96.07843137254902,ultra_low_threshold,fixed
11_set2_rally24_ball22_Smash.mp4,Smash,0.0,100.0,ultra_low_threshold,fixed
11_set2_rally25_ball5_Smash.mp4,Smash,0.0,100.0,ultra_low_threshold,fixed
11_set2_rally25_ball10_Smash.mp4,Smash,0.0,88.23529411764706,ultra_low_threshold,fixed
11_set2_rally27_ball4_Smash.mp4,Smash,0.0,62.745098039215684,ultra_low_threshold,fixed
11_set2_rally28_ball2_Clear.mp4,Clear,1.96078431372549,84.31372549019608,ultra_low_threshold,fixed
11_set2_rally28_ball11_Smash.mp4,Smash,0.0,86.27450980392157,ultra_low_threshold,fixed
11_set2_rally29_ball11_Clear.mp4,Clear,0.0,88.23529411764706,ultra_low_threshold,fixed
11_set2_rally29_ball12_Clear.mp4,Clear,0.0,82.35294117647058,ultra_low_threshold,fixed
11_set2_rally29_ball13_Clear.mp4,Clear,0.0,98.0392156862745,ultra_low_threshold,fixed
11_set2_rally29_ball14_Clear.mp4,Clear,0.0,52.94117647058824,ultra_low_threshold,fixed
11_set2_rally31_ball5_Smash.mp4,Smash,0.0,92.15686274509804,ultra_low_threshold,fixed
11_set2_rally32_ball13_Clear.mp4,Clear,0.0,100.0,ultra_low_threshold,fixed
11_set2_rally32_ball17_Smash.mp4,Smash,0.0,100.0,ultra_low_threshold,fixed
11_set2_rally32_ball22_Smash.mp4,Smash,0.0,64.70588235294117,ultra_low_threshold,fixed
11_set2_rally33_ball6_Smash.mp4,Smash,5.88235294117647,100.0,ultra_low_threshold,fixed
11_set2_rally35_ball15_Clear.mp4,Clear,0.0,98.0392156862745,ultra_low_threshold,fixed
11_set2_rally35_ball28_Smash.mp4,Smash,0.0,80.3921568627451,ultra_low_threshold,fixed
11_set2_rally35_ball34_Smash.mp4,Smash,0.0,100.0,ultra_low_threshold,fixed
11_set2_rally35_ball40_Clear.mp4,Clear,0.0,68.62745098039215,ultra_low_threshold,fixed
11_set2_rally35_ball44_Clear.mp4,Clear,0.0,94.11764705882352,ultra_low_threshold,fixed
11_set2_rally36_ball2_Smash.mp4,Smash,15.68627450980392,84.31372549019608,ultra_low_threshold,fixed
11_set2_rally36_ball8_Smash.mp4,Smash,0.0,98.0392156862745,ultra_low_threshold,fixed
11_set2_rally36_ball15_Clear.mp4,Clear,0.0,96.07843137254902,ultra_low_threshold,fixed
11_set2_rally36_ball16_Clear.mp4,Clear,0.0,92.15686274509804,ultra_low_threshold,fixed
11_set2_rally36_ball17_Clear.mp4,Clear,0.0,100.0,ultra_low_threshold,fixed
11_set2_rally36_ball24_Clear.mp4,Clear,0.0,96.07843137254902,ultra_low_threshold,fixed
11_set2_rally36_ball28_Clear.mp4,Clear,0.0,92.15686274509804,ultra_low_threshold,fixed
11_set2_rally37_ball6_Smash.mp4,Smash,0.0,82.35294117647058,ultra_low_threshold,fixed
11_set3_rally1_ball8_Clear.mp4,Clear,0.0,96.07843137254902,ultra_low_threshold,fixed
11_set3_rally1_ball9_Smash.mp4,Smash,0.0,98.0392156862745,ultra_low_threshold,fixed
11_set3_rally1_ball18_Clear.mp4,Clear,0.0,100.0,ultra_low_threshold,fixed
11_set3_rally2_ball10_Clear.mp4,Clear,0.0,98.0392156862745,ultra_low_threshold,fixed
11_set3_rally2_ball11_Clear.mp4,Clear,0.0,90.19607843137256,ultra_low_threshold,fixed
11_set3_rally2_ball12_Smash.mp4,Smash,0.0,100.0,ultra_low_threshold,fixed
11_set3_rally3_ball4_Smash.mp4,Smash,0.0,100.0,ultra_low_threshold,fixed
11_set3_rally4_ball3_Smash.mp4,Smash,0.0,86.27450980392157,ultra_low_threshold,fixed
11_set3_rally5_ball4_Clear.mp4,Clear,0.0,90.19607843137256,ultra_low_threshold,fixed
11_set3_rally5_ball5_Smash.mp4,Smash,0.0,86.27450980392157,ultra_low_threshold,fixed
11_set3_rally6_ball16_Clear.mp4,Clear,0.0,90.19607843137256,ultra_low_threshold,fixed
11_set3_rally6_ball20_Clear.mp4,Clear,0.0,80.3921568627451,ultra_low_threshold,fixed
11_set3_rally6_ball21_Smash.mp4,Smash,0.0,78.43137254901961,ultra_low_threshold,fixed
11_set3_rally7_ball10_Smash.mp4,Smash,0.0,86.27450980392157,ultra_low_threshold,fixed
11_set3_rally7_ball13_Clear.mp4,Clear,0.0,78.43137254901961,ultra_low_threshold,fixed
11_set3_rally7_ball14_Clear.mp4,Clear,0.0,86.27450980392157,ultra_low_threshold,fixed
11_set3_rally7_ball15_Smash.mp4,Smash,0.0,70.58823529411765,ultra_low_threshold,fixed
11_set3_rally7_ball18_Clear.mp4,Clear,0.0,70.58823529411765,ultra_low_threshold,fixed
11_set3_rally10_ball9_Smash.mp4,Smash,0.0,74.50980392156863,ultra_low_threshold,fixed
11_set3_rally10_ball13_Smash.mp4,Smash,0.0,90.19607843137256,ultra_low_threshold,fixed
11_set3_rally10_ball18_Smash.mp4,Smash,0.0,88.23529411764706,ultra_low_threshold,fixed
11_set3_rally13_ball10_Smash.mp4,Smash,0.0,50.98039215686274,fallback_low_threshold,fixed
11_set3_rally13_ball14_Clear.mp4,Clear,0.0,64.70588235294117,fallback_low_threshold,fixed
11_set3_rally13_ball15_Clear.mp4,Clear,0.0,90.19607843137256,ultra_low_threshold,fixed
11_set3_rally14_ball4_Clear.mp4,Clear,0.0,80.3921568627451,ultra_low_threshold,fixed
11_set3_rally14_ball5_Clear.mp4,Clear,0.0,64.70588235294117,fallback_low_threshold,fixed
11_set3_rally14_ball6_Smash.mp4,Smash,0.0,90.19607843137256,ultra_low_threshold,fixed
11_set3_rally14_ball10_Clear.mp4,Clear,0.0,86.27450980392157,ultra_low_threshold,fixed
11_set3_rally14_ball11_Smash.mp4,Smash,0.0,100.0,ultra_low_threshold,fixed
11_set3_rally14_ball13_Clear.mp4,Clear,0.0,78.43137254901961,ultra_low_threshold,fixed
11_set3_rally14_ball14_Clear.mp4,Clear,0.0,94.11764705882352,ultra_low_threshold,fixed
11_set3_rally14_ball22_Clear.mp4,Clear,0.0,92.15686274509804,ultra_low_threshold,fixed
11_set3_rally14_ball23_Smash.mp4,Smash,0.0,82.35294117647058,ultra_low_threshold,fixed
11_set3_rally16_ball3_Smash.mp4,Smash,0.0,86.27450980392157,ultra_low_threshold,fixed
11_set3_rally17_ball10_Clear.mp4,Clear,0.0,88.23529411764706,fallback_low_threshold,fixed
11_set3_rally17_ball16_Clear.mp4,Clear,0.0,70.58823529411765,fallback_low_threshold,fixed
11_set3_rally17_ball17_Clear.mp4,Clear,0.0,50.98039215686274,fallback_low_threshold,fixed
11_set3_rally20_ball4_Smash.mp4,Smash,0.0,86.27450980392157,ultra_low_threshold,fixed
11_set3_rally20_ball14_Smash.mp4,Smash,0.0,82.35294117647058,ultra_low_threshold,fixed
11_set3_rally21_ball7_Clear.mp4,Clear,1.96078431372549,58.82352941176471,fallback_low_threshold,fixed
11_set3_rally21_ball8_Clear.mp4,Clear,0.0,78.43137254901961,fallback_low_threshold,fixed
11_set3_rally21_ball9_Clear.mp4,Clear,3.92156862745098,78.43137254901961,fallback_low_threshold,fixed
11_set3_rally21_ball10_Smash.mp4,Smash,0.0,96.07843137254902,ultra_low_threshold,fixed
11_set3_rally24_ball4_Smash.mp4,Smash,11.76470588235294,96.07843137254902,ultra_low_threshold,fixed
11_set3_rally25_ball4_Smash.mp4,Smash,0.0,76.47058823529412,fallback_low_threshold,fixed
11_set3_rally27_ball7_Clear.mp4,Clear,1.96078431372549,84.31372549019608,fallback_low_threshold,fixed
11_set3_rally27_ball8_Smash.mp4,Smash,0.0,70.58823529411765,fallback_low_threshold,fixed
11_set3_rally27_ball12_Smash.mp4,Smash,0.0,74.50980392156863,ultra_low_threshold,fixed
11_set3_rally27_ball15_Clear.mp4,Clear,0.0,96.07843137254902,ultra_low_threshold,fixed
11_set3_rally27_ball16_Smash.mp4,Smash,0.0,92.15686274509804,ultra_low_threshold,fixed
11_set3_rally28_ball3_Clear.mp4,Clear,0.0,92.15686274509804,ultra_low_threshold,fixed
11_set3_rally29_ball5_Smash.mp4,Smash,0.0,60.78431372549019,fallback_low_threshold,fixed
11_set3_rally30_ball2_Smash.mp4,Smash,37.25490196078432,100.0,fallback_low_threshold,fixed
11_set3_rally31_ball3_Smash.mp4,Smash,0.0,68.62745098039215,fallback_low_threshold,fixed
11_set3_rally32_ball4_Clear.mp4,Clear,0.0,64.70588235294117,ultra_low_threshold,fixed
11_set3_rally32_ball13_Clear.mp4,Clear,0.0,94.11764705882352,ultra_low_threshold,fixed
11_set3_rally32_ball14_Smash.mp4,Smash,0.0,76.47058823529412,ultra_low_threshold,fixed
11_set3_rally32_ball30_Clear.mp4,Clear,0.0,76.47058823529412,ultra_low_threshold,fixed
11_set3_rally32_ball34_Clear.mp4,Clear,0.0,82.35294117647058,ultra_low_threshold,fixed
11_set3_rally32_ball35_Smash.mp4,Smash,0.0,78.43137254901961,ultra_low_threshold,fixed
11_set3_rally32_ball48_Clear.mp4,Clear,0.0,88.23529411764706,ultra_low_threshold,fixed
11_set3_rally33_ball7_Smash.mp4,Smash,0.0,92.15686274509804,ultra_low_threshold,fixed
11_set3_rally33_ball11_Clear.mp4,Clear,1.96078431372549,96.07843137254902,ultra_low_threshold,fixed
11_set3_rally33_ball12_Smash.mp4,Smash,0.0,88.23529411764706,ultra_low_threshold,fixed
11_set3_rally34_ball6_Clear.mp4,Clear,0.0,88.23529411764706,ultra_low_threshold,fixed
11_set3_rally34_ball7_Smash.mp4,Smash,0.0,96.07843137254902,ultra_low_threshold,fixed
13_set1_rally2_ball24_Clear.mp4,Clear,0.0,60.78431372549019,fallback_low_threshold,fixed
13_set1_rally2_ball25_Smash.mp4,Smash,21.568627450980394,96.07843137254902,ultra_low_threshold,fixed
13_set1_rally4_ball8_Clear.mp4,Clear,0.0,68.62745098039215,fallback_low_threshold,fixed
13_set1_rally4_ball9_Smash.mp4,Smash,0.0,56.86274509803921,fallback_low_threshold,fixed
13_set1_rally9_ball20_Clear.mp4,Clear,0.0,80.3921568627451,fallback_low_threshold,fixed
13_set1_rally9_ball24_Clear.mp4,Clear,5.88235294117647,78.43137254901961,fallback_low_threshold,fixed
13_set1_rally11_ball23_Clear.mp4,Clear,0.0,60.78431372549019,fallback_low_threshold,fixed
13_set1_rally13_ball11_Clear.mp4,Clear,0.0,74.50980392156863,fallback_low_threshold,fixed
13_set1_rally22_ball7_Clear.mp4,Clear,0.0,62.745098039215684,fallback_low_threshold,fixed
13_set1_rally23_ball6_Clear.mp4,Clear,0.0,94.11764705882352,fallback_low_threshold,fixed
13_set1_rally26_ball37_Clear.mp4,Clear,0.0,84.31372549019608,fallback_low_threshold,fixed
13_set1_rally26_ball41_Clear.mp4,Clear,0.0,62.745098039215684,fallback_low_threshold,fixed
13_set1_rally27_ball4_Clear.mp4,Clear,13.725490196078432,98.0392156862745,fallback_low_threshold,fixed
13_set1_rally28_ball7_Clear.mp4,Clear,13.725490196078432,88.23529411764706,fallback_low_threshold,fixed
13_set1_rally32_ball4_Clear.mp4,Clear,23.52941176470588,70.58823529411765,fallback_low_threshold,fixed
13_set2_rally3_ball7_Clear.mp4,Clear,0.0,66.66666666666666,fallback_low_threshold,fixed
13_set2_rally3_ball8_Clear.mp4,Clear,0.0,68.62745098039215,fallback_low_threshold,fixed
13_set2_rally3_ball9_Smash.mp4,Smash,5.88235294117647,80.3921568627451,fallback_low_threshold,fixed
13_set2_rally7_ball3_Smash.mp4,Smash,0.0,74.50980392156863,fallback_low_threshold,fixed
13_set2_rally9_ball12_Smash.mp4,Smash,0.0,82.35294117647058,fallback_low_threshold,fixed
13_set2_rally9_ball15_Smash.mp4,Smash,0.0,80.3921568627451,fallback_low_threshold,fixed
13_set2_rally14_ball6_Smash.mp4,Smash,0.0,76.47058823529412,fallback_low_threshold,fixed
13_set2_rally18_ball6_Smash.mp4,Smash,21.568627450980394,84.31372549019608,fallback_low_threshold,fixed
13_set2_rally27_ball22_Smash.mp4,Smash,0.0,78.43137254901961,fallback_low_threshold,fixed
13_set2_rally27_ball37_Clear.mp4,Clear,9.803921568627452,98.0392156862745,fallback_low_threshold,fixed
13_set2_rally27_ball42_Clear.mp4,Clear,15.68627450980392,86.27450980392157,fallback_low_threshold,fixed
13_set2_rally27_ball62_Clear.mp4,Clear,0.0,70.58823529411765,fallback_low_threshold,fixed
13_set2_rally27_ball63_Clear.mp4,Clear,0.0,72.54901960784314,fallback_low_threshold,fixed
13_set2_rally28_ball13_Clear.mp4,Clear,0.0,94.11764705882352,fallback_low_threshold,fixed
13_set2_rally28_ball14_Clear.mp4,Clear,0.0,84.31372549019608,fallback_low_threshold,fixed
13_set2_rally28_ball23_Clear.mp4,Clear,0.0,72.54901960784314,ultra_low_threshold,fixed
13_set2_rally29_ball3_Smash.mp4,Smash,0.0,84.31372549019608,fallback_low_threshold,fixed
13_set2_rally32_ball6_Clear.mp4,Clear,0.0,74.50980392156863,fallback_low_threshold,fixed
13_set2_rally32_ball7_Clear.mp4,Clear,0.0,80.3921568627451,fallback_low_threshold,fixed
14_set1_rally8_ball8_Clear.mp4,Clear,1.96078431372549,96.07843137254902,fallback_low_threshold,fixed
14_set1_rally14_ball7_Smash.mp4,Smash,0.0,96.07843137254902,fallback_low_threshold,fixed
14_set1_rally14_ball14_Smash.mp4,Smash,0.0,96.07843137254902,fallback_low_threshold,fixed
14_set1_rally14_ball19_Smash.mp4,Smash,1.96078431372549,98.0392156862745,fallback_low_threshold,fixed
14_set1_rally17_ball4_Clear.mp4,Clear,1.96078431372549,98.0392156862745,fallback_low_threshold,fixed
14_set1_rally17_ball11_Clear.mp4,Clear,43.13725490196079,98.0392156862745,fallback_low_threshold,fixed
14_set1_rally18_ball9_Clear.mp4,Clear,0.0,98.0392156862745,fallback_low_threshold,fixed
14_set1_rally21_ball10_Clear.mp4,Clear,0.0,96.07843137254902,fallback_low_threshold,fixed
14_set1_rally21_ball27_Clear.mp4,Clear,0.0,100.0,fallback_low_threshold,fixed
14_set1_rally21_ball28_Clear.mp4,Clear,0.0,100.0,fallback_low_threshold,fixed
14_set1_rally25_ball24_Clear.mp4,Clear,0.0,98.0392156862745,fallback_low_threshold,fixed
14_set1_rally25_ball27_Smash.mp4,Smash,0.0,100.0,fallback_low_threshold,fixed
14_set1_rally25_ball32_Clear.mp4,Clear,0.0,94.11764705882352,fallback_low_threshold,fixed
14_set1_rally25_ball33_Clear.mp4,Clear,0.0,100.0,fallback_low_threshold,fixed
14_set1_rally27_ball7_Clear.mp4,Clear,1.96078431372549,100.0,fallback_low_threshold,fixed
14_set1_rally32_ball4_Clear.mp4,Clear,0.0,100.0,fallback_low_threshold,fixed
14_set1_rally35_ball8_Clear.mp4,Clear,3.92156862745098,100.0,fallback_low_threshold,fixed
14_set2_rally2_ball6_Clear.mp4,Clear,1.96078431372549,96.07843137254902,fallback_low_threshold,fixed
14_set2_rally12_ball15_Clear.mp4,Clear,0.0,98.0392156862745,fallback_low_threshold,fixed
14_set2_rally12_ball28_Clear.mp4,Clear,0.0,100.0,fallback_low_threshold,fixed
14_set2_rally13_ball2_Clear.mp4,Clear,0.0,100.0,fallback_low_threshold,fixed
14_set2_rally13_ball10_Clear.mp4,Clear,0.0,96.07843137254902,fallback_low_threshold,fixed
14_set2_rally14_ball13_Clear.mp4,Clear,0.0,98.0392156862745,fallback_low_threshold,fixed
14_set2_rally14_ball14_Clear.mp4,Clear,3.92156862745098,98.0392156862745,fallback_low_threshold,fixed
14_set2_rally21_ball5_Smash.mp4,Smash,33.33333333333333,100.0,fallback_low_threshold,fixed
14_set2_rally29_ball2_Clear.mp4,Clear,0.0,100.0,fallback_low_threshold,fixed
14_set2_rally30_ball3_Clear.mp4,Clear,0.0,98.0392156862745,fallback_low_threshold,fixed
14_set3_rally4_ball26_Clear.mp4,Clear,1.96078431372549,100.0,fallback_low_threshold,fixed
14_set3_rally9_ball12_Clear.mp4,Clear,0.0,98.0392156862745,fallback_low_threshold,fixed
14_set3_rally11_ball16_Clear.mp4,Clear,0.0,100.0,fallback_low_threshold,fixed
14_set3_rally11_ball23_Clear.mp4,Clear,0.0,100.0,fallback_low_threshold,fixed
14_set3_rally11_ball24_Clear.mp4,Clear,1.96078431372549,100.0,fallback_low_threshold,fixed
14_set3_rally11_ball28_Clear.mp4,Clear,0.0,98.0392156862745,fallback_low_threshold,fixed
14_set3_rally11_ball32_Clear.mp4,Clear,0.0,100.0,fallback_low_threshold,fixed
14_set3_rally13_ball4_Clear.mp4,Clear,0.0,100.0,fallback_low_threshold,fixed
14_set3_rally13_ball5_Clear.mp4,Clear,1.96078431372549,98.0392156862745,fallback_low_threshold,fixed
14_set3_rally14_ball3_Clear.mp4,Clear,0.0,100.0,fallback_low_threshold,fixed
14_set3_rally14_ball13_Clear.mp4,Clear,0.0,100.0,fallback_low_threshold,fixed
14_set3_rally14_ball14_Clear.mp4,Clear,0.0,100.0,fallback_low_threshold,fixed
14_set3_rally15_ball13_Clear.mp4,Clear,15.68627450980392,100.0,fallback_low_threshold,fixed
14_set3_rally15_ball14_Clear.mp4,Clear,0.0,100.0,fallback_low_threshold,fixed
14_set3_rally16_ball13_Clear.mp4,Clear,0.0,100.0,fallback_low_threshold,fixed
14_set3_rally16_ball19_Clear.mp4,Clear,0.0,100.0,fallback_low_threshold,fixed
14_set3_rally17_ball18_Clear.mp4,Clear,0.0,100.0,fallback_low_threshold,fixed
14_set3_rally17_ball27_Clear.mp4,Clear,0.0,98.0392156862745,fallback_low_threshold,fixed
14_set3_rally17_ball31_Clear.mp4,Clear,0.0,100.0,fallback_low_threshold,fixed
14_set3_rally21_ball8_Clear.mp4,Clear,0.0,100.0,fallback_low_threshold,fixed
14_set3_rally24_ball8_Clear.mp4,Clear,0.0,98.0392156862745,fallback_low_threshold,fixed
14_set3_rally24_ball12_Clear.mp4,Clear,0.0,98.0392156862745,fallback_low_threshold,fixed
14_set3_rally24_ball15_Clear.mp4,Clear,0.0,98.0392156862745,fallback_low_threshold,fixed
14_set3_rally25_ball14_Clear.mp4,Clear,0.0,96.07843137254902,fallback_low_threshold,fixed
14_set3_rally33_ball10_Clear.mp4,Clear,1.96078431372549,100.0,fallback_low_threshold,fixed
15_set1_rally2_ball8_Smash.mp4,Smash,29.411764705882355,84.31372549019608,ultra_low_threshold,fixed
15_set1_rally36_ball17_Clear.mp4,Clear,3.92156862745098,49.01960784313725,fallback_low_threshold,partial
15_set2_rally2_ball5_Smash.mp4,Smash,47.05882352941176,82.35294117647058,ultra_low_threshold,fixed
15_set2_rally14_ball17_Smash.mp4,Smash,49.01960784313725,88.23529411764706,ultra_low_threshold,fixed
15_set2_rally24_ball10_Smash.mp4,Smash,1.96078431372549,11.76470588235294,fallback_low_threshold,partial
15_set2_rally32_ball3_Smash.mp4,Smash,0.0,37.254901960784316,ultra_low_threshold,partial
15_set3_rally6_ball7_Clear.mp4,Clear,11.76470588235294,29.411764705882355,fallback_low_threshold,partial
15_set3_rally16_ball29_Clear.mp4,Clear,43.13725490196079,88.23529411764706,ultra_low_threshold,fixed
15_set3_rally21_ball8_Clear.mp4,Clear,5.88235294117647,39.21568627450981,ultra_low_threshold,partial
15_set3_rally24_ball2_Smash.mp4,Smash,41.17647058823529,68.62745098039215,ultra_low_threshold,fixed
16_set1_rally1_ball15_Smash.mp4,Smash,27.450980392156865,98.0392156862745,fallback_low_threshold,fixed
16_set1_rally3_ball11_Smash.mp4,Smash,11.76470588235294,96.07843137254902,fallback_low_threshold,fixed
16_set1_rally3_ball15_Smash.mp4,Smash,11.76470588235294,98.0392156862745,fallback_low_threshold,fixed
16_set1_rally4_ball4_Smash.mp4,Smash,0.0,100.0,fallback_low_threshold,fixed
16_set1_rally4_ball7_Smash.mp4,Smash,0.0,96.07843137254902,fallback_low_threshold,fixed
16_set1_rally6_ball3_Smash.mp4,Smash,0.0,98.0392156862745,fallback_low_threshold,fixed
16_set1_rally6_ball11_Smash.mp4,Smash,39.21568627450981,96.07843137254902,fallback_low_threshold,fixed
16_set1_rally8_ball12_Smash.mp4,Smash,0.0,98.0392156862745,fallback_low_threshold,fixed
16_set1_rally8_ball16_Smash.mp4,Smash,3.92156862745098,92.15686274509804,fallback_low_threshold,fixed
16_set1_rally11_ball3_Smash.mp4,Smash,0.0,100.0,fallback_low_threshold,fixed
16_set1_rally11_ball7_Smash.mp4,Smash,7.84313725490196,100.0,fallback_low_threshold,fixed
16_set1_rally11_ball13_Smash.mp4,Smash,0.0,100.0,fallback_low_threshold,fixed
16_set1_rally11_ball16_Smash.mp4,Smash,29.411764705882355,100.0,fallback_low_threshold,fixed
16_set1_rally11_ball20_Clear.mp4,Clear,0.0,98.0392156862745,fallback_low_threshold,fixed
16_set1_rally15_ball9_Smash.mp4,Smash,23.52941176470588,96.07843137254902,fallback_low_threshold,fixed
16_set1_rally19_ball7_Smash.mp4,Smash,0.0,98.0392156862745,fallback_low_threshold,fixed
16_set1_rally24_ball6_Smash.mp4,Smash,0.0,98.0392156862745,fallback_low_threshold,fixed
16_set1_rally27_ball4_Smash.mp4,Smash,31.37254901960784,100.0,fallback_low_threshold,fixed
16_set1_rally27_ball8_Smash.mp4,Smash,33.33333333333333,100.0,fallback_low_threshold,fixed
16_set1_rally27_ball11_Smash.mp4,Smash,0.0,100.0,fallback_low_threshold,fixed
16_set1_rally28_ball13_Smash.mp4,Smash,0.0,100.0,fallback_low_threshold,fixed
16_set1_rally29_ball4_Smash.mp4,Smash,0.0,74.50980392156863,fallback_low_threshold,fixed
16_set1_rally30_ball5_Smash.mp4,Smash,0.0,98.0392156862745,fallback_low_threshold,fixed
16_set1_rally32_ball5_Smash.mp4,Smash,0.0,100.0,fallback_low_threshold,fixed
16_set1_rally32_ball12_Smash.mp4,Smash,0.0,96.07843137254902,fallback_low_threshold,fixed
16_set1_rally33_ball5_Smash.mp4,Smash,11.76470588235294,100.0,fallback_low_threshold,fixed
16_set1_rally33_ball21_Smash.mp4,Smash,0.0,94.11764705882352,fallback_low_threshold,fixed
16_set1_rally34_ball4_Smash.mp4,Smash,0.0,98.0392156862745,fallback_low_threshold,fixed
16_set1_rally36_ball4_Smash.mp4,Smash,0.0,98.0392156862745,fallback_low_threshold,fixed
16_set1_rally38_ball9_Smash.mp4,Smash,0.0,98.0392156862745,fallback_low_threshold,fixed
16_set1_rally40_ball4_Smash.mp4,Smash,0.0,98.0392156862745,fallback_low_threshold,fixed
16_set1_rally42_ball4_Smash.mp4,Smash,0.0,98.0392156862745,fallback_low_threshold,fixed
16_set2_rally4_ball2_Smash.mp4,Smash,0.0,100.0,fallback_low_threshold,fixed
16_set2_rally5_ball9_Smash.mp4,Smash,0.0,100.0,fallback_low_threshold,fixed
16_set2_rally5_ball11_Smash.mp4,Smash,3.92156862745098,100.0,fallback_low_threshold,fixed
16_set2_rally5_ball14_Clear.mp4,Clear,21.568627450980394,100.0,fallback_low_threshold,fixed
16_set2_rally8_ball6_Smash.mp4,Smash,47.05882352941176,100.0,fallback_low_threshold,fixed
16_set2_rally8_ball9_Smash.mp4,Smash,0.0,100.0,fallback_low_threshold,fixed
16_set2_rally8_ball15_Clear.mp4,Clear,0.0,100.0,fallback_low_threshold,fixed
16_set2_rally11_ball8_Clear.mp4,Clear,0.0,100.0,fallback_low_threshold,fixed
16_set2_rally12_ball2_Smash.mp4,Smash,0.0,100.0,fallback_low_threshold,fixed
16_set2_rally12_ball5_Smash.mp4,Smash,0.0,100.0,fallback_low_threshold,fixed
16_set2_rally13_ball4_Smash.mp4,Smash,0.0,100.0,fallback_low_threshold,fixed
16_set2_rally16_ball3_Smash.mp4,Smash,3.92156862745098,100.0,fallback_low_threshold,fixed
16_set2_rally17_ball4_Smash.mp4,Smash,0.0,100.0,fallback_low_threshold,fixed
16_set2_rally17_ball8_Smash.mp4,Smash,0.0,98.0392156862745,fallback_low_threshold,fixed
16_set2_rally17_ball20_Clear.mp4,Clear,0.0,100.0,fallback_low_threshold,fixed
16_set2_rally17_ball24_Smash.mp4,Smash,0.0,100.0,fallback_low_threshold,fixed
16_set2_rally18_ball4_Smash.mp4,Smash,0.0,94.11764705882352,fallback_low_threshold,fixed
17_set1_rally8_ball6_Clear.mp4,Clear,0.0,72.54901960784314,fallback_low_threshold,fixed
17_set1_rally8_ball10_Smash.mp4,Smash,0.0,82.35294117647058,fallback_low_threshold,fixed
17_set1_rally8_ball18_Smash.mp4,Smash,25.49019607843137,56.86274509803921,fallback_low_threshold,fixed
17_set1_rally9_ball10_Clear.mp4,Clear,0.0,78.43137254901961,fallback_low_threshold,fixed
17_set1_rally9_ball11_Smash.mp4,Smash,0.0,72.54901960784314,fallback_low_threshold,fixed
17_set1_rally9_ball14_Clear.mp4,Clear,11.76470588235294,78.43137254901961,fallback_low_threshold,fixed
17_set1_rally9_ball15_Clear.mp4,Clear,0.0,74.50980392156863,fallback_low_threshold,fixed
17_set1_rally12_ball8_Smash.mp4,Smash,0.0,64.70588235294117,fallback_low_threshold,fixed
17_set1_rally13_ball3_Smash.mp4,Smash,0.0,72.54901960784314,fallback_low_threshold,fixed
17_set1_rally14_ball13_Smash.mp4,Smash,21.568627450980394,68.62745098039215,fallback_low_threshold,fixed
17_set1_rally24_ball8_Smash.mp4,Smash,27.450980392156865,72.54901960784314,fallback_low_threshold,fixed
17_set1_rally25_ball7_Smash.mp4,Smash,39.21568627450981,64.70588235294117,fallback_low_threshold,fixed
17_set1_rally25_ball13_Smash.mp4,Smash,0.0,74.50980392156863,fallback_low_threshold,fixed
17_set1_rally26_ball4_Smash.mp4,Smash,33.33333333333333,78.43137254901961,fallback_low_threshold,fixed
17_set1_rally27_ball6_Smash.mp4,Smash,0.0,86.27450980392157,fallback_low_threshold,fixed
17_set1_rally27_ball10_Smash.mp4,Smash,0.0,84.31372549019608,fallback_low_threshold,fixed
17_set1_rally28_ball4_Clear.mp4,Clear,39.21568627450981,70.58823529411765,fallback_low_threshold,fixed
17_set1_rally30_ball5_Smash.mp4,Smash,25.49019607843137,78.43137254901961,fallback_low_threshold,fixed
17_set1_rally31_ball16_Clear.mp4,Clear,23.52941176470588,76.47058823529412,fallback_low_threshold,fixed
17_set1_rally33_ball3_Smash.mp4,Smash,0.0,82.35294117647058,fallback_low_threshold,fixed
17_set1_rally36_ball7_Clear.mp4,Clear,5.88235294117647,60.78431372549019,fallback_low_threshold,fixed
17_set1_rally36_ball8_Smash.mp4,Smash,0.0,64.70588235294117,fallback_low_threshold,fixed
17_set1_rally36_ball11_Smash.mp4,Smash,25.49019607843137,74.50980392156863,fallback_low_threshold,fixed
17_set2_rally1_ball7_Smash.mp4,Smash,1.96078431372549,13.725490196078432,ultra_low_threshold,partial
17_set2_rally2_ball5_Clear.mp4,Clear,47.05882352941176,84.31372549019608,fallback_low_threshold,fixed
17_set2_rally2_ball6_Clear.mp4,Clear,3.92156862745098,70.58823529411765,fallback_low_threshold,fixed
17_set2_rally3_ball7_Clear.mp4,Clear,43.13725490196079,78.43137254901961,fallback_low_threshold,fixed
17_set2_rally4_ball8_Clear.mp4,Clear,21.568627450980394,62.745098039215684,fallback_low_threshold,fixed
17_set2_rally4_ball15_Clear.mp4,Clear,1.96078431372549,64.70588235294117,fallback_low_threshold,fixed
17_set2_rally6_ball3_Clear.mp4,Clear,0.0,64.70588235294117,fallback_low_threshold,fixed
17_set2_rally12_ball4_Smash.mp4,Smash,0.0,27.450980392156865,fallback_low_threshold,partial
17_set2_rally13_ball7_Smash.mp4,Smash,29.411764705882355,58.82352941176471,fallback_low_threshold,fixed
17_set2_rally14_ball11_Clear.mp4,Clear,0.0,70.58823529411765,fallback_low_threshold,fixed
17_set2_rally14_ball12_Clear.mp4,Clear,0.0,60.78431372549019,fallback_low_threshold,fixed
17_set2_rally14_ball13_Smash.mp4,Smash,0.0,58.82352941176471,fallback_low_threshold,fixed
17_set2_rally16_ball6_Smash.mp4,Smash,0.0,50.98039215686274,fallback_low_threshold,fixed
17_set2_rally16_ball10_Clear.mp4,Clear,17.647058823529413,58.82352941176471,ultra_low_threshold,fixed
17_set2_rally17_ball11_Clear.mp4,Clear,0.0,70.58823529411765,fallback_low_threshold,fixed
17_set2_rally17_ball12_Clear.mp4,Clear,0.0,62.745098039215684,fallback_low_threshold,fixed
17_set2_rally24_ball8_Clear.mp4,Clear,0.0,64.70588235294117,fallback_low_threshold,fixed
17_set2_rally24_ball15_Smash.mp4,Smash,45.09803921568628,60.78431372549019,fallback_low_threshold,fixed
17_set2_rally28_ball5_Smash.mp4,Smash,0.0,52.94117647058824,ultra_low_threshold,fixed
17_set2_rally31_ball7_Smash.mp4,Smash,0.0,47.05882352941176,ultra_low_threshold,partial
17_set2_rally31_ball8_Smash.mp4,Smash,13.725490196078432,45.09803921568628,ultra_low_threshold,partial
17_set2_rally32_ball4_Smash.mp4,Smash,1.96078431372549,52.94117647058824,ultra_low_threshold,fixed
17_set2_rally32_ball8_Clear.mp4,Clear,0.0,54.90196078431373,fallback_low_threshold,fixed
17_set2_rally32_ball9_Clear.mp4,Clear,0.0,35.294117647058826,fallback_low_threshold,partial
17_set3_rally5_ball7_Clear.mp4,Clear,9.803921568627452,62.745098039215684,fallback_low_threshold,fixed
17_set3_rally6_ball4_Smash.mp4,Smash,43.13725490196079,66.66666666666666,fallback_low_threshold,fixed
17_set3_rally7_ball6_Smash.mp4,Smash,0.0,78.43137254901961,fallback_low_threshold,fixed
17_set3_rally8_ball3_Smash.mp4,Smash,0.0,54.90196078431373,fallback_low_threshold,fixed
17_set3_rally9_ball10_Smash.mp4,Smash,0.0,82.35294117647058,fallback_low_threshold,fixed
17_set3_rally9_ball14_Clear.mp4,Clear,0.0,56.86274509803921,fallback_low_threshold,fixed
17_set3_rally10_ball9_Smash.mp4,Smash,43.13725490196079,86.27450980392157,fallback_low_threshold,fixed
17_set3_rally11_ball3_Smash.mp4,Smash,0.0,70.58823529411765,fallback_low_threshold,fixed
17_set3_rally11_ball6_Smash.mp4,Smash,47.05882352941176,92.15686274509804,fallback_low_threshold,fixed
17_set3_rally12_ball3_Clear.mp4,Clear,41.17647058823529,74.50980392156863,fallback_low_threshold,fixed
17_set3_rally12_ball4_Smash.mp4,Smash,27.450980392156865,72.54901960784314,fallback_low_threshold,fixed
17_set3_rally13_ball4_Smash.mp4,Smash,13.725490196078432,70.58823529411765,fallback_low_threshold,fixed
17_set3_rally14_ball10_Smash.mp4,Smash,47.05882352941176,96.07843137254902,fallback_low_threshold,fixed
17_set3_rally14_ball13_Smash.mp4,Smash,49.01960784313725,74.50980392156863,fallback_low_threshold,fixed
17_set3_rally16_ball15_Smash.mp4,Smash,7.84313725490196,86.27450980392157,ultra_low_threshold,fixed
17_set3_rally20_ball5_Clear.mp4,Clear,0.0,58.82352941176471,fallback_low_threshold,fixed
17_set3_rally20_ball6_Smash.mp4,Smash,0.0,70.58823529411765,fallback_low_threshold,fixed
17_set3_rally21_ball12_Clear.mp4,Clear,0.0,70.58823529411765,fallback_low_threshold,fixed
17_set3_rally21_ball13_Clear.mp4,Clear,0.0,80.3921568627451,ultra_low_threshold,fixed
17_set3_rally23_ball3_Clear.mp4,Clear,27.450980392156865,66.66666666666666,fallback_low_threshold,fixed
17_set3_rally24_ball11_Clear.mp4,Clear,0.0,60.78431372549019,fallback_low_threshold,fixed
17_set3_rally24_ball12_Smash.mp4,Smash,0.0,66.66666666666666,fallback_low_threshold,fixed
17_set3_rally26_ball4_Smash.mp4,Smash,0.0,66.66666666666666,fallback_low_threshold,fixed
17_set3_rally30_ball9_Clear.mp4,Clear,11.76470588235294,82.35294117647058,fallback_low_threshold,fixed
17_set3_rally30_ball17_Clear.mp4,Clear,31.37254901960784,66.66666666666666,fallback_low_threshold,fixed
17_set3_rally30_ball18_Smash.mp4,Smash,0.0,56.86274509803921,fallback_low_threshold,fixed
17_set3_rally34_ball5_Smash.mp4,Smash,0.0,80.3921568627451,ultra_low_threshold,fixed
17_set3_rally38_ball4_Smash.mp4,Smash,0.0,62.745098039215684,ultra_low_threshold,fixed
17_set3_rally38_ball23_Clear.mp4,Clear,0.0,70.58823529411765,ultra_low_threshold,fixed
17_set3_rally38_ball24_Smash.mp4,Smash,43.13725490196079,52.94117647058824,fallback_low_threshold,fixed
17_set3_rally38_ball26_Smash.mp4,Smash,0.0,50.98039215686274,fallback_low_threshold,fixed
17_set3_rally39_ball4_Smash.mp4,Smash,0.0,80.3921568627451,ultra_low_threshold,fixed
18_set1_rally1_ball8_Smash.mp4,Smash,0.0,29.411764705882355,ultra_low_threshold,partial
18_set1_rally1_ball18_Clear.mp4,Clear,0.0,74.50980392156863,ultra_low_threshold,fixed
18_set1_rally3_ball6_Smash.mp4,Smash,0.0,3.9215686274509802,fallback_low_threshold,partial
18_set1_rally6_ball7_Smash.mp4,Smash,29.411764705882355,29.411764705882355,ultra_low_threshold,partial
18_set1_rally14_ball7_Clear.mp4,Clear,0.0,45.09803921568628,ultra_low_threshold,partial
18_set1_rally21_ball4_Clear.mp4,Clear,0.0,74.50980392156863,ultra_low_threshold,fixed
18_set1_rally23_ball2_Clear.mp4,Clear,0.0,56.86274509803921,ultra_low_threshold,fixed
18_set1_rally23_ball3_Clear.mp4,Clear,0.0,76.47058823529412,ultra_low_threshold,fixed
18_set1_rally23_ball4_Smash.mp4,Smash,0.0,64.70588235294117,ultra_low_threshold,fixed
18_set1_rally24_ball6_Clear.mp4,Clear,0.0,78.43137254901961,ultra_low_threshold,fixed
18_set1_rally24_ball9_Smash.mp4,Smash,0.0,39.21568627450981,ultra_low_threshold,partial
18_set1_rally31_ball3_Smash.mp4,Smash,0.0,7.8431372549019605,ultra_low_threshold,partial
18_set1_rally31_ball7_Smash.mp4,Smash,0.0,29.411764705882355,ultra_low_threshold,partial
18_set1_rally31_ball11_Smash.mp4,Smash,0.0,25.49019607843137,ultra_low_threshold,partial
18_set1_rally33_ball3_Smash.mp4,Smash,0.0,25.49019607843137,ultra_low_threshold,partial
18_set2_rally2_ball8_Smash.mp4,Smash,7.84313725490196,31.372549019607842,ultra_low_threshold,partial
18_set2_rally9_ball4_Smash.mp4,Smash,0.0,98.0392156862745,ultra_low_threshold,fixed
18_set2_rally14_ball8_Smash.mp4,Smash,0.0,76.47058823529412,fallback_low_threshold,fixed
18_set2_rally17_ball3_Smash.mp4,Smash,0.0,39.21568627450981,ultra_low_threshold,partial
18_set2_rally19_ball6_Smash.mp4,Smash,0.0,31.372549019607842,ultra_low_threshold,partial
18_set2_rally23_ball2_Smash.mp4,Smash,0.0,37.254901960784316,ultra_low_threshold,partial
19_set1_rally9_ball3_Smash.mp4,Smash,35.294117647058826,80.3921568627451,fallback_low_threshold,fixed
19_set1_rally13_ball4_Smash.mp4,Smash,45.09803921568628,98.0392156862745,fallback_low_threshold,fixed
19_set1_rally26_ball16_Smash.mp4,Smash,47.05882352941176,90.19607843137256,fallback_low_threshold,fixed
19_set2_rally6_ball4_Smash.mp4,Smash,47.05882352941176,66.66666666666666,fallback_low_threshold,fixed
19_set2_rally6_ball14_Smash.mp4,Smash,39.21568627450981,64.70588235294117,fallback_low_threshold,fixed
19_set2_rally6_ball17_Smash.mp4,Smash,41.17647058823529,70.58823529411765,fallback_low_threshold,fixed
19_set2_rally13_ball13_Clear.mp4,Clear,47.05882352941176,76.47058823529412,fallback_low_threshold,fixed
19_set2_rally14_ball4_Smash.mp4,Smash,45.09803921568628,82.35294117647058,fallback_low_threshold,fixed
19_set2_rally14_ball12_Clear.mp4,Clear,0.0,60.78431372549019,fallback_low_threshold,fixed
19_set2_rally14_ball34_Clear.mp4,Clear,17.647058823529413,68.62745098039215,fallback_low_threshold,fixed
19_set2_rally24_ball9_Smash.mp4,Smash,47.05882352941176,84.31372549019608,fallback_low_threshold,fixed
19_set2_rally29_ball2_Clear.mp4,Clear,3.92156862745098,72.54901960784314,fallback_low_threshold,fixed
19_set2_rally29_ball3_Clear.mp4,Clear,47.05882352941176,64.70588235294117,fallback_low_threshold,fixed
19_set2_rally29_ball4_Smash.mp4,Smash,0.0,78.43137254901961,fallback_low_threshold,fixed
19_set2_rally29_ball8_Smash.mp4,Smash,0.0,82.35294117647058,fallback_low_threshold,fixed
19_set2_rally32_ball3_Clear.mp4,Clear,33.33333333333333,88.23529411764706,fallback_low_threshold,fixed
19_set2_rally32_ball4_Smash.mp4,Smash,1.96078431372549,72.54901960784314,fallback_low_threshold,fixed
19_set3_rally17_ball18_Smash.mp4,Smash,41.17647058823529,74.50980392156863,fallback_low_threshold,fixed
19_set3_rally22_ball7_Smash.mp4,Smash,0.0,84.31372549019608,fallback_low_threshold,fixed
19_set3_rally22_ball13_Smash.mp4,Smash,0.0,94.11764705882352,fallback_low_threshold,fixed
19_set3_rally25_ball8_Smash.mp4,Smash,0.0,74.50980392156863,fallback_low_threshold,fixed
19_set3_rally25_ball28_Smash.mp4,Smash,0.0,76.47058823529412,fallback_low_threshold,fixed
19_set3_rally26_ball3_Smash.mp4,Smash,0.0,80.3921568627451,fallback_low_threshold,fixed
19_set3_rally26_ball8_Smash.mp4,Smash,0.0,86.27450980392157,fallback_low_threshold,fixed
19_set3_rally28_ball6_Smash.mp4,Smash,0.0,74.50980392156863,fallback_low_threshold,fixed
19_set3_rally30_ball3_Smash.mp4,Smash,0.0,58.82352941176471,fallback_low_threshold,fixed
19_set3_rally31_ball5_Smash.mp4,Smash,0.0,84.31372549019608,fallback_low_threshold,fixed
19_set3_rally31_ball9_Smash.mp4,Smash,0.0,70.58823529411765,fallback_low_threshold,fixed
19_set3_rally36_ball4_Smash.mp4,Smash,0.0,68.62745098039215,fallback_low_threshold,fixed
19_set3_rally37_ball3_Smash.mp4,Smash,0.0,68.62745098039215,fallback_low_threshold,fixed
19_set3_rally41_ball5_Smash.mp4,Smash,0.0,90.19607843137256,ultra_low_threshold,fixed
20_set1_rally2_ball5_Smash.mp4,Smash,0.0,74.50980392156863,fallback_low_threshold,fixed
20_set1_rally4_ball14_Clear.mp4,Clear,0.0,80.3921568627451,fallback_low_threshold,fixed
20_set1_rally5_ball4_Smash.mp4,Smash,0.0,98.0392156862745,fallback_low_threshold,fixed
20_set1_rally6_ball13_Smash.mp4,Smash,0.0,84.31372549019608,fallback_low_threshold,fixed
20_set1_rally8_ball5_Smash.mp4,Smash,0.0,100.0,fallback_low_threshold,fixed
20_set1_rally9_ball8_Clear.mp4,Clear,17.647058823529413,82.35294117647058,fallback_low_threshold,fixed
20_set1_rally13_ball10_Clear.mp4,Clear,0.0,72.54901960784314,fallback_low_threshold,fixed
20_set1_rally13_ball11_Clear.mp4,Clear,0.0,72.54901960784314,fallback_low_threshold,fixed
20_set1_rally15_ball24_Smash.mp4,Smash,0.0,64.70588235294117,fallback_low_threshold,fixed
20_set1_rally17_ball14_Clear.mp4,Clear,0.0,68.62745098039215,ultra_low_threshold,fixed
20_set1_rally17_ball18_Smash.mp4,Smash,3.92156862745098,82.35294117647058,fallback_low_threshold,fixed
20_set1_rally17_ball22_Clear.mp4,Clear,0.0,94.11764705882352,fallback_low_threshold,fixed
20_set1_rally17_ball26_Clear.mp4,Clear,0.0,60.78431372549019,fallback_low_threshold,fixed
20_set1_rally24_ball10_Clear.mp4,Clear,45.09803921568628,100.0,fallback_low_threshold,fixed
20_set1_rally31_ball5_Clear.mp4,Clear,0.0,94.11764705882352,fallback_low_threshold,fixed
20_set1_rally32_ball7_Smash.mp4,Smash,0.0,86.27450980392157,fallback_low_threshold,fixed
20_set1_rally32_ball15_Clear.mp4,Clear,0.0,82.35294117647058,fallback_low_threshold,fixed
20_set2_rally1_ball10_Smash.mp4,Smash,0.0,96.07843137254902,fallback_low_threshold,fixed
20_set2_rally6_ball6_Smash.mp4,Smash,0.0,74.50980392156863,fallback_low_threshold,fixed
20_set2_rally8_ball14_Smash.mp4,Smash,0.0,96.07843137254902,fallback_low_threshold,fixed
20_set2_rally10_ball9_Smash.mp4,Smash,0.0,80.3921568627451,fallback_low_threshold,fixed
20_set2_rally11_ball12_Clear.mp4,Clear,0.0,72.54901960784314,fallback_low_threshold,fixed
20_set2_rally13_ball4_Smash.mp4,Smash,0.0,98.0392156862745,fallback_low_threshold,fixed
20_set2_rally14_ball4_Clear.mp4,Clear,0.0,94.11764705882352,fallback_low_threshold,fixed
20_set2_rally15_ball17_Clear.mp4,Clear,0.0,82.35294117647058,fallback_low_threshold,fixed
20_set2_rally21_ball6_Clear.mp4,Clear,0.0,68.62745098039215,fallback_low_threshold,fixed
20_set2_rally21_ball7_Smash.mp4,Smash,0.0,94.11764705882352,fallback_low_threshold,fixed
20_set2_rally22_ball12_Smash.mp4,Smash,0.0,98.0392156862745,fallback_low_threshold,fixed
20_set2_rally26_ball4_Smash.mp4,Smash,41.17647058823529,86.27450980392157,fallback_low_threshold,fixed
21_set1_rally30_ball14_Clear.mp4,Clear,0.0,55.73770491803278,fallback_low_threshold,fixed
21_set1_rally30_ball15_Clear.mp4,Clear,0.0,57.377049180327866,fallback_low_threshold,fixed
21_set1_rally30_ball16_Smash.mp4,Smash,0.0,52.459016393442624,fallback_low_threshold,fixed
21_set1_rally31_ball4_Smash.mp4,Smash,0.0,72.1311475409836,fallback_low_threshold,fixed
21_set1_rally32_ball3_Smash.mp4,Smash,45.90163934426229,67.21311475409836,fallback_low_threshold,fixed
21_set1_rally33_ball4_Smash.mp4,Smash,29.50819672131147,52.459016393442624,ultra_low_threshold,fixed
21_set1_rally33_ball9_Clear.mp4,Clear,16.39344262295082,57.377049180327866,ultra_low_threshold,fixed
21_set1_rally33_ball10_Smash.mp4,Smash,0.0,44.26229508196721,ultra_low_threshold,partial
21_set1_rally33_ball12_Smash.mp4,Smash,0.0,50.81967213114754,fallback_low_threshold,fixed
21_set1_rally34_ball2_Clear.mp4,Clear,3.278688524590164,67.21311475409836,ultra_low_threshold,fixed
21_set1_rally34_ball3_Clear.mp4,Clear,24.59016393442623,65.57377049180327,ultra_low_threshold,fixed
21_set1_rally34_ball4_Smash.mp4,Smash,1.639344262295082,59.01639344262295,ultra_low_threshold,fixed
21_set1_rally34_ball8_Smash.mp4,Smash,45.90163934426229,57.377049180327866,ultra_low_threshold,fixed
21_set1_rally42_ball15_Clear.mp4,Clear,24.59016393442623,50.81967213114754,fallback_low_threshold,fixed
21_set2_rally6_ball3_Smash.mp4,Smash,6.557377049180328,36.0655737704918,ultra_low_threshold,partial
21_set2_rally6_ball7_Smash.mp4,Smash,0.0,37.704918032786885,ultra_low_threshold,partial
21_set2_rally7_ball3_Smash.mp4,Smash,31.147540983606557,37.704918032786885,fallback_low_threshold,partial
21_set2_rally8_ball3_Smash.mp4,Smash,27.86885245901639,57.377049180327866,fallback_low_threshold,fixed
21_set2_rally9_ball2_Smash.mp4,Smash,24.59016393442623,50.81967213114754,fallback_low_threshold,fixed
21_set2_rally11_ball5_Smash.mp4,Smash,0.0,75.40983606557377,ultra_low_threshold,fixed
21_set2_rally12_ball3_Clear.mp4,Clear,0.0,72.1311475409836,fallback_low_threshold,fixed
21_set2_rally12_ball6_Smash.mp4,Smash,0.0,70.49180327868852,fallback_low_threshold,fixed
21_set2_rally13_ball2_Clear.mp4,Clear,0.0,100.0,fallback_low_threshold,fixed
21_set2_rally13_ball3_Clear.mp4,Clear,0.0,96.72131147540983,fallback_low_threshold,fixed
21_set2_rally13_ball7_Smash.mp4,Smash,21.311475409836063,98.36065573770492,fallback_low_threshold,fixed
21_set2_rally15_ball3_Clear.mp4,Clear,0.0,98.36065573770492,fallback_low_threshold,fixed
21_set2_rally15_ball4_Clear.mp4,Clear,0.0,77.04918032786885,fallback_low_threshold,fixed
21_set2_rally15_ball5_Smash.mp4,Smash,42.62295081967213,95.08196721311475,ultra_low_threshold,fixed
21_set2_rally15_ball10_Clear.mp4,Clear,16.39344262295082,100.0,fallback_low_threshold,fixed
21_set2_rally15_ball11_Clear.mp4,Clear,0.0,55.73770491803278,fallback_low_threshold,fixed
21_set2_rally15_ball12_Smash.mp4,Smash,0.0,96.72131147540983,fallback_low_threshold,fixed
21_set2_rally17_ball2_Clear.mp4,Clear,27.86885245901639,96.72131147540983,fallback_low_threshold,fixed
21_set2_rally19_ball4_Smash.mp4,Smash,24.59016393442623,100.0,fallback_low_threshold,fixed
21_set2_rally19_ball10_Clear.mp4,Clear,0.0,67.21311475409836,fallback_low_threshold,fixed
21_set2_rally19_ball11_Clear.mp4,Clear,18.0327868852459,60.65573770491803,fallback_low_threshold,fixed
21_set2_rally19_ball12_Smash.mp4,Smash,6.557377049180328,68.85245901639344,fallback_low_threshold,fixed
21_set2_rally20_ball2_Smash.mp4,Smash,0.0,13.114754098360656,fallback_low_threshold,partial
21_set2_rally20_ball5_Smash.mp4,Smash,14.754098360655735,50.81967213114754,ultra_low_threshold,fixed
21_set2_rally21_ball3_Smash.mp4,Smash,0.0,54.09836065573771,fallback_low_threshold,fixed
21_set2_rally21_ball7_Smash.mp4,Smash,0.0,59.01639344262295,fallback_low_threshold,fixed
21_set2_rally23_ball2_Clear.mp4,Clear,0.0,96.72131147540983,fallback_low_threshold,fixed
21_set2_rally23_ball3_Smash.mp4,Smash,0.0,96.72131147540983,fallback_low_threshold,fixed
21_set2_rally23_ball17_Clear.mp4,Clear,18.0327868852459,85.24590163934425,fallback_low_threshold,fixed
21_set2_rally23_ball18_Clear.mp4,Clear,3.278688524590164,57.377049180327866,fallback_low_threshold,fixed
21_set2_rally23_ball19_Clear.mp4,Clear,0.0,68.85245901639344,ultra_low_threshold,fixed
21_set2_rally23_ball20_Smash.mp4,Smash,0.0,54.09836065573771,fallback_low_threshold,fixed
21_set2_rally28_ball6_Smash.mp4,Smash,31.147540983606557,50.81967213114754,ultra_low_threshold,fixed
21_set2_rally28_ball15_Smash.mp4,Smash,19.672131147540984,36.0655737704918,fallback_low_threshold,partial
21_set2_rally29_ball11_Clear.mp4,Clear,21.311475409836063,75.40983606557377,fallback_low_threshold,fixed
21_set2_rally32_ball9_Smash.mp4,Smash,0.0,72.1311475409836,fallback_low_threshold,fixed
22_set1_rally1_ball2_Clear.mp4,Clear,47.540983606557376,50.81967213114754,fallback_low_threshold,fixed
22_set1_rally1_ball12_Clear.mp4,Clear,39.34426229508197,57.377049180327866,fallback_low_threshold,fixed
22_set1_rally1_ball14_Clear.mp4,Clear,0.0,50.81967213114754,fallback_low_threshold,fixed
22_set1_rally1_ball15_Clear.mp4,Clear,3.278688524590164,59.01639344262295,ultra_low_threshold,fixed
22_set1_rally3_ball7_Clear.mp4,Clear,39.34426229508197,78.68852459016394,fallback_low_threshold,fixed
22_set1_rally5_ball2_Clear.mp4,Clear,13.114754098360656,70.49180327868852,fallback_low_threshold,fixed
22_set1_rally5_ball3_Smash.mp4,Smash,19.672131147540984,70.49180327868852,fallback_low_threshold,fixed
22_set1_rally6_ball4_Clear.mp4,Clear,3.278688524590164,63.934426229508205,fallback_low_threshold,fixed
22_set1_rally6_ball5_Smash.mp4,Smash,0.0,62.295081967213115,fallback_low_threshold,fixed
22_set1_rally15_ball4_Clear.mp4,Clear,0.0,65.57377049180327,ultra_low_threshold,fixed
22_set1_rally17_ball2_Smash.mp4,Smash,0.0,60.65573770491803,fallback_low_threshold,fixed
22_set1_rally17_ball13_Smash.mp4,Smash,0.0,67.21311475409836,fallback_low_threshold,fixed
22_set1_rally17_ball21_Clear.mp4,Clear,0.0,59.01639344262295,fallback_low_threshold,fixed
22_set1_rally17_ball22_Smash.mp4,Smash,0.0,62.295081967213115,fallback_low_threshold,fixed
22_set1_rally18_ball16_Smash.mp4,Smash,22.950819672131143,63.934426229508205,fallback_low_threshold,fixed
22_set1_rally19_ball3_Clear.mp4,Clear,0.0,62.295081967213115,fallback_low_threshold,fixed
22_set1_rally19_ball9_Clear.mp4,Clear,0.0,63.934426229508205,fallback_low_threshold,fixed
22_set1_rally19_ball10_Clear.mp4,Clear,40.98360655737705,63.934426229508205,fallback_low_threshold,fixed
22_set1_rally19_ball11_Smash.mp4,Smash,1.639344262295082,60.65573770491803,fallback_low_threshold,fixed
22_set1_rally23_ball2_Smash.mp4,Smash,16.39344262295082,72.1311475409836,ultra_low_threshold,fixed
22_set1_rally23_ball4_Smash.mp4,Smash,0.0,40.98360655737705,ultra_low_threshold,partial
22_set1_rally24_ball6_Clear.mp4,Clear,0.0,54.09836065573771,fallback_low_threshold,fixed
22_set1_rally24_ball7_Smash.mp4,Smash,0.0,63.934426229508205,ultra_low_threshold,fixed
22_set1_rally25_ball3_Clear.mp4,Clear,0.0,93.44262295081968,fallback_low_threshold,fixed
22_set1_rally25_ball4_Clear.mp4,Clear,0.0,98.36065573770492,fallback_low_threshold,fixed
22_set1_rally25_ball5_Clear.mp4,Clear,0.0,91.80327868852459,fallback_low_threshold,fixed
22_set1_rally25_ball6_Smash.mp4,Smash,0.0,98.36065573770492,fallback_low_threshold,fixed
22_set1_rally26_ball8_Smash.mp4,Smash,0.0,50.81967213114754,fallback_low_threshold,fixed
22_set1_rally26_ball12_Smash.mp4,Smash,0.0,54.09836065573771,fallback_low_threshold,fixed
22_set1_rally26_ball15_Clear.mp4,Clear,0.0,57.377049180327866,fallback_low_threshold,fixed
22_set1_rally26_ball18_Clear.mp4,Clear,0.0,90.1639344262295,fallback_low_threshold,fixed
22_set1_rally26_ball21_Clear.mp4,Clear,0.0,77.04918032786885,fallback_low_threshold,fixed
22_set1_rally28_ball3_Clear.mp4,Clear,0.0,70.49180327868852,fallback_low_threshold,fixed
22_set1_rally28_ball4_Clear.mp4,Clear,0.0,57.377049180327866,fallback_low_threshold,fixed
22_set1_rally28_ball7_Clear.mp4,Clear,0.0,81.9672131147541,fallback_low_threshold,fixed
22_set1_rally28_ball12_Clear.mp4,Clear,0.0,55.73770491803278,ultra_low_threshold,fixed
22_set1_rally31_ball10_Clear.mp4,Clear,0.0,50.81967213114754,fallback_low_threshold,fixed
22_set1_rally32_ball4_Clear.mp4,Clear,0.0,70.49180327868852,fallback_low_threshold,fixed
22_set1_rally34_ball14_Clear.mp4,Clear,0.0,42.62295081967213,fallback_low_threshold,partial
22_set2_rally2_ball2_Smash.mp4,Smash,0.0,54.09836065573771,fallback_low_threshold,fixed
22_set2_rally2_ball4_Smash.mp4,Smash,0.0,95.08196721311475,fallback_low_threshold,fixed
22_set2_rally2_ball9_Clear.mp4,Clear,0.0,70.49180327868852,fallback_low_threshold,fixed
22_set2_rally2_ball10_Smash.mp4,Smash,0.0,72.1311475409836,fallback_low_threshold,fixed
22_set2_rally3_ball4_Clear.mp4,Clear,0.0,80.32786885245902,fallback_low_threshold,fixed
22_set2_rally3_ball5_Smash.mp4,Smash,0.0,78.68852459016394,fallback_low_threshold,fixed
22_set2_rally3_ball8_Clear.mp4,Clear,0.0,63.934426229508205,fallback_low_threshold,fixed
22_set2_rally3_ball9_Clear.mp4,Clear,0.0,73.77049180327869,fallback_low_threshold,fixed
22_set2_rally5_ball2_Clear.mp4,Clear,0.0,75.40983606557377,ultra_low_threshold,fixed
22_set2_rally5_ball3_Smash.mp4,Smash,0.0,55.73770491803278,fallback_low_threshold,fixed
22_set2_rally7_ball3_Clear.mp4,Clear,24.59016393442623,55.73770491803278,fallback_low_threshold,fixed
22_set2_rally7_ball4_Clear.mp4,Clear,16.39344262295082,68.85245901639344,fallback_low_threshold,fixed
22_set2_rally7_ball5_Smash.mp4,Smash,0.0,63.934426229508205,fallback_low_threshold,fixed
22_set2_rally7_ball9_Clear.mp4,Clear,0.0,52.459016393442624,fallback_low_threshold,fixed
22_set2_rally7_ball10_Clear.mp4,Clear,0.0,59.01639344262295,fallback_low_threshold,fixed
22_set2_rally7_ball11_Clear.mp4,Clear,0.0,54.09836065573771,fallback_low_threshold,fixed
22_set2_rally7_ball15_Smash.mp4,Smash,37.704918032786885,50.81967213114754,fallback_low_threshold,fixed
22_set2_rally8_ball3_Clear.mp4,Clear,45.90163934426229,65.57377049180327,fallback_low_threshold,fixed
22_set2_rally9_ball8_Clear.mp4,Clear,0.0,54.09836065573771,fallback_low_threshold,fixed
22_set2_rally9_ball10_Smash.mp4,Smash,0.0,60.65573770491803,fallback_low_threshold,fixed
22_set2_rally10_ball2_Smash.mp4,Smash,0.0,77.04918032786885,ultra_low_threshold,fixed
22_set2_rally11_ball6_Clear.mp4,Clear,0.0,59.01639344262295,ultra_low_threshold,fixed
22_set2_rally11_ball11_Smash.mp4,Smash,0.0,93.44262295081968,fallback_low_threshold,fixed
22_set2_rally12_ball2_Smash.mp4,Smash,0.0,54.09836065573771,fallback_low_threshold,fixed
22_set2_rally14_ball2_Clear.mp4,Clear,1.639344262295082,27.86885245901639,ultra_low_threshold,partial
22_set2_rally14_ball3_Smash.mp4,Smash,0.0,44.26229508196721,ultra_low_threshold,partial
22_set2_rally15_ball3_Clear.mp4,Clear,32.78688524590164,63.934426229508205,fallback_low_threshold,fixed
22_set2_rally15_ball4_Clear.mp4,Clear,0.0,49.18032786885246,fallback_low_threshold,partial
22_set2_rally15_ball7_Clear.mp4,Clear,31.147540983606557,59.01639344262295,ultra_low_threshold,fixed
22_set2_rally16_ball4_Smash.mp4,Smash,26.229508196721312,62.295081967213115,fallback_low_threshold,fixed
22_set2_rally17_ball7_Clear.mp4,Clear,9.836065573770492,52.459016393442624,fallback_low_threshold,fixed
22_set2_rally17_ball8_Smash.mp4,Smash,0.0,50.81967213114754,fallback_low_threshold,fixed
22_set2_rally18_ball2_Smash.mp4,Smash,0.0,65.57377049180327,fallback_low_threshold,fixed
22_set2_rally24_ball3_Smash.mp4,Smash,0.0,70.49180327868852,fallback_low_threshold,fixed
22_set2_rally26_ball11_Clear.mp4,Clear,0.0,52.459016393442624,fallback_low_threshold,fixed
22_set2_rally26_ball12_Clear.mp4,Clear,0.0,55.73770491803278,fallback_low_threshold,fixed
22_set2_rally26_ball13_Clear.mp4,Clear,0.0,67.21311475409836,fallback_low_threshold,fixed
22_set2_rally26_ball16_Clear.mp4,Clear,0.0,63.934426229508205,fallback_low_threshold,fixed
22_set2_rally27_ball2_Smash.mp4,Smash,0.0,21.311475409836063,ultra_low_threshold,partial
22_set2_rally27_ball4_Smash.mp4,Smash,0.0,39.34426229508197,fallback_low_threshold,partial
22_set2_rally28_ball4_Clear.mp4,Clear,0.0,57.377049180327866,fallback_low_threshold,fixed
22_set2_rally28_ball5_Clear.mp4,Clear,0.0,52.459016393442624,fallback_low_threshold,fixed
22_set2_rally28_ball8_Smash.mp4,Smash,13.114754098360656,55.73770491803278,fallback_low_threshold,fixed
22_set2_rally29_ball4_Smash.mp4,Smash,19.672131147540984,67.21311475409836,fallback_low_threshold,fixed
22_set2_rally29_ball7_Smash.mp4,Smash,0.0,63.934426229508205,fallback_low_threshold,fixed
22_set2_rally29_ball20_Clear.mp4,Clear,0.0,45.90163934426229,ultra_low_threshold,partial
22_set2_rally29_ball24_Clear.mp4,Clear,0.0,63.934426229508205,ultra_low_threshold,fixed
22_set2_rally29_ball25_Clear.mp4,Clear,0.0,55.73770491803278,fallback_low_threshold,fixed
22_set2_rally29_ball26_Clear.mp4,Clear,0.0,57.377049180327866,fallback_low_threshold,fixed
22_set2_rally29_ball29_Clear.mp4,Clear,0.0,67.21311475409836,fallback_low_threshold,fixed
22_set2_rally30_ball6_Clear.mp4,Clear,0.0,59.01639344262295,fallback_low_threshold,fixed
22_set2_rally30_ball9_Clear.mp4,Clear,0.0,72.1311475409836,ultra_low_threshold,fixed
22_set2_rally30_ball13_Clear.mp4,Clear,0.0,60.65573770491803,ultra_low_threshold,fixed
22_set2_rally30_ball14_Clear.mp4,Clear,0.0,63.934426229508205,ultra_low_threshold,fixed
22_set2_rally30_ball15_Clear.mp4,Clear,0.0,60.65573770491803,ultra_low_threshold,fixed
22_set2_rally31_ball2_Smash.mp4,Smash,0.0,63.934426229508205,fallback_low_threshold,fixed
22_set2_rally32_ball7_Clear.mp4,Clear,0.0,57.377049180327866,fallback_low_threshold,fixed
22_set2_rally32_ball8_Smash.mp4,Smash,0.0,73.77049180327869,fallback_low_threshold,fixed
22_set2_rally35_ball4_Smash.mp4,Smash,0.0,52.459016393442624,fallback_low_threshold,fixed
22_set2_rally37_ball10_Clear.mp4,Clear,0.0,55.73770491803278,fallback_low_threshold,fixed
22_set2_rally37_ball11_Smash.mp4,Smash,0.0,62.295081967213115,fallback_low_threshold,fixed
22_set2_rally38_ball2_Smash.mp4,Smash,0.0,62.295081967213115,fallback_low_threshold,fixed
23_set1_rally1_ball4_Clear.mp4,Clear,24.59016393442623,65.57377049180327,fallback_low_threshold,fixed
23_set1_rally2_ball4_Clear.mp4,Clear,1.639344262295082,34.42622950819672,ultra_low_threshold,partial
23_set1_rally2_ball14_Clear.mp4,Clear,31.147540983606557,49.18032786885246,ultra_low_threshold,partial
23_set1_rally3_ball9_Clear.mp4,Clear,0.0,50.81967213114754,fallback_low_threshold,fixed
23_set1_rally3_ball17_Smash.mp4,Smash,0.0,55.73770491803278,fallback_low_threshold,fixed
23_set1_rally6_ball6_Smash.mp4,Smash,11.475409836065571,70.49180327868852,fallback_low_threshold,fixed
23_set1_rally6_ball12_Clear.mp4,Clear,0.0,62.295081967213115,fallback_low_threshold,fixed
23_set1_rally6_ball16_Smash.mp4,Smash,0.0,67.21311475409836,fallback_low_threshold,fixed
23_set1_rally6_ball20_Clear.mp4,Clear,0.0,67.21311475409836,fallback_low_threshold,fixed
23_set1_rally6_ball21_Smash.mp4,Smash,0.0,80.32786885245902,fallback_low_threshold,fixed
23_set1_rally8_ball3_Clear.mp4,Clear,0.0,45.90163934426229,fallback_low_threshold,partial
23_set1_rally8_ball4_Clear.mp4,Clear,0.0,59.01639344262295,fallback_low_threshold,fixed
23_set1_rally8_ball5_Smash.mp4,Smash,0.0,55.73770491803278,fallback_low_threshold,fixed
23_set1_rally9_ball7_Smash.mp4,Smash,14.754098360655735,59.01639344262295,fallback_low_threshold,fixed
23_set1_rally9_ball22_Smash.mp4,Smash,0.0,50.81967213114754,ultra_low_threshold,fixed
23_set1_rally13_ball6_Smash.mp4,Smash,0.0,60.65573770491803,fallback_low_threshold,fixed
23_set1_rally13_ball9_Smash.mp4,Smash,13.114754098360656,52.459016393442624,fallback_low_threshold,fixed
23_set1_rally13_ball19_Smash.mp4,Smash,1.639344262295082,63.934426229508205,fallback_low_threshold,fixed
23_set1_rally14_ball7_Clear.mp4,Clear,18.0327868852459,68.85245901639344,fallback_low_threshold,fixed
23_set1_rally14_ball11_Clear.mp4,Clear,19.672131147540984,73.77049180327869,fallback_low_threshold,fixed
23_set1_rally16_ball23_Smash.mp4,Smash,0.0,60.65573770491803,fallback_low_threshold,fixed
23_set1_rally17_ball18_Smash.mp4,Smash,0.0,77.04918032786885,fallback_low_threshold,fixed
23_set1_rally17_ball21_Smash.mp4,Smash,0.0,54.09836065573771,fallback_low_threshold,fixed
23_set1_rally21_ball10_Smash.mp4,Smash,39.34426229508197,67.21311475409836,fallback_low_threshold,fixed
23_set1_rally21_ball13_Smash.mp4,Smash,0.0,50.81967213114754,fallback_low_threshold,fixed
23_set1_rally21_ball22_Smash.mp4,Smash,31.147540983606557,57.377049180327866,fallback_low_threshold,fixed
23_set1_rally23_ball4_Clear.mp4,Clear,0.0,70.49180327868852,fallback_low_threshold,fixed
23_set1_rally23_ball5_Smash.mp4,Smash,0.0,67.21311475409836,fallback_low_threshold,fixed
23_set1_rally25_ball3_Smash.mp4,Smash,37.704918032786885,60.65573770491803,fallback_low_threshold,fixed
23_set1_rally25_ball7_Clear.mp4,Clear,1.639344262295082,72.1311475409836,fallback_low_threshold,fixed
23_set1_rally25_ball16_Clear.mp4,Clear,0.0,65.57377049180327,fallback_low_threshold,fixed
23_set1_rally25_ball17_Smash.mp4,Smash,0.0,62.295081967213115,fallback_low_threshold,fixed
23_set1_rally25_ball29_Clear.mp4,Clear,0.0,68.85245901639344,fallback_low_threshold,fixed
23_set1_rally25_ball30_Clear.mp4,Clear,0.0,65.57377049180327,fallback_low_threshold,fixed
23_set1_rally26_ball25_Clear.mp4,Clear,1.639344262295082,57.377049180327866,fallback_low_threshold,fixed
23_set1_rally27_ball6_Smash.mp4,Smash,36.0655737704918,65.57377049180327,fallback_low_threshold,fixed
23_set1_rally29_ball6_Smash.mp4,Smash,0.0,62.295081967213115,fallback_low_threshold,fixed
23_set1_rally29_ball14_Smash.mp4,Smash,0.0,65.57377049180327,fallback_low_threshold,fixed
23_set1_rally30_ball3_Smash.mp4,Smash,1.639344262295082,68.85245901639344,ultra_low_threshold,fixed
23_set1_rally30_ball13_Smash.mp4,Smash,0.0,72.1311475409836,fallback_low_threshold,fixed
23_set1_rally31_ball2_Smash.mp4,Smash,0.0,40.98360655737705,fallback_low_threshold,partial
23_set1_rally31_ball8_Smash.mp4,Smash,0.0,81.9672131147541,fallback_low_threshold,fixed
23_set1_rally32_ball2_Smash.mp4,Smash,3.278688524590164,54.09836065573771,fallback_low_threshold,fixed
23_set1_rally33_ball13_Smash.mp4,Smash,4.918032786885246,63.934426229508205,fallback_low_threshold,fixed
23_set1_rally35_ball4_Smash.mp4,Smash,1.639344262295082,54.09836065573771,fallback_low_threshold,fixed
23_set1_rally35_ball8_Smash.mp4,Smash,47.540983606557376,57.377049180327866,fallback_low_threshold,fixed
23_set1_rally35_ball12_Clear.mp4,Clear,0.0,50.81967213114754,fallback_low_threshold,fixed
23_set1_rally37_ball3_Smash.mp4,Smash,0.0,40.98360655737705,ultra_low_threshold,partial
23_set2_rally1_ball6_Smash.mp4,Smash,1.639344262295082,50.81967213114754,fallback_low_threshold,fixed
23_set2_rally2_ball5_Clear.mp4,Clear,0.0,44.26229508196721,fallback_low_threshold,partial
23_set2_rally2_ball16_Smash.mp4,Smash,0.0,40.98360655737705,ultra_low_threshold,partial
23_set2_rally2_ball20_Clear.mp4,Clear,0.0,55.73770491803278,fallback_low_threshold,fixed
23_set2_rally2_ball21_Clear.mp4,Clear,0.0,68.85245901639344,ultra_low_threshold,fixed
23_set2_rally2_ball22_Clear.mp4,Clear,0.0,55.73770491803278,fallback_low_threshold,fixed
23_set2_rally2_ball25_Clear.mp4,Clear,0.0,57.377049180327866,fallback_low_threshold,fixed
23_set2_rally3_ball9_Clear.mp4,Clear,1.639344262295082,50.81967213114754,fallback_low_threshold,fixed
23_set2_rally3_ball29_Clear.mp4,Clear,1.639344262295082,60.65573770491803,fallback_low_threshold,fixed
23_set2_rally3_ball34_Smash.mp4,Smash,34.42622950819672,63.934426229508205,fallback_low_threshold,fixed
23_set2_rally3_ball36_Smash.mp4,Smash,0.0,59.01639344262295,fallback_low_threshold,fixed
23_set2_rally3_ball39_Clear.mp4,Clear,1.639344262295082,52.459016393442624,fallback_low_threshold,fixed
23_set2_rally3_ball43_Clear.mp4,Clear,0.0,63.934426229508205,fallback_low_threshold,fixed
23_set2_rally4_ball9_Smash.mp4,Smash,0.0,34.42622950819672,fallback_low_threshold,partial
23_set2_rally5_ball8_Clear.mp4,Clear,0.0,77.04918032786885,fallback_low_threshold,fixed
23_set2_rally5_ball9_Smash.mp4,Smash,0.0,59.01639344262295,fallback_low_threshold,fixed
23_set2_rally7_ball3_Smash.mp4,Smash,0.0,13.114754098360656,fallback_low_threshold,partial
23_set2_rally8_ball4_Smash.mp4,Smash,1.639344262295082,63.934426229508205,fallback_low_threshold,fixed
23_set2_rally8_ball13_Clear.mp4,Clear,22.950819672131143,77.04918032786885,fallback_low_threshold,fixed
23_set2_rally8_ball14_Smash.mp4,Smash,1.639344262295082,78.68852459016394,fallback_low_threshold,fixed
23_set2_rally9_ball6_Smash.mp4,Smash,1.639344262295082,40.98360655737705,fallback_low_threshold,partial
23_set2_rally9_ball13_Smash.mp4,Smash,1.639344262295082,45.90163934426229,fallback_low_threshold,partial
23_set2_rally9_ball16_Clear.mp4,Clear,0.0,36.0655737704918,ultra_low_threshold,partial
23_set2_rally9_ball17_Smash.mp4,Smash,0.0,34.42622950819672,ultra_low_threshold,partial
23_set2_rally10_ball10_Clear.mp4,Clear,0.0,55.73770491803278,fallback_low_threshold,fixed
23_set2_rally13_ball15_Clear.mp4,Clear,0.0,59.01639344262295,fallback_low_threshold,fixed
23_set2_rally13_ball16_Clear.mp4,Clear,1.639344262295082,50.81967213114754,fallback_low_threshold,fixed
23_set2_rally13_ball17_Clear.mp4,Clear,0.0,65.57377049180327,ultra_low_threshold,fixed
23_set2_rally13_ball18_Clear.mp4,Clear,39.34426229508197,50.81967213114754,fallback_low_threshold,fixed
23_set2_rally13_ball19_Smash.mp4,Smash,1.639344262295082,63.934426229508205,ultra_low_threshold,fixed
23_set2_rally13_ball24_Smash.mp4,Smash,40.98360655737705,52.459016393442624,fallback_low_threshold,fixed
23_set2_rally14_ball8_Smash.mp4,Smash,0.0,60.65573770491803,fallback_low_threshold,fixed
23_set2_rally15_ball4_Smash.mp4,Smash,44.26229508196721,54.09836065573771,fallback_low_threshold,fixed
23_set2_rally15_ball13_Clear.mp4,Clear,47.540983606557376,62.295081967213115,fallback_low_threshold,fixed
23_set2_rally15_ball14_Clear.mp4,Clear,1.639344262295082,62.295081967213115,fallback_low_threshold,fixed
23_set2_rally15_ball19_Clear.mp4,Clear,37.704918032786885,67.21311475409836,fallback_low_threshold,fixed
23_set2_rally17_ball10_Smash.mp4,Smash,0.0,57.377049180327866,fallback_low_threshold,fixed
23_set2_rally18_ball5_Clear.mp4,Clear,0.0,50.81967213114754,fallback_low_threshold,fixed
23_set2_rally19_ball12_Smash.mp4,Smash,0.0,54.09836065573771,fallback_low_threshold,fixed
23_set2_rally20_ball4_Smash.mp4,Smash,0.0,73.77049180327869,ultra_low_threshold,fixed
23_set2_rally21_ball8_Clear.mp4,Clear,14.754098360655735,63.934426229508205,fallback_low_threshold,fixed
23_set2_rally21_ball9_Clear.mp4,Clear,0.0,77.04918032786885,fallback_low_threshold,fixed
23_set2_rally22_ball6_Smash.mp4,Smash,36.0655737704918,57.377049180327866,fallback_low_threshold,fixed
23_set2_rally23_ball7_Smash.mp4,Smash,21.311475409836063,55.73770491803278,fallback_low_threshold,fixed
23_set2_rally23_ball15_Smash.mp4,Smash,34.42622950819672,39.34426229508197,fallback_low_threshold,partial
23_set2_rally25_ball4_Smash.mp4,Smash,1.639344262295082,59.01639344262295,fallback_low_threshold,fixed
23_set2_rally25_ball7_Smash.mp4,Smash,1.639344262295082,67.21311475409836,fallback_low_threshold,fixed
23_set2_rally27_ball3_Clear.mp4,Clear,4.918032786885246,50.81967213114754,fallback_low_threshold,fixed
23_set2_rally27_ball6_Smash.mp4,Smash,0.0,72.1311475409836,fallback_low_threshold,fixed
23_set2_rally27_ball17_Smash.mp4,Smash,1.639344262295082,67.21311475409836,fallback_low_threshold,fixed
23_set2_rally27_ball31_Smash.mp4,Smash,34.42622950819672,68.85245901639344,fallback_low_threshold,fixed
23_set2_rally28_ball2_Clear.mp4,Clear,0.0,75.40983606557377,fallback_low_threshold,fixed
23_set2_rally29_ball3_Clear.mp4,Clear,0.0,57.377049180327866,fallback_low_threshold,fixed
23_set2_rally30_ball3_Clear.mp4,Clear,0.0,34.42622950819672,fallback_low_threshold,partial
23_set2_rally30_ball4_Smash.mp4,Smash,0.0,13.114754098360656,fallback_low_threshold,partial
23_set2_rally32_ball3_Smash.mp4,Smash,0.0,19.672131147540984,fallback_low_threshold,partial
24_set1_rally3_ball10_Smash.mp4,Smash,0.0,55.73770491803278,fallback_low_threshold,fixed
24_set1_rally5_ball10_Smash.mp4,Smash,0.0,62.295081967213115,ultra_low_threshold,fixed
24_set1_rally6_ball11_Clear.mp4,Clear,6.557377049180328,29.508196721311474,ultra_low_threshold,partial
24_set1_rally6_ball17_Clear.mp4,Clear,0.0,47.540983606557376,ultra_low_threshold,partial
24_set1_rally6_ball21_Clear.mp4,Clear,32.78688524590164,49.18032786885246,ultra_low_threshold,partial
24_set1_rally6_ball22_Clear.mp4,Clear,0.0,52.459016393442624,ultra_low_threshold,fixed
24_set1_rally6_ball35_Clear.mp4,Clear,0.0,39.34426229508197,fallback_low_threshold,partial
24_set1_rally6_ball36_Clear.mp4,Clear,0.0,39.34426229508197,ultra_low_threshold,partial
24_set1_rally7_ball6_Clear.mp4,Clear,0.0,36.0655737704918,fallback_low_threshold,partial
24_set1_rally9_ball20_Clear.mp4,Clear,0.0,65.57377049180327,ultra_low_threshold,fixed
24_set1_rally10_ball6_Clear.mp4,Clear,0.0,47.540983606557376,ultra_low_threshold,partial
24_set1_rally10_ball7_Clear.mp4,Clear,0.0,32.78688524590164,ultra_low_threshold,partial
24_set1_rally11_ball5_Clear.mp4,Clear,36.0655737704918,57.377049180327866,fallback_low_threshold,fixed
24_set1_rally12_ball10_Clear.mp4,Clear,6.557377049180328,47.540983606557376,ultra_low_threshold,partial
24_set1_rally12_ball11_Smash.mp4,Smash,0.0,50.81967213114754,ultra_low_threshold,fixed
24_set1_rally13_ball3_Clear.mp4,Clear,0.0,54.09836065573771,fallback_low_threshold,fixed
24_set1_rally16_ball6_Clear.mp4,Clear,0.0,45.90163934426229,ultra_low_threshold,partial
24_set1_rally18_ball24_Smash.mp4,Smash,47.540983606557376,47.540983606557376,fallback_low_threshold,partial
24_set1_rally19_ball24_Clear.mp4,Clear,3.278688524590164,47.540983606557376,ultra_low_threshold,partial
24_set1_rally19_ball25_Clear.mp4,Clear,0.0,49.18032786885246,ultra_low_threshold,partial
24_set1_rally19_ball30_Clear.mp4,Clear,0.0,42.62295081967213,ultra_low_threshold,partial
24_set1_rally19_ball31_Smash.mp4,Smash,0.0,49.18032786885246,ultra_low_threshold,partial
24_set1_rally19_ball40_Clear.mp4,Clear,0.0,47.540983606557376,ultra_low_threshold,partial
24_set1_rally19_ball41_Clear.mp4,Clear,0.0,62.295081967213115,ultra_low_threshold,fixed
24_set1_rally22_ball5_Clear.mp4,Clear,0.0,55.73770491803278,fallback_low_threshold,fixed
24_set1_rally23_ball5_Smash.mp4,Smash,1.639344262295082,70.49180327868852,ultra_low_threshold,fixed
24_set1_rally24_ball13_Smash.mp4,Smash,0.0,60.65573770491803,fallback_low_threshold,fixed
24_set1_rally26_ball4_Clear.mp4,Clear,40.98360655737705,60.65573770491803,fallback_low_threshold,fixed
24_set1_rally27_ball8_Smash.mp4,Smash,14.754098360655735,62.295081967213115,fallback_low_threshold,fixed
24_set1_rally28_ball2_Clear.mp4,Clear,0.0,55.73770491803278,fallback_low_threshold,fixed
24_set1_rally28_ball7_Smash.mp4,Smash,0.0,55.73770491803278,fallback_low_threshold,fixed
24_set1_rally28_ball10_Clear.mp4,Clear,0.0,55.73770491803278,fallback_low_threshold,fixed
24_set1_rally28_ball17_Smash.mp4,Smash,0.0,54.09836065573771,fallback_low_threshold,fixed
24_set1_rally28_ball20_Clear.mp4,Clear,13.114754098360656,65.57377049180327,fallback_low_threshold,fixed
24_set1_rally28_ball21_Clear.mp4,Clear,26.229508196721312,68.85245901639344,fallback_low_threshold,fixed
24_set1_rally28_ball22_Clear.mp4,Clear,1.639344262295082,60.65573770491803,ultra_low_threshold,fixed
24_set1_rally30_ball7_Clear.mp4,Clear,1.639344262295082,59.01639344262295,fallback_low_threshold,fixed
24_set1_rally32_ball7_Clear.mp4,Clear,0.0,59.01639344262295,ultra_low_threshold,fixed
24_set1_rally32_ball8_Clear.mp4,Clear,0.0,57.377049180327866,ultra_low_threshold,fixed
24_set1_rally32_ball9_Smash.mp4,Smash,6.557377049180328,59.01639344262295,ultra_low_threshold,fixed
24_set2_rally1_ball8_Smash.mp4,Smash,0.0,52.459016393442624,fallback_low_threshold,fixed
24_set2_rally3_ball4_Clear.mp4,Clear,0.0,54.09836065573771,ultra_low_threshold,fixed
24_set2_rally3_ball17_Clear.mp4,Clear,0.0,54.09836065573771,ultra_low_threshold,fixed
24_set2_rally3_ball18_Clear.mp4,Clear,0.0,47.540983606557376,ultra_low_threshold,partial
24_set2_rally4_ball10_Smash.mp4,Smash,0.0,72.1311475409836,ultra_low_threshold,fixed
24_set2_rally4_ball13_Smash.mp4,Smash,0.0,62.295081967213115,ultra_low_threshold,fixed
24_set2_rally4_ball16_Clear.mp4,Clear,18.0327868852459,29.508196721311474,ultra_low_threshold,partial
24_set2_rally4_ball17_Clear.mp4,Clear,1.639344262295082,44.26229508196721,ultra_low_threshold,partial
24_set2_rally4_ball18_Clear.mp4,Clear,0.0,45.90163934426229,ultra_low_threshold,partial
24_set2_rally4_ball19_Clear.mp4,Clear,0.0,39.34426229508197,fallback_low_threshold,partial
24_set2_rally4_ball20_Clear.mp4,Clear,0.0,54.09836065573771,ultra_low_threshold,fixed
24_set2_rally5_ball7_Smash.mp4,Smash,0.0,55.73770491803278,ultra_low_threshold,fixed
24_set2_rally5_ball25_Clear.mp4,Clear,0.0,47.540983606557376,ultra_low_threshold,partial
24_set2_rally5_ball26_Clear.mp4,Clear,1.639344262295082,42.62295081967213,ultra_low_threshold,partial
24_set2_rally5_ball27_Smash.mp4,Smash,0.0,42.62295081967213,ultra_low_threshold,partial
24_set2_rally7_ball21_Clear.mp4,Clear,14.754098360655735,52.459016393442624,fallback_low_threshold,fixed
24_set2_rally10_ball4_Smash.mp4,Smash,0.0,55.73770491803278,fallback_low_threshold,fixed
24_set2_rally11_ball4_Smash.mp4,Smash,0.0,55.73770491803278,fallback_low_threshold,fixed
24_set2_rally12_ball8_Smash.mp4,Smash,8.19672131147541,59.01639344262295,ultra_low_threshold,fixed
24_set2_rally13_ball4_Smash.mp4,Smash,1.639344262295082,50.81967213114754,fallback_low_threshold,fixed
24_set2_rally14_ball4_Smash.mp4,Smash,3.278688524590164,70.49180327868852,ultra_low_threshold,fixed
24_set2_rally15_ball2_Clear.mp4,Clear,0.0,39.34426229508197,ultra_low_threshold,partial
24_set2_rally16_ball3_Smash.mp4,Smash,0.0,91.80327868852459,ultra_low_threshold,fixed
24_set2_rally16_ball12_Clear.mp4,Clear,0.0,78.68852459016394,ultra_low_threshold,fixed
24_set2_rally17_ball4_Clear.mp4,Clear,0.0,98.36065573770492,ultra_low_threshold,fixed
24_set2_rally17_ball7_Clear.mp4,Clear,0.0,13.114754098360656,ultra_low_threshold,partial
24_set2_rally17_ball24_Clear.mp4,Clear,0.0,68.85245901639344,ultra_low_threshold,fixed
24_set2_rally17_ball25_Smash.mp4,Smash,1.639344262295082,26.229508196721312,fallback_low_threshold,partial
24_set2_rally19_ball3_Clear.mp4,Clear,0.0,75.40983606557377,ultra_low_threshold,fixed
24_set2_rally19_ball20_Clear.mp4,Clear,0.0,75.40983606557377,ultra_low_threshold,fixed
24_set2_rally19_ball30_Clear.mp4,Clear,0.0,81.9672131147541,fallback_low_threshold,fixed
24_set2_rally24_ball10_Smash.mp4,Smash,0.0,59.01639344262295,fallback_low_threshold,fixed
24_set2_rally25_ball2_Smash.mp4,Smash,1.639344262295082,57.377049180327866,fallback_low_threshold,fixed
24_set2_rally27_ball4_Clear.mp4,Clear,47.540983606557376,70.49180327868852,fallback_low_threshold,fixed
24_set2_rally29_ball5_Smash.mp4,Smash,0.0,54.09836065573771,ultra_low_threshold,fixed
24_set2_rally30_ball14_Smash.mp4,Smash,1.639344262295082,54.09836065573771,fallback_low_threshold,fixed
24_set2_rally30_ball25_Smash.mp4,Smash,0.0,55.73770491803278,ultra_low_threshold,fixed
24_set2_rally32_ball9_Smash.mp4,Smash,0.0,59.01639344262295,ultra_low_threshold,fixed
24_set2_rally33_ball3_Smash.mp4,Smash,0.0,22.950819672131146,ultra_low_threshold,partial
24_set2_rally33_ball7_Smash.mp4,Smash,0.0,98.36065573770492,ultra_low_threshold,fixed
24_set2_rally33_ball10_Clear.mp4,Clear,0.0,32.78688524590164,ultra_low_threshold,partial
24_set2_rally33_ball11_Smash.mp4,Smash,0.0,57.377049180327866,ultra_low_threshold,fixed
24_set2_rally35_ball6_Clear.mp4,Clear,0.0,50.81967213114754,ultra_low_threshold,fixed
24_set2_rally35_ball7_Smash.mp4,Smash,0.0,40.98360655737705,ultra_low_threshold,partial
24_set2_rally36_ball7_Clear.mp4,Clear,0.0,44.26229508196721,ultra_low_threshold,partial
24_set2_rally36_ball13_Smash.mp4,Smash,0.0,54.09836065573771,fallback_low_threshold,fixed
24_set2_rally36_ball19_Clear.mp4,Clear,0.0,45.90163934426229,fallback_low_threshold,partial
24_set2_rally36_ball22_Smash.mp4,Smash,0.0,34.42622950819672,fallback_low_threshold,partial
24_set2_rally36_ball25_Clear.mp4,Clear,0.0,45.90163934426229,fallback_low_threshold,partial
24_set2_rally36_ball26_Smash.mp4,Smash,0.0,50.81967213114754,ultra_low_threshold,fixed
24_set2_rally36_ball29_Smash.mp4,Smash,0.0,52.459016393442624,ultra_low_threshold,fixed
24_set2_rally38_ball3_Smash.mp4,Smash,0.0,65.57377049180327,ultra_low_threshold,fixed
24_set2_rally38_ball6_Smash.mp4,Smash,0.0,86.88524590163934,ultra_low_threshold,fixed
24_set2_rally40_ball8_Clear.mp4,Clear,0.0,27.86885245901639,ultra_low_threshold,partial
24_set2_rally40_ball9_Clear.mp4,Clear,0.0,62.295081967213115,ultra_low_threshold,fixed
24_set2_rally40_ball14_Clear.mp4,Clear,0.0,62.295081967213115,ultra_low_threshold,fixed
24_set2_rally40_ball20_Smash.mp4,Smash,0.0,49.18032786885246,ultra_low_threshold,partial
24_set3_rally1_ball6_Smash.mp4,Smash,40.98360655737705,50.81967213114754,ultra_low_threshold,fixed
24_set3_rally5_ball11_Smash.mp4,Smash,0.0,54.09836065573771,ultra_low_threshold,fixed
24_set3_rally7_ball2_Smash.mp4,Smash,1.639344262295082,45.90163934426229,ultra_low_threshold,partial
24_set3_rally8_ball2_Clear.mp4,Clear,0.0,91.80327868852459,ultra_low_threshold,fixed
24_set3_rally10_ball5_Smash.mp4,Smash,0.0,52.459016393442624,ultra_low_threshold,fixed
24_set3_rally12_ball8_Smash.mp4,Smash,0.0,47.540983606557376,fallback_low_threshold,partial
24_set3_rally12_ball12_Clear.mp4,Clear,0.0,55.73770491803278,fallback_low_threshold,fixed
24_set3_rally12_ball20_Smash.mp4,Smash,0.0,68.85245901639344,ultra_low_threshold,fixed
24_set3_rally13_ball3_Clear.mp4,Clear,0.0,40.98360655737705,ultra_low_threshold,partial
24_set3_rally16_ball8_Clear.mp4,Clear,0.0,34.42622950819672,fallback_low_threshold,partial
24_set3_rally16_ball9_Clear.mp4,Clear,0.0,50.81967213114754,fallback_low_threshold,fixed
24_set3_rally17_ball25_Smash.mp4,Smash,0.0,54.09836065573771,fallback_low_threshold,fixed
24_set3_rally17_ball37_Clear.mp4,Clear,0.0,60.65573770491803,fallback_low_threshold,fixed
24_set3_rally17_ball41_Clear.mp4,Clear,0.0,59.01639344262295,fallback_low_threshold,fixed
24_set3_rally18_ball3_Clear.mp4,Clear,0.0,54.09836065573771,fallback_low_threshold,fixed
24_set3_rally18_ball4_Clear.mp4,Clear,0.0,49.18032786885246,ultra_low_threshold,partial
24_set3_rally19_ball2_Clear.mp4,Clear,0.0,45.90163934426229,ultra_low_threshold,partial
24_set3_rally19_ball3_Clear.mp4,Clear,0.0,65.57377049180327,fallback_low_threshold,fixed
24_set3_rally19_ball4_Smash.mp4,Smash,0.0,54.09836065573771,fallback_low_threshold,fixed
24_set3_rally20_ball2_Clear.mp4,Clear,13.114754098360656,50.81967213114754,fallback_low_threshold,fixed
24_set3_rally21_ball4_Smash.mp4,Smash,0.0,81.9672131147541,ultra_low_threshold,fixed
24_set3_rally21_ball7_Clear.mp4,Clear,0.0,52.459016393442624,fallback_low_threshold,fixed
24_set3_rally25_ball2_Clear.mp4,Clear,18.0327868852459,44.26229508196721,ultra_low_threshold,partial
24_set3_rally25_ball3_Clear.mp4,Clear,0.0,57.377049180327866,ultra_low_threshold,fixed
24_set3_rally25_ball11_Clear.mp4,Clear,0.0,55.73770491803278,ultra_low_threshold,fixed
24_set3_rally25_ball12_Clear.mp4,Clear,0.0,98.36065573770492,ultra_low_threshold,fixed
24_set3_rally25_ball13_Clear.mp4,Clear,0.0,18.0327868852459,ultra_low_threshold,partial
24_set3_rally25_ball14_Smash.mp4,Smash,0.0,93.44262295081968,ultra_low_threshold,fixed
25_set1_rally1_ball3_Clear.mp4,Clear,0.0,100.0,ultra_low_threshold,fixed
25_set1_rally1_ball4_Clear.mp4,Clear,0.0,98.36065573770492,fallback_low_threshold,fixed
25_set1_rally2_ball2_Clear.mp4,Clear,0.0,90.1639344262295,ultra_low_threshold,fixed
25_set1_rally3_ball3_Clear.mp4,Clear,0.0,54.09836065573771,fallback_low_threshold,fixed
25_set1_rally3_ball4_Smash.mp4,Smash,0.0,100.0,ultra_low_threshold,fixed
25_set1_rally3_ball7_Clear.mp4,Clear,0.0,50.81967213114754,ultra_low_threshold,fixed
25_set1_rally3_ball11_Clear.mp4,Clear,0.0,54.09836065573771,fallback_low_threshold,fixed
25_set1_rally3_ball12_Clear.mp4,Clear,0.0,96.72131147540983,fallback_low_threshold,fixed
25_set1_rally5_ball6_Clear.mp4,Clear,0.0,54.09836065573771,fallback_low_threshold,fixed
25_set1_rally8_ball3_Clear.mp4,Clear,0.0,50.81967213114754,fallback_low_threshold,fixed
25_set1_rally10_ball5_Clear.mp4,Clear,1.639344262295082,78.68852459016394,fallback_low_threshold,fixed
25_set1_rally10_ball6_Clear.mp4,Clear,3.278688524590164,72.1311475409836,fallback_low_threshold,fixed
25_set1_rally10_ball7_Clear.mp4,Clear,0.0,73.77049180327869,fallback_low_threshold,fixed
25_set1_rally10_ball8_Clear.mp4,Clear,0.0,80.32786885245902,fallback_low_threshold,fixed
25_set1_rally12_ball12_Smash.mp4,Smash,0.0,70.49180327868852,fallback_low_threshold,fixed
25_set1_rally13_ball6_Smash.mp4,Smash,0.0,67.21311475409836,fallback_low_threshold,fixed
25_set1_rally14_ball3_Clear.mp4,Clear,27.86885245901639,57.377049180327866,fallback_low_threshold,fixed
25_set1_rally14_ball4_Clear.mp4,Clear,11.475409836065571,65.57377049180327,fallback_low_threshold,fixed
25_set1_rally14_ball13_Smash.mp4,Smash,19.672131147540984,73.77049180327869,fallback_low_threshold,fixed
25_set1_rally16_ball5_Clear.mp4,Clear,0.0,93.44262295081968,ultra_low_threshold,fixed
25_set1_rally17_ball2_Clear.mp4,Clear,0.0,54.09836065573771,fallback_low_threshold,fixed
25_set1_rally17_ball3_Clear.mp4,Clear,0.0,73.77049180327869,ultra_low_threshold,fixed
25_set1_rally17_ball7_Clear.mp4,Clear,1.639344262295082,67.21311475409836,fallback_low_threshold,fixed
25_set1_rally19_ball15_Clear.mp4,Clear,0.0,50.81967213114754,fallback_low_threshold,fixed
25_set1_rally19_ball16_Smash.mp4,Smash,0.0,57.377049180327866,fallback_low_threshold,fixed
25_set1_rally20_ball3_Clear.mp4,Clear,0.0,77.04918032786885,fallback_low_threshold,fixed
25_set1_rally20_ball4_Clear.mp4,Clear,0.0,60.65573770491803,fallback_low_threshold,fixed
25_set1_rally21_ball3_Clear.mp4,Clear,16.39344262295082,62.295081967213115,fallback_low_threshold,fixed
25_set1_rally21_ball12_Clear.mp4,Clear,0.0,60.65573770491803,fallback_low_threshold,fixed
25_set1_rally21_ball13_Clear.mp4,Clear,0.0,63.934426229508205,fallback_low_threshold,fixed
25_set1_rally23_ball16_Clear.mp4,Clear,0.0,98.36065573770492,ultra_low_threshold,fixed
25_set1_rally23_ball20_Clear.mp4,Clear,0.0,52.459016393442624,ultra_low_threshold,fixed
25_set1_rally23_ball25_Clear.mp4,Clear,0.0,60.65573770491803,ultra_low_threshold,fixed
25_set1_rally24_ball3_Clear.mp4,Clear,0.0,80.32786885245902,fallback_low_threshold,fixed
25_set1_rally25_ball6_Smash.mp4,Smash,0.0,75.40983606557377,fallback_low_threshold,fixed
25_set1_rally31_ball3_Clear.mp4,Clear,0.0,49.18032786885246,ultra_low_threshold,partial
25_set1_rally31_ball4_Clear.mp4,Clear,1.639344262295082,52.459016393442624,ultra_low_threshold,fixed
25_set1_rally31_ball5_Clear.mp4,Clear,45.90163934426229,44.26229508196721,ultra_low_threshold,partial
25_set1_rally33_ball3_Clear.mp4,Clear,11.475409836065571,40.98360655737705,ultra_low_threshold,partial
25_set1_rally34_ball5_Clear.mp4,Clear,13.114754098360656,57.377049180327866,ultra_low_threshold,fixed
25_set1_rally35_ball5_Clear.mp4,Clear,0.0,32.78688524590164,fallback_low_threshold,partial
25_set1_rally37_ball6_Clear.mp4,Clear,0.0,63.934426229508205,fallback_low_threshold,fixed
25_set2_rally3_ball2_Smash.mp4,Smash,0.0,78.68852459016394,ultra_low_threshold,fixed
25_set2_rally5_ball14_Clear.mp4,Clear,0.0,45.90163934426229,ultra_low_threshold,partial
25_set2_rally7_ball2_Clear.mp4,Clear,0.0,57.377049180327866,fallback_low_threshold,fixed
25_set2_rally8_ball2_Smash.mp4,Smash,13.114754098360656,75.40983606557377,fallback_low_threshold,fixed
25_set2_rally12_ball3_Clear.mp4,Clear,21.311475409836063,80.32786885245902,fallback_low_threshold,fixed
25_set2_rally18_ball9_Smash.mp4,Smash,0.0,100.0,ultra_low_threshold,fixed
25_set2_rally21_ball18_Clear.mp4,Clear,0.0,73.77049180327869,ultra_low_threshold,fixed
25_set2_rally27_ball3_Clear.mp4,Clear,0.0,70.49180327868852,ultra_low_threshold,fixed
25_set2_rally28_ball4_Clear.mp4,Clear,0.0,75.40983606557377,ultra_low_threshold,fixed
25_set2_rally29_ball13_Smash.mp4,Smash,0.0,73.77049180327869,ultra_low_threshold,fixed
25_set2_rally30_ball8_Clear.mp4,Clear,0.0,78.68852459016394,ultra_low_threshold,fixed
25_set2_rally32_ball5_Clear.mp4,Clear,0.0,68.85245901639344,fallback_low_threshold,fixed
25_set2_rally34_ball13_Clear.mp4,Clear,0.0,91.80327868852459,ultra_low_threshold,fixed
25_set2_rally35_ball3_Clear.mp4,Clear,0.0,63.934426229508205,fallback_low_threshold,fixed
25_set2_rally35_ball4_Smash.mp4,Smash,0.0,45.90163934426229,ultra_low_threshold,partial
25_set2_rally36_ball10_Clear.mp4,Clear,0.0,50.81967213114754,ultra_low_threshold,fixed
26_set1_rally1_ball11_Clear.mp4,Clear,0.0,65.57377049180327,fallback_low_threshold,fixed
26_set1_rally8_ball6_Clear.mp4,Clear,0.0,98.36065573770492,fallback_low_threshold,fixed
26_set1_rally8_ball10_Clear.mp4,Clear,0.0,93.44262295081968,fallback_low_threshold,fixed
26_set1_rally8_ball11_Smash.mp4,Smash,0.0,85.24590163934425,fallback_low_threshold,fixed
26_set1_rally10_ball28_Clear.mp4,Clear,0.0,62.295081967213115,ultra_low_threshold,fixed
26_set1_rally10_ball33_Smash.mp4,Smash,0.0,96.72131147540983,fallback_low_threshold,fixed
26_set1_rally10_ball36_Clear.mp4,Clear,0.0,100.0,fallback_low_threshold,fixed
26_set1_rally12_ball3_Clear.mp4,Clear,0.0,68.85245901639344,fallback_low_threshold,fixed
26_set1_rally12_ball11_Clear.mp4,Clear,0.0,100.0,ultra_low_threshold,fixed
26_set1_rally12_ball15_Clear.mp4,Clear,0.0,70.49180327868852,ultra_low_threshold,fixed
26_set1_rally12_ball16_Clear.mp4,Clear,0.0,50.81967213114754,ultra_low_threshold,fixed
26_set1_rally12_ball17_Clear.mp4,Clear,0.0,68.85245901639344,ultra_low_threshold,fixed
26_set1_rally13_ball15_Clear.mp4,Clear,0.0,85.24590163934425,ultra_low_threshold,fixed
26_set1_rally13_ball16_Smash.mp4,Smash,0.0,16.39344262295082,ultra_low_threshold,partial
26_set1_rally13_ball30_Clear.mp4,Clear,0.0,54.09836065573771,fallback_low_threshold,fixed
26_set1_rally13_ball31_Smash.mp4,Smash,0.0,72.1311475409836,fallback_low_threshold,fixed
26_set1_rally16_ball8_Smash.mp4,Smash,0.0,100.0,fallback_low_threshold,fixed
26_set1_rally17_ball10_Clear.mp4,Clear,0.0,52.459016393442624,fallback_low_threshold,fixed
26_set1_rally17_ball11_Clear.mp4,Clear,0.0,37.704918032786885,ultra_low_threshold,partial
26_set1_rally18_ball14_Clear.mp4,Clear,0.0,90.1639344262295,fallback_low_threshold,fixed
26_set1_rally20_ball10_Clear.mp4,Clear,0.0,62.295081967213115,fallback_low_threshold,fixed
26_set1_rally20_ball14_Clear.mp4,Clear,42.62295081967213,96.72131147540983,fallback_low_threshold,fixed
26_set1_rally22_ball5_Clear.mp4,Clear,24.59016393442623,59.01639344262295,fallback_low_threshold,fixed
26_set1_rally22_ball14_Clear.mp4,Clear,0.0,59.01639344262295,fallback_low_threshold,fixed
26_set1_rally22_ball15_Smash.mp4,Smash,0.0,88.52459016393442,fallback_low_threshold,fixed
26_set1_rally23_ball2_Clear.mp4,Clear,8.19672131147541,50.81967213114754,fallback_low_threshold,fixed
26_set1_rally25_ball5_Clear.mp4,Clear,0.0,98.36065573770492,fallback_low_threshold,fixed
26_set1_rally25_ball8_Clear.mp4,Clear,0.0,86.88524590163934,fallback_low_threshold,fixed
26_set1_rally27_ball8_Clear.mp4,Clear,0.0,45.90163934426229,ultra_low_threshold,partial
26_set1_rally27_ball9_Smash.mp4,Smash,0.0,72.1311475409836,fallback_low_threshold,fixed
26_set1_rally29_ball3_Clear.mp4,Clear,0.0,96.72131147540983,fallback_low_threshold,fixed
26_set1_rally33_ball3_Clear.mp4,Clear,0.0,62.295081967213115,fallback_low_threshold,fixed
26_set2_rally18_ball8_Smash.mp4,Smash,45.90163934426229,65.57377049180327,fallback_low_threshold,fixed
26_set2_rally21_ball5_Clear.mp4,Clear,44.26229508196721,54.09836065573771,ultra_low_threshold,fixed
26_set2_rally21_ball10_Clear.mp4,Clear,6.557377049180328,52.459016393442624,ultra_low_threshold,fixed
26_set2_rally26_ball3_Clear.mp4,Clear,14.754098360655735,54.09836065573771,fallback_low_threshold,fixed
28_set1_rally1_ball15_Smash.mp4,Smash,8.19672131147541,14.754098360655737,ultra_low_threshold,partial
28_set1_rally2_ball7_Clear.mp4,Clear,0.0,100.0,fallback_low_threshold,fixed
28_set1_rally2_ball8_Smash.mp4,Smash,0.0,26.229508196721312,ultra_low_threshold,partial
28_set1_rally3_ball6_Smash.mp4,Smash,11.475409836065571,3.278688524590164,ultra_low_threshold,partial
28_set1_rally3_ball10_Smash.mp4,Smash,0.0,100.0,fallback_low_threshold,fixed
28_set1_rally3_ball22_Clear.mp4,Clear,0.0,77.04918032786885,fallback_low_threshold,fixed
28_set1_rally4_ball4_Smash.mp4,Smash,0.0,100.0,fallback_low_threshold,fixed
28_set1_rally4_ball7_Smash.mp4,Smash,0.0,24.59016393442623,fallback_low_threshold,partial
28_set1_rally7_ball4_Smash.mp4,Smash,0.0,67.21311475409836,ultra_low_threshold,fixed
28_set1_rally7_ball7_Smash.mp4,Smash,0.0,6.557377049180328,ultra_low_threshold,partial
28_set1_rally7_ball11_Smash.mp4,Smash,0.0,4.918032786885246,ultra_low_threshold,partial
28_set1_rally7_ball14_Clear.mp4,Clear,0.0,3.278688524590164,ultra_low_threshold,partial
28_set1_rally8_ball4_Smash.mp4,Smash,1.639344262295082,3.278688524590164,ultra_low_threshold,partial
28_set1_rally10_ball11_Smash.mp4,Smash,6.557377049180328,100.0,fallback_low_threshold,fixed
28_set1_rally14_ball6_Smash.mp4,Smash,0.0,9.836065573770492,fallback_low_threshold,partial
28_set2_rally8_ball2_Smash.mp4,Smash,24.59016393442623,44.26229508196721,ultra_low_threshold,partial
28_set2_rally8_ball5_Smash.mp4,Smash,0.0,22.950819672131146,ultra_low_threshold,partial
28_set2_rally8_ball8_Smash.mp4,Smash,0.0,83.60655737704919,ultra_low_threshold,fixed
28_set2_rally8_ball12_Smash.mp4,Smash,0.0,78.68852459016394,ultra_low_threshold,fixed
28_set2_rally9_ball6_Smash.mp4,Smash,13.114754098360656,67.21311475409836,ultra_low_threshold,fixed
28_set2_rally9_ball11_Smash.mp4,Smash,8.19672131147541,67.21311475409836,ultra_low_threshold,fixed
28_set2_rally13_ball3_Smash.mp4,Smash,0.0,39.34426229508197,fallback_low_threshold,partial
28_set2_rally13_ball7_Smash.mp4,Smash,0.0,60.65573770491803,ultra_low_threshold,fixed
28_set2_rally13_ball10_Clear.mp4,Clear,0.0,81.9672131147541,ultra_low_threshold,fixed
28_set2_rally13_ball11_Smash.mp4,Smash,0.0,59.01639344262295,ultra_low_threshold,fixed
28_set2_rally13_ball28_Smash.mp4,Smash,1.639344262295082,52.459016393442624,ultra_low_threshold,fixed
28_set2_rally15_ball3_Smash.mp4,Smash,0.0,37.704918032786885,ultra_low_threshold,partial
28_set2_rally16_ball5_Smash.mp4,Smash,0.0,34.42622950819672,ultra_low_threshold,partial
28_set2_rally17_ball23_Smash.mp4,Smash,0.0,42.62295081967213,ultra_low_threshold,partial
28_set2_rally17_ball32_Clear.mp4,Clear,34.42622950819672,24.59016393442623,ultra_low_threshold,partial
28_set2_rally17_ball36_Clear.mp4,Clear,0.0,16.39344262295082,ultra_low_threshold,partial
28_set2_rally18_ball12_Smash.mp4,Smash,0.0,49.18032786885246,ultra_low_threshold,partial
28_set2_rally19_ball4_Smash.mp4,Smash,0.0,49.18032786885246,ultra_low_threshold,partial
28_set2_rally19_ball7_Smash.mp4,Smash,0.0,68.85245901639344,fallback_low_threshold,fixed
28_set2_rally19_ball13_Smash.mp4,Smash,0.0,9.836065573770492,fallback_low_threshold,partial
28_set2_rally20_ball5_Smash.mp4,Smash,0.0,39.34426229508197,ultra_low_threshold,partial
28_set2_rally21_ball7_Smash.mp4,Smash,0.0,26.229508196721312,ultra_low_threshold,partial
28_set2_rally21_ball10_Smash.mp4,Smash,0.0,98.36065573770492,ultra_low_threshold,fixed
28_set2_rally22_ball10_Smash.mp4,Smash,0.0,54.09836065573771,ultra_low_threshold,fixed
28_set2_rally22_ball19_Smash.mp4,Smash,0.0,54.09836065573771,ultra_low_threshold,fixed
28_set2_rally23_ball2_Smash.mp4,Smash,13.114754098360656,37.704918032786885,ultra_low_threshold,partial
28_set2_rally23_ball6_Smash.mp4,Smash,4.918032786885246,34.42622950819672,ultra_low_threshold,partial
28_set2_rally25_ball8_Clear.mp4,Clear,4.918032786885246,47.540983606557376,ultra_low_threshold,partial
28_set2_rally25_ball9_Smash.mp4,Smash,0.0,37.704918032786885,ultra_low_threshold,partial
28_set2_rally26_ball11_Smash.mp4,Smash,0.0,50.81967213114754,ultra_low_threshold,fixed
28_set2_rally26_ball14_Smash.mp4,Smash,0.0,32.78688524590164,ultra_low_threshold,partial
28_set2_rally26_ball17_Smash.mp4,Smash,1.639344262295082,34.42622950819672,ultra_low_threshold,partial
28_set2_rally26_ball20_Smash.mp4,Smash,3.278688524590164,39.34426229508197,fallback_low_threshold,partial
28_set2_rally26_ball23_Smash.mp4,Smash,0.0,40.98360655737705,ultra_low_threshold,partial
28_set2_rally28_ball2_Smash.mp4,Smash,40.98360655737705,67.21311475409836,ultra_low_threshold,fixed
28_set2_rally30_ball3_Smash.mp4,Smash,9.836065573770492,60.65573770491803,fallback_low_threshold,fixed
28_set2_rally30_ball11_Smash.mp4,Smash,21.311475409836063,42.62295081967213,ultra_low_threshold,partial
28_set2_rally30_ball15_Clear.mp4,Clear,6.557377049180328,22.950819672131146,ultra_low_threshold,partial
28_set2_rally30_ball16_Smash.mp4,Smash,42.62295081967213,21.311475409836063,ultra_low_threshold,partial
28_set2_rally31_ball8_Smash.mp4,Smash,6.557377049180328,45.90163934426229,ultra_low_threshold,partial
28_set2_rally32_ball7_Clear.mp4,Clear,0.0,45.90163934426229,ultra_low_threshold,partial
28_set2_rally34_ball4_Smash.mp4,Smash,4.918032786885246,36.0655737704918,ultra_low_threshold,partial
28_set2_rally34_ball14_Clear.mp4,Clear,1.639344262295082,65.57377049180327,ultra_low_threshold,fixed
29_set2_rally9_ball10_Smash.mp4,Smash,19.672131147540984,91.80327868852459,fallback_low_threshold,fixed
29_set2_rally10_ball5_Smash.mp4,Smash,37.704918032786885,95.08196721311475,ultra_low_threshold,fixed
29_set2_rally11_ball3_Clear.mp4,Clear,0.0,95.08196721311475,ultra_low_threshold,fixed
29_set2_rally13_ball4_Clear.mp4,Clear,0.0,96.72131147540983,fallback_low_threshold,fixed
29_set2_rally13_ball5_Clear.mp4,Clear,0.0,73.77049180327869,ultra_low_threshold,fixed
29_set2_rally13_ball6_Smash.mp4,Smash,0.0,18.0327868852459,ultra_low_threshold,partial
29_set2_rally15_ball7_Smash.mp4,Smash,0.0,100.0,ultra_low_threshold,fixed
29_set2_rally15_ball10_Smash.mp4,Smash,13.114754098360656,55.73770491803278,fallback_low_threshold,fixed
29_set2_rally39_ball15_Smash.mp4,Smash,27.86885245901639,96.72131147540983,ultra_low_threshold,fixed
30_set1_rally3_ball4_Clear.mp4,Clear,0.0,98.36065573770492,fallback_low_threshold,fixed
30_set1_rally3_ball5_Clear.mp4,Clear,31.147540983606557,98.36065573770492,fallback_low_threshold,fixed
30_set1_rally3_ball6_Clear.mp4,Clear,14.754098360655735,91.80327868852459,fallback_low_threshold,fixed
30_set2_rally15_ball6_Clear.mp4,Clear,1.639344262295082,86.88524590163934,ultra_low_threshold,fixed
30_set2_rally19_ball4_Clear.mp4,Clear,0.0,98.36065573770492,ultra_low_threshold,fixed
30_set2_rally19_ball8_Smash.mp4,Smash,14.754098360655735,49.18032786885246,ultra_low_threshold,partial
30_set2_rally19_ball19_Clear.mp4,Clear,32.78688524590164,62.295081967213115,ultra_low_threshold,fixed
30_set2_rally22_ball10_Smash.mp4,Smash,0.0,26.229508196721312,fallback_low_threshold,partial
30_set2_rally23_ball4_Clear.mp4,Clear,0.0,55.73770491803278,ultra_low_threshold,fixed
30_set2_rally23_ball8_Clear.mp4,Clear,0.0,50.81967213114754,ultra_low_threshold,fixed
30_set2_rally23_ball17_Clear.mp4,Clear,11.475409836065571,42.62295081967213,ultra_low_threshold,partial
30_set2_rally24_ball17_Smash.mp4,Smash,9.836065573770492,57.377049180327866,ultra_low_threshold,fixed
30_set2_rally25_ball5_Smash.mp4,Smash,4.918032786885246,45.90163934426229,ultra_low_threshold,partial
30_set2_rally25_ball9_Smash.mp4,Smash,1.639344262295082,42.62295081967213,ultra_low_threshold,partial
30_set2_rally26_ball3_Clear.mp4,Clear,3.278688524590164,72.1311475409836,fallback_low_threshold,fixed
30_set2_rally26_ball4_Smash.mp4,Smash,26.229508196721312,85.24590163934425,ultra_low_threshold,fixed
30_set2_rally27_ball3_Clear.mp4,Clear,0.0,85.24590163934425,ultra_low_threshold,fixed
30_set2_rally27_ball4_Smash.mp4,Smash,8.19672131147541,63.934426229508205,fallback_low_threshold,fixed
30_set2_rally27_ball11_Clear.mp4,Clear,3.278688524590164,86.88524590163934,ultra_low_threshold,fixed
30_set2_rally27_ball15_Clear.mp4,Clear,16.39344262295082,98.36065573770492,ultra_low_threshold,fixed
30_set2_rally27_ball20_Clear.mp4,Clear,14.754098360655735,78.68852459016394,fallback_low_threshold,fixed
30_set2_rally27_ball21_Clear.mp4,Clear,19.672131147540984,96.72131147540983,ultra_low_threshold,fixed
30_set2_rally27_ball26_Smash.mp4,Smash,0.0,73.77049180327869,fallback_low_threshold,fixed
30_set2_rally32_ball6_Smash.mp4,Smash,0.0,78.68852459016394,fallback_low_threshold,fixed
30_set2_rally33_ball11_Smash.mp4,Smash,0.0,16.39344262295082,ultra_low_threshold,partial
30_set2_rally33_ball15_Clear.mp4,Clear,0.0,34.42622950819672,ultra_low_threshold,partial
30_set2_rally33_ball16_Smash.mp4,Smash,3.278688524590164,47.540983606557376,ultra_low_threshold,partial
30_set2_rally38_ball7_Smash.mp4,Smash,1.639344262295082,96.72131147540983,fallback_low_threshold,fixed
30_set3_rally2_ball18_Clear.mp4,Clear,16.39344262295082,98.36065573770492,fallback_low_threshold,fixed
30_set3_rally2_ball26_Smash.mp4,Smash,0.0,100.0,fallback_low_threshold,fixed
30_set3_rally3_ball4_Clear.mp4,Clear,22.950819672131143,100.0,fallback_low_threshold,fixed
30_set3_rally3_ball5_Smash.mp4,Smash,3.278688524590164,98.36065573770492,fallback_low_threshold,fixed
30_set3_rally15_ball3_Smash.mp4,Smash,14.754098360655735,100.0,fallback_low_threshold,fixed
30_set3_rally28_ball4_Clear.mp4,Clear,0.0,24.59016393442623,fallback_low_threshold,partial
30_set3_rally30_ball14_Smash.mp4,Smash,0.0,39.34426229508197,ultra_low_threshold,partial
30_set3_rally30_ball23_Clear.mp4,Clear,11.475409836065571,63.934426229508205,ultra_low_threshold,fixed
30_set3_rally33_ball18_Clear.mp4,Clear,4.918032786885246,54.09836065573771,ultra_low_threshold,fixed
30_set3_rally36_ball2_Smash.mp4,Smash,0.0,95.08196721311475,ultra_low_threshold,fixed
30_set3_rally36_ball9_Clear.mp4,Clear,0.0,100.0,ultra_low_threshold,fixed
30_set3_rally36_ball10_Smash.mp4,Smash,8.19672131147541,42.62295081967213,ultra_low_threshold,partial
30_set3_rally41_ball5_Smash.mp4,Smash,1.639344262295082,32.78688524590164,fallback_low_threshold,partial
31_set1_rally2_ball3_Clear.mp4,Clear,0.0,60.65573770491803,fallback_low_threshold,fixed
31_set1_rally2_ball4_Clear.mp4,Clear,0.0,96.72131147540983,fallback_low_threshold,fixed
31_set1_rally6_ball7_Clear.mp4,Clear,0.0,93.44262295081968,fallback_low_threshold,fixed
31_set1_rally6_ball13_Clear.mp4,Clear,0.0,88.52459016393442,fallback_low_threshold,fixed
31_set1_rally7_ball3_Clear.mp4,Clear,0.0,98.36065573770492,fallback_low_threshold,fixed
31_set1_rally7_ball7_Clear.mp4,Clear,0.0,100.0,fallback_low_threshold,fixed
31_set1_rally8_ball9_Clear.mp4,Clear,0.0,100.0,fallback_low_threshold,fixed
31_set1_rally8_ball10_Clear.mp4,Clear,0.0,95.08196721311475,fallback_low_threshold,fixed
31_set1_rally8_ball11_Clear.mp4,Clear,0.0,96.72131147540983,fallback_low_threshold,fixed
31_set1_rally8_ball12_Clear.mp4,Clear,0.0,100.0,fallback_low_threshold,fixed
31_set1_rally8_ball18_Clear.mp4,Clear,0.0,90.1639344262295,fallback_low_threshold,fixed
31_set1_rally8_ball19_Clear.mp4,Clear,0.0,100.0,fallback_low_threshold,fixed
31_set1_rally8_ball20_Clear.mp4,Clear,0.0,100.0,fallback_low_threshold,fixed
31_set1_rally9_ball3_Clear.mp4,Clear,0.0,95.08196721311475,fallback_low_threshold,fixed
31_set1_rally11_ball2_Clear.mp4,Clear,0.0,75.40983606557377,fallback_low_threshold,fixed
31_set1_rally14_ball3_Clear.mp4,Clear,0.0,96.72131147540983,ultra_low_threshold,fixed
31_set1_rally14_ball7_Clear.mp4,Clear,0.0,60.65573770491803,fallback_low_threshold,fixed
31_set1_rally14_ball8_Clear.mp4,Clear,0.0,95.08196721311475,fallback_low_threshold,fixed
31_set1_rally14_ball9_Clear.mp4,Clear,0.0,78.68852459016394,fallback_low_threshold,fixed
31_set1_rally18_ball5_Smash.mp4,Smash,0.0,96.72131147540983,fallback_low_threshold,fixed
31_set1_rally19_ball3_Clear.mp4,Clear,0.0,95.08196721311475,fallback_low_threshold,fixed
31_set1_rally19_ball4_Smash.mp4,Smash,0.0,100.0,fallback_low_threshold,fixed
31_set1_rally21_ball3_Clear.mp4,Clear,0.0,83.60655737704919,fallback_low_threshold,fixed
31_set1_rally22_ball6_Clear.mp4,Clear,0.0,100.0,fallback_low_threshold,fixed
31_set1_rally22_ball7_Clear.mp4,Clear,0.0,93.44262295081968,fallback_low_threshold,fixed
31_set1_rally23_ball2_Clear.mp4,Clear,0.0,98.36065573770492,fallback_low_threshold,fixed
31_set1_rally25_ball4_Clear.mp4,Clear,0.0,100.0,fallback_low_threshold,fixed
31_set1_rally26_ball3_Clear.mp4,Clear,0.0,98.36065573770492,fallback_low_threshold,fixed
31_set1_rally26_ball4_Clear.mp4,Clear,0.0,98.36065573770492,fallback_low_threshold,fixed
31_set2_rally2_ball7_Smash.mp4,Smash,0.0,100.0,fallback_low_threshold,fixed
31_set2_rally3_ball14_Clear.mp4,Clear,0.0,91.80327868852459,fallback_low_threshold,fixed
31_set2_rally5_ball4_Smash.mp4,Smash,0.0,100.0,fallback_low_threshold,fixed
31_set2_rally6_ball4_Smash.mp4,Smash,0.0,100.0,fallback_low_threshold,fixed
31_set2_rally7_ball6_Clear.mp4,Clear,0.0,100.0,fallback_low_threshold,fixed
31_set2_rally7_ball20_Clear.mp4,Clear,3.278688524590164,98.36065573770492,fallback_low_threshold,fixed
31_set2_rally7_ball23_Clear.mp4,Clear,0.0,100.0,fallback_low_threshold,fixed
31_set2_rally7_ball27_Clear.mp4,Clear,0.0,98.36065573770492,fallback_low_threshold,fixed
31_set2_rally9_ball3_Smash.mp4,Smash,0.0,95.08196721311475,fallback_low_threshold,fixed
31_set2_rally9_ball10_Smash.mp4,Smash,0.0,98.36065573770492,fallback_low_threshold,fixed
31_set2_rally11_ball2_Clear.mp4,Clear,0.0,100.0,fallback_low_threshold,fixed
31_set2_rally12_ball4_Smash.mp4,Smash,0.0,100.0,fallback_low_threshold,fixed
31_set2_rally14_ball3_Clear.mp4,Clear,0.0,91.80327868852459,fallback_low_threshold,fixed
31_set2_rally16_ball3_Clear.mp4,Clear,0.0,86.88524590163934,fallback_low_threshold,fixed
31_set2_rally16_ball4_Smash.mp4,Smash,0.0,100.0,fallback_low_threshold,fixed
31_set2_rally16_ball13_Clear.mp4,Clear,0.0,98.36065573770492,fallback_low_threshold,fixed
31_set2_rally16_ball14_Smash.mp4,Smash,0.0,98.36065573770492,fallback_low_threshold,fixed
31_set2_rally19_ball7_Smash.mp4,Smash,9.836065573770492,100.0,fallback_low_threshold,fixed
31_set2_rally20_ball3_Clear.mp4,Clear,0.0,96.72131147540983,fallback_low_threshold,fixed
31_set2_rally20_ball6_Smash.mp4,Smash,0.0,90.1639344262295,fallback_low_threshold,fixed
31_set2_rally20_ball11_Clear.mp4,Clear,0.0,88.52459016393442,fallback_low_threshold,fixed
31_set2_rally20_ball12_Smash.mp4,Smash,0.0,98.36065573770492,fallback_low_threshold,fixed
31_set2_rally22_ball8_Smash.mp4,Smash,36.0655737704918,85.24590163934425,fallback_low_threshold,fixed
31_set2_rally23_ball3_Smash.mp4,Smash,0.0,98.36065573770492,fallback_low_threshold,fixed
31_set2_rally23_ball7_Smash.mp4,Smash,0.0,100.0,fallback_low_threshold,fixed
31_set2_rally23_ball11_Smash.mp4,Smash,0.0,100.0,fallback_low_threshold,fixed
31_set2_rally24_ball3_Smash.mp4,Smash,0.0,98.36065573770492,fallback_low_threshold,fixed
31_set2_rally27_ball4_Clear.mp4,Clear,0.0,100.0,fallback_low_threshold,fixed
31_set2_rally27_ball18_Clear.mp4,Clear,0.0,100.0,fallback_low_threshold,fixed
31_set2_rally27_ball19_Clear.mp4,Clear,0.0,68.85245901639344,fallback_low_threshold,fixed
31_set2_rally27_ball20_Smash.mp4,Smash,0.0,98.36065573770492,fallback_low_threshold,fixed
31_set2_rally29_ball3_Clear.mp4,Clear,21.311475409836063,98.36065573770492,fallback_low_threshold,fixed
31_set2_rally30_ball4_Clear.mp4,Clear,0.0,98.36065573770492,fallback_low_threshold,fixed
31_set2_rally30_ball5_Smash.mp4,Smash,0.0,100.0,fallback_low_threshold,fixed
31_set2_rally33_ball4_Clear.mp4,Clear,31.147540983606557,91.80327868852459,fallback_low_threshold,fixed
31_set2_rally33_ball5_Smash.mp4,Smash,0.0,95.08196721311475,ultra_low_threshold,fixed
31_set2_rally34_ball3_Clear.mp4,Clear,0.0,98.36065573770492,fallback_low_threshold,fixed
31_set2_rally35_ball8_Smash.mp4,Smash,0.0,98.36065573770492,fallback_low_threshold,fixed
32_set1_rally2_ball4_Smash.mp4,Smash,0.0,81.9672131147541,fallback_low_threshold,fixed
32_set1_rally4_ball6_Smash.mp4,Smash,0.0,91.80327868852459,fallback_low_threshold,fixed
32_set1_rally4_ball11_Clear.mp4,Clear,0.0,88.52459016393442,fallback_low_threshold,fixed
32_set1_rally5_ball10_Smash.mp4,Smash,0.0,67.21311475409836,fallback_low_threshold,fixed
32_set1_rally5_ball15_Smash.mp4,Smash,0.0,91.80327868852459,ultra_low_threshold,fixed
32_set1_rally7_ball6_Smash.mp4,Smash,0.0,95.08196721311475,fallback_low_threshold,fixed
32_set1_rally9_ball11_Smash.mp4,Smash,0.0,96.72131147540983,fallback_low_threshold,fixed
32_set1_rally10_ball15_Clear.mp4,Clear,49.18032786885246,86.88524590163934,fallback_low_threshold,fixed
32_set1_rally14_ball15_Clear.mp4,Clear,47.540983606557376,78.68852459016394,fallback_low_threshold,fixed
32_set1_rally16_ball6_Clear.mp4,Clear,0.0,80.32786885245902,fallback_low_threshold,fixed
32_set1_rally16_ball7_Smash.mp4,Smash,0.0,90.1639344262295,fallback_low_threshold,fixed
32_set1_rally20_ball8_Smash.mp4,Smash,4.918032786885246,86.88524590163934,fallback_low_threshold,fixed
32_set1_rally22_ball13_Smash.mp4,Smash,27.86885245901639,88.52459016393442,fallback_low_threshold,fixed
32_set1_rally26_ball13_Clear.mp4,Clear,0.0,83.60655737704919,fallback_low_threshold,fixed
32_set1_rally26_ball20_Clear.mp4,Clear,0.0,77.04918032786885,fallback_low_threshold,fixed
32_set1_rally31_ball4_Smash.mp4,Smash,18.0327868852459,63.934426229508205,fallback_low_threshold,fixed
32_set1_rally32_ball4_Smash.mp4,Smash,0.0,90.1639344262295,fallback_low_threshold,fixed
32_set1_rally33_ball15_Smash.mp4,Smash,31.147540983606557,80.32786885245902,fallback_low_threshold,fixed
32_set1_rally33_ball19_Clear.mp4,Clear,0.0,72.1311475409836,fallback_low_threshold,fixed
32_set1_rally33_ball34_Clear.mp4,Clear,34.42622950819672,75.40983606557377,fallback_low_threshold,fixed
32_set1_rally33_ball35_Smash.mp4,Smash,0.0,67.21311475409836,fallback_low_threshold,fixed
32_set1_rally40_ball12_Smash.mp4,Smash,19.672131147540984,65.57377049180327,fallback_low_threshold,fixed
32_set1_rally42_ball5_Clear.mp4,Clear,27.86885245901639,95.08196721311475,fallback_low_threshold,fixed
32_set2_rally4_ball16_Smash.mp4,Smash,18.0327868852459,83.60655737704919,fallback_low_threshold,fixed
32_set2_rally32_ball4_Smash.mp4,Smash,14.754098360655735,63.934426229508205,fallback_low_threshold,fixed
32_set3_rally1_ball3_Smash.mp4,Smash,34.42622950819672,75.40983606557377,fallback_low_threshold,fixed
32_set3_rally4_ball10_Smash.mp4,Smash,0.0,83.60655737704919,fallback_low_threshold,fixed
32_set3_rally5_ball6_Smash.mp4,Smash,32.78688524590164,98.36065573770492,fallback_low_threshold,fixed
32_set3_rally6_ball8_Smash.mp4,Smash,0.0,96.72131147540983,fallback_low_threshold,fixed
32_set3_rally6_ball12_Smash.mp4,Smash,0.0,85.24590163934425,fallback_low_threshold,fixed
32_set3_rally7_ball9_Clear.mp4,Clear,1.639344262295082,85.24590163934425,fallback_low_threshold,fixed
32_set3_rally7_ball10_Smash.mp4,Smash,0.0,96.72131147540983,fallback_low_threshold,fixed
32_set3_rally8_ball3_Smash.mp4,Smash,0.0,100.0,fallback_low_threshold,fixed
32_set3_rally8_ball10_Clear.mp4,Clear,27.86885245901639,78.68852459016394,fallback_low_threshold,fixed
32_set3_rally8_ball11_Clear.mp4,Clear,32.78688524590164,88.52459016393442,fallback_low_threshold,fixed
32_set3_rally8_ball12_Clear.mp4,Clear,0.0,55.73770491803278,fallback_low_threshold,fixed
32_set3_rally9_ball4_Smash.mp4,Smash,0.0,86.88524590163934,fallback_low_threshold,fixed
32_set3_rally10_ball3_Clear.mp4,Clear,27.86885245901639,50.81967213114754,fallback_low_threshold,fixed
32_set3_rally10_ball4_Smash.mp4,Smash,0.0,63.934426229508205,fallback_low_threshold,fixed
32_set3_rally11_ball3_Smash.mp4,Smash,11.475409836065571,54.09836065573771,fallback_low_threshold,fixed
32_set3_rally12_ball6_Smash.mp4,Smash,0.0,78.68852459016394,fallback_low_threshold,fixed
32_set3_rally13_ball14_Clear.mp4,Clear,3.278688524590164,78.68852459016394,fallback_low_threshold,fixed
32_set3_rally16_ball3_Clear.mp4,Clear,27.86885245901639,70.49180327868852,fallback_low_threshold,fixed
32_set3_rally16_ball10_Smash.mp4,Smash,1.639344262295082,67.21311475409836,fallback_low_threshold,fixed
32_set3_rally16_ball17_Clear.mp4,Clear,8.19672131147541,62.295081967213115,fallback_low_threshold,fixed
32_set3_rally18_ball3_Smash.mp4,Smash,47.540983606557376,65.57377049180327,fallback_low_threshold,fixed
32_set3_rally19_ball4_Smash.mp4,Smash,1.639344262295082,85.24590163934425,fallback_low_threshold,fixed
32_set3_rally26_ball3_Smash.mp4,Smash,36.0655737704918,75.40983606557377,fallback_low_threshold,fixed
32_set3_rally33_ball5_Smash.mp4,Smash,24.59016393442623,78.68852459016394,ultra_low_threshold,fixed
32_set3_rally33_ball9_Smash.mp4,Smash,0.0,62.295081967213115,fallback_low_threshold,fixed
32_set3_rally34_ball5_Smash.mp4,Smash,3.278688524590164,50.81967213114754,fallback_low_threshold,fixed
32_set3_rally34_ball9_Clear.mp4,Clear,49.18032786885246,52.459016393442624,ultra_low_threshold,fixed
32_set3_rally34_ball10_Smash.mp4,Smash,3.278688524590164,57.377049180327866,ultra_low_threshold,fixed
32_set3_rally36_ball6_Smash.mp4,Smash,14.754098360655735,62.295081967213115,fallback_low_threshold,fixed
32_set3_rally40_ball6_Smash.mp4,Smash,16.39344262295082,50.81967213114754,ultra_low_threshold,fixed
33_set1_rally2_ball16_Clear.mp4,Clear,27.86885245901639,93.44262295081968,fallback_low_threshold,fixed
33_set1_rally2_ball21_Smash.mp4,Smash,8.19672131147541,88.52459016393442,ultra_low_threshold,fixed
33_set1_rally9_ball11_Clear.mp4,Clear,14.754098360655735,62.295081967213115,fallback_low_threshold,fixed
33_set1_rally9_ball12_Clear.mp4,Clear,29.50819672131147,98.36065573770492,ultra_low_threshold,fixed
33_set1_rally15_ball8_Clear.mp4,Clear,0.0,100.0,fallback_low_threshold,fixed
33_set1_rally16_ball9_Clear.mp4,Clear,0.0,100.0,fallback_low_threshold,fixed
33_set1_rally19_ball6_Clear.mp4,Clear,19.672131147540984,80.32786885245902,fallback_low_threshold,fixed
33_set1_rally33_ball9_Clear.mp4,Clear,0.0,93.44262295081968,fallback_low_threshold,fixed
33_set1_rally33_ball10_Clear.mp4,Clear,0.0,6.557377049180328,ultra_low_threshold,partial
33_set1_rally33_ball11_Smash.mp4,Smash,0.0,11.475409836065573,fallback_low_threshold,partial
33_set1_rally34_ball3_Clear.mp4,Clear,0.0,93.44262295081968,fallback_low_threshold,fixed
33_set1_rally35_ball6_Smash.mp4,Smash,6.557377049180328,100.0,fallback_low_threshold,fixed
33_set1_rally37_ball4_Clear.mp4,Clear,0.0,75.40983606557377,fallback_low_threshold,fixed
33_set2_rally2_ball5_Clear.mp4,Clear,1.639344262295082,100.0,fallback_low_threshold,fixed
33_set2_rally4_ball8_Clear.mp4,Clear,0.0,100.0,fallback_low_threshold,fixed
33_set2_rally7_ball4_Clear.mp4,Clear,0.0,96.72131147540983,fallback_low_threshold,fixed
33_set2_rally15_ball3_Clear.mp4,Clear,1.639344262295082,96.72131147540983,ultra_low_threshold,fixed
33_set2_rally16_ball16_Smash.mp4,Smash,6.557377049180328,98.36065573770492,fallback_low_threshold,fixed
33_set2_rally17_ball7_Smash.mp4,Smash,3.278688524590164,100.0,fallback_low_threshold,fixed
33_set2_rally19_ball12_Clear.mp4,Clear,0.0,86.88524590163934,fallback_low_threshold,fixed
33_set2_rally19_ball13_Clear.mp4,Clear,0.0,85.24590163934425,fallback_low_threshold,fixed
33_set2_rally19_ball14_Smash.mp4,Smash,0.0,72.1311475409836,fallback_low_threshold,fixed
33_set2_rally22_ball14_Clear.mp4,Clear,0.0,0.0,none,still_failed
33_set2_rally25_ball4_Clear.mp4,Clear,0.0,100.0,fallback_low_threshold,fixed
33_set2_rally26_ball5_Smash.mp4,Smash,0.0,100.0,fallback_low_threshold,fixed
33_set2_rally27_ball8_Smash.mp4,Smash,0.0,52.459016393442624,fallback_low_threshold,fixed
33_set2_rally30_ball19_Clear.mp4,Clear,0.0,91.80327868852459,fallback_low_threshold,fixed
33_set2_rally31_ball3_Clear.mp4,Clear,0.0,100.0,ultra_low_threshold,fixed
33_set2_rally31_ball4_Clear.mp4,Clear,0.0,62.295081967213115,fallback_low_threshold,fixed
33_set2_rally35_ball3_Clear.mp4,Clear,0.0,78.68852459016394,fallback_low_threshold,fixed
33_set2_rally35_ball7_Clear.mp4,Clear,0.0,100.0,fallback_low_threshold,fixed
33_set2_rally35_ball8_Smash.mp4,Smash,0.0,31.147540983606557,ultra_low_threshold,partial
33_set2_rally36_ball8_Clear.mp4,Clear,4.918032786885246,100.0,fallback_low_threshold,fixed
35_set1_rally1_ball3_Smash.mp4,Smash,0.0,98.36065573770492,fallback_low_threshold,fixed
35_set1_rally3_ball9_Clear.mp4,Clear,0.0,95.08196721311475,fallback_low_threshold,fixed
35_set1_rally3_ball10_Clear.mp4,Clear,0.0,100.0,fallback_low_threshold,fixed
35_set1_rally3_ball13_Clear.mp4,Clear,0.0,100.0,fallback_low_threshold,fixed
35_set1_rally3_ball14_Clear.mp4,Clear,22.950819672131143,100.0,fallback_low_threshold,fixed
35_set1_rally3_ball19_Clear.mp4,Clear,31.147540983606557,100.0,fallback_low_threshold,fixed
35_set1_rally5_ball9_Smash.mp4,Smash,0.0,96.72131147540983,fallback_low_threshold,fixed
35_set1_rally6_ball8_Clear.mp4,Clear,0.0,16.39344262295082,fallback_low_threshold,partial
35_set1_rally6_ball9_Clear.mp4,Clear,0.0,88.52459016393442,fallback_low_threshold,fixed
35_set1_rally6_ball10_Clear.mp4,Clear,0.0,100.0,fallback_low_threshold,fixed
35_set1_rally7_ball2_Smash.mp4,Smash,0.0,100.0,fallback_low_threshold,fixed
35_set1_rally8_ball5_Clear.mp4,Clear,0.0,88.52459016393442,fallback_low_threshold,fixed
35_set1_rally9_ball3_Smash.mp4,Smash,3.278688524590164,93.44262295081968,fallback_low_threshold,fixed
35_set1_rally19_ball3_Clear.mp4,Clear,18.0327868852459,73.77049180327869,fallback_low_threshold,fixed
35_set1_rally19_ball7_Smash.mp4,Smash,4.918032786885246,96.72131147540983,fallback_low_threshold,fixed
35_set1_rally20_ball6_Smash.mp4,Smash,0.0,81.9672131147541,fallback_low_threshold,fixed
35_set1_rally22_ball12_Clear.mp4,Clear,26.229508196721312,83.60655737704919,fallback_low_threshold,fixed
35_set1_rally29_ball2_Smash.mp4,Smash,1.639344262295082,98.36065573770492,fallback_low_threshold,fixed
35_set1_rally32_ball5_Clear.mp4,Clear,0.0,90.1639344262295,fallback_low_threshold,fixed
35_set1_rally32_ball9_Clear.mp4,Clear,1.639344262295082,18.0327868852459,ultra_low_threshold,partial
35_set1_rally32_ball10_Clear.mp4,Clear,0.0,8.19672131147541,ultra_low_threshold,partial
35_set1_rally32_ball11_Clear.mp4,Clear,0.0,100.0,fallback_low_threshold,fixed
35_set1_rally32_ball12_Smash.mp4,Smash,0.0,3.278688524590164,ultra_low_threshold,partial
35_set1_rally33_ball3_Clear.mp4,Clear,0.0,26.229508196721312,ultra_low_threshold,partial
35_set1_rally34_ball10_Smash.mp4,Smash,0.0,95.08196721311475,fallback_low_threshold,fixed
35_set1_rally35_ball11_Clear.mp4,Clear,0.0,9.836065573770492,ultra_low_threshold,partial
35_set1_rally35_ball12_Smash.mp4,Smash,0.0,22.950819672131146,ultra_low_threshold,partial
35_set1_rally36_ball10_Clear.mp4,Clear,0.0,100.0,fallback_low_threshold,fixed
35_set1_rally36_ball18_Clear.mp4,Clear,0.0,34.42622950819672,fallback_low_threshold,partial
35_set1_rally38_ball3_Smash.mp4,Smash,0.0,70.49180327868852,fallback_low_threshold,fixed
35_set1_rally38_ball7_Clear.mp4,Clear,0.0,85.24590163934425,fallback_low_threshold,fixed
35_set1_rally38_ball17_Smash.mp4,Smash,0.0,98.36065573770492,fallback_low_threshold,fixed
35_set1_rally38_ball23_Smash.mp4,Smash,6.557377049180328,98.36065573770492,fallback_low_threshold,fixed
35_set1_rally40_ball9_Smash.mp4,Smash,16.39344262295082,47.540983606557376,fallback_low_threshold,partial
35_set1_rally40_ball12_Smash.mp4,Smash,0.0,1.639344262295082,fallback_low_threshold,partial
35_set2_rally5_ball2_Smash.mp4,Smash,45.90163934426229,95.08196721311475,fallback_low_threshold,fixed
35_set2_rally10_ball8_Smash.mp4,Smash,8.19672131147541,98.36065573770492,fallback_low_threshold,fixed
35_set2_rally12_ball3_Smash.mp4,Smash,0.0,100.0,fallback_low_threshold,fixed
35_set2_rally13_ball2_Clear.mp4,Clear,0.0,90.1639344262295,fallback_low_threshold,fixed
35_set2_rally13_ball3_Clear.mp4,Clear,0.0,100.0,fallback_low_threshold,fixed
35_set2_rally13_ball9_Smash.mp4,Smash,0.0,98.36065573770492,fallback_low_threshold,fixed
35_set2_rally14_ball3_Smash.mp4,Smash,0.0,95.08196721311475,fallback_low_threshold,fixed
35_set2_rally20_ball9_Clear.mp4,Clear,37.704918032786885,88.52459016393442,fallback_low_threshold,fixed
35_set2_rally24_ball2_Smash.mp4,Smash,18.0327868852459,98.36065573770492,fallback_low_threshold,fixed
35_set2_rally36_ball3_Smash.mp4,Smash,0.0,98.36065573770492,ultra_low_threshold,fixed
35_set2_rally36_ball9_Clear.mp4,Clear,0.0,65.57377049180327,fallback_low_threshold,fixed
36_set1_rally1_ball6_Clear.mp4,Clear,0.0,93.44262295081968,fallback_low_threshold,fixed
36_set1_rally1_ball9_Smash.mp4,Smash,14.754098360655735,85.24590163934425,fallback_low_threshold,fixed
36_set1_rally2_ball3_Clear.mp4,Clear,3.278688524590164,96.72131147540983,fallback_low_threshold,fixed
36_set1_rally2_ball4_Clear.mp4,Clear,0.0,95.08196721311475,ultra_low_threshold,fixed
36_set1_rally2_ball14_Clear.mp4,Clear,0.0,80.32786885245902,fallback_low_threshold,fixed
36_set1_rally7_ball15_Smash.mp4,Smash,0.0,96.72131147540983,ultra_low_threshold,fixed
36_set1_rally30_ball3_Clear.mp4,Clear,34.42622950819672,93.44262295081968,ultra_low_threshold,fixed
36_set1_rally30_ball4_Smash.mp4,Smash,0.0,80.32786885245902,ultra_low_threshold,fixed
36_set1_rally32_ball4_Smash.mp4,Smash,0.0,88.52459016393442,fallback_low_threshold,fixed
36_set1_rally34_ball12_Smash.mp4,Smash,42.62295081967213,91.80327868852459,fallback_low_threshold,fixed
36_set1_rally40_ball7_Smash.mp4,Smash,0.0,59.01639344262295,fallback_low_threshold,fixed
36_set1_rally40_ball19_Clear.mp4,Clear,0.0,93.44262295081968,fallback_low_threshold,fixed
36_set1_rally40_ball20_Clear.mp4,Clear,11.475409836065571,72.1311475409836,fallback_low_threshold,fixed
36_set1_rally40_ball21_Smash.mp4,Smash,0.0,52.459016393442624,fallback_low_threshold,fixed
36_set2_rally4_ball7_Clear.mp4,Clear,40.98360655737705,98.36065573770492,fallback_low_threshold,fixed
36_set2_rally5_ball10_Smash.mp4,Smash,27.86885245901639,98.36065573770492,fallback_low_threshold,fixed
36_set2_rally11_ball4_Smash.mp4,Smash,26.229508196721312,90.1639344262295,fallback_low_threshold,fixed
36_set2_rally11_ball10_Smash.mp4,Smash,3.278688524590164,93.44262295081968,fallback_low_threshold,fixed
36_set2_rally11_ball17_Clear.mp4,Clear,26.229508196721312,98.36065573770492,fallback_low_threshold,fixed
36_set2_rally12_ball7_Clear.mp4,Clear,8.19672131147541,93.44262295081968,fallback_low_threshold,fixed
36_set2_rally16_ball2_Smash.mp4,Smash,22.950819672131143,88.52459016393442,fallback_low_threshold,fixed
36_set2_rally16_ball7_Smash.mp4,Smash,44.26229508196721,100.0,fallback_low_threshold,fixed
36_set2_rally19_ball8_Smash.mp4,Smash,24.59016393442623,93.44262295081968,fallback_low_threshold,fixed
36_set2_rally20_ball4_Clear.mp4,Clear,44.26229508196721,98.36065573770492,fallback_low_threshold,fixed
36_set2_rally20_ball6_Smash.mp4,Smash,0.0,100.0,fallback_low_threshold,fixed
36_set2_rally23_ball5_Smash.mp4,Smash,1.639344262295082,96.72131147540983,fallback_low_threshold,fixed
36_set2_rally24_ball5_Smash.mp4,Smash,1.639344262295082,63.934426229508205,fallback_low_threshold,fixed
36_set2_rally24_ball9_Clear.mp4,Clear,4.918032786885246,85.24590163934425,fallback_low_threshold,fixed
36_set2_rally25_ball8_Clear.mp4,Clear,36.0655737704918,100.0,fallback_low_threshold,fixed
36_set2_rally27_ball4_Smash.mp4,Smash,39.34426229508197,98.36065573770492,fallback_low_threshold,fixed
37_set1_rally1_ball6_Clear.mp4,Clear,0.0,86.88524590163934,fallback_low_threshold,fixed
37_set1_rally2_ball11_Smash.mp4,Smash,0.0,100.0,fallback_low_threshold,fixed
37_set1_rally8_ball8_Smash.mp4,Smash,0.0,96.72131147540983,fallback_low_threshold,fixed
37_set1_rally8_ball22_Clear.mp4,Clear,0.0,96.72131147540983,fallback_low_threshold,fixed
37_set1_rally18_ball4_Clear.mp4,Clear,0.0,100.0,fallback_low_threshold,fixed
37_set1_rally18_ball5_Smash.mp4,Smash,0.0,96.72131147540983,fallback_low_threshold,fixed
37_set1_rally20_ball19_Clear.mp4,Clear,0.0,100.0,fallback_low_threshold,fixed
37_set1_rally23_ball2_Smash.mp4,Smash,0.0,80.32786885245902,fallback_low_threshold,fixed
37_set1_rally27_ball7_Clear.mp4,Clear,0.0,93.44262295081968,fallback_low_threshold,fixed
37_set1_rally27_ball8_Smash.mp4,Smash,0.0,100.0,fallback_low_threshold,fixed
37_set1_rally30_ball3_Clear.mp4,Clear,0.0,98.36065573770492,fallback_low_threshold,fixed
37_set1_rally30_ball4_Smash.mp4,Smash,11.475409836065571,96.72131147540983,fallback_low_threshold,fixed
37_set1_rally31_ball4_Clear.mp4,Clear,0.0,98.36065573770492,ultra_low_threshold,fixed
37_set1_rally31_ball9_Clear.mp4,Clear,0.0,100.0,fallback_low_threshold,fixed
37_set1_rally31_ball10_Smash.mp4,Smash,49.18032786885246,100.0,fallback_low_threshold,fixed
37_set1_rally32_ball4_Clear.mp4,Clear,9.836065573770492,100.0,fallback_low_threshold,fixed
38_set1_rally1_ball10_Clear.mp4,Clear,11.475409836065571,65.57377049180327,ultra_low_threshold,fixed
38_set1_rally2_ball2_Smash.mp4,Smash,0.0,24.59016393442623,ultra_low_threshold,partial
38_set1_rally3_ball2_Smash.mp4,Smash,0.0,100.0,ultra_low_threshold,fixed
38_set1_rally4_ball2_Smash.mp4,Smash,0.0,50.81967213114754,ultra_low_threshold,fixed
38_set1_rally5_ball2_Smash.mp4,Smash,0.0,57.377049180327866,fallback_low_threshold,fixed
38_set1_rally7_ball2_Smash.mp4,Smash,0.0,67.21311475409836,ultra_low_threshold,fixed
38_set1_rally8_ball3_Clear.mp4,Clear,0.0,50.81967213114754,fallback_low_threshold,fixed
38_set1_rally9_ball2_Smash.mp4,Smash,0.0,16.39344262295082,ultra_low_threshold,partial
38_set1_rally10_ball2_Smash.mp4,Smash,0.0,50.81967213114754,fallback_low_threshold,fixed
38_set1_rally11_ball3_Smash.mp4,Smash,0.0,47.540983606557376,ultra_low_threshold,partial
38_set1_rally12_ball2_Smash.mp4,Smash,0.0,24.59016393442623,ultra_low_threshold,partial
38_set1_rally13_ball2_Smash.mp4,Smash,0.0,40.98360655737705,ultra_low_threshold,partial
38_set1_rally14_ball3_Clear.mp4,Clear,0.0,55.73770491803278,fallback_low_threshold,fixed
38_set1_rally15_ball2_Smash.mp4,Smash,0.0,24.59016393442623,ultra_low_threshold,partial
38_set1_rally16_ball3_Smash.mp4,Smash,0.0,54.09836065573771,ultra_low_threshold,fixed
38_set1_rally18_ball4_Smash.mp4,Smash,0.0,57.377049180327866,fallback_low_threshold,fixed
38_set1_rally19_ball5_Clear.mp4,Clear,0.0,65.57377049180327,fallback_low_threshold,fixed
38_set1_rally20_ball2_Smash.mp4,Smash,0.0,31.147540983606557,ultra_low_threshold,partial
38_set1_rally21_ball2_Clear.mp4,Clear,1.639344262295082,37.704918032786885,fallback_low_threshold,partial
38_set1_rally21_ball3_Clear.mp4,Clear,0.0,50.81967213114754,fallback_low_threshold,fixed
38_set1_rally21_ball4_Clear.mp4,Clear,0.0,55.73770491803278,fallback_low_threshold,fixed
38_set1_rally21_ball5_Clear.mp4,Clear,32.78688524590164,54.09836065573771,fallback_low_threshold,fixed
38_set1_rally21_ball10_Clear.mp4,Clear,0.0,52.459016393442624,fallback_low_threshold,fixed
38_set1_rally21_ball14_Clear.mp4,Clear,0.0,59.01639344262295,fallback_low_threshold,fixed
38_set1_rally22_ball3_Smash.mp4,Smash,0.0,62.295081967213115,ultra_low_threshold,fixed
38_set1_rally22_ball7_Clear.mp4,Clear,0.0,52.459016393442624,fallback_low_threshold,fixed
38_set1_rally22_ball8_Smash.mp4,Smash,0.0,62.295081967213115,fallback_low_threshold,fixed
38_set1_rally22_ball11_Clear.mp4,Clear,0.0,88.52459016393442,ultra_low_threshold,fixed
38_set1_rally22_ball12_Clear.mp4,Clear,0.0,62.295081967213115,fallback_low_threshold,fixed
38_set1_rally22_ball15_Smash.mp4,Smash,0.0,81.9672131147541,ultra_low_threshold,fixed
38_set1_rally22_ball18_Smash.mp4,Smash,0.0,49.18032786885246,fallback_low_threshold,partial
38_set1_rally23_ball2_Clear.mp4,Clear,0.0,63.934426229508205,fallback_low_threshold,fixed
38_set1_rally23_ball3_Clear.mp4,Clear,0.0,62.295081967213115,fallback_low_threshold,fixed
38_set1_rally24_ball4_Smash.mp4,Smash,0.0,65.57377049180327,fallback_low_threshold,fixed
38_set1_rally24_ball6_Smash.mp4,Smash,0.0,55.73770491803278,fallback_low_threshold,fixed
38_set1_rally24_ball8_Smash.mp4,Smash,0.0,52.459016393442624,fallback_low_threshold,fixed
38_set1_rally24_ball10_Smash.mp4,Smash,0.0,62.295081967213115,ultra_low_threshold,fixed
38_set1_rally25_ball2_Smash.mp4,Smash,0.0,54.09836065573771,fallback_low_threshold,fixed
38_set1_rally26_ball4_Clear.mp4,Clear,0.0,50.81967213114754,fallback_low_threshold,fixed
38_set1_rally26_ball5_Clear.mp4,Clear,0.0,77.04918032786885,ultra_low_threshold,fixed
38_set1_rally26_ball6_Clear.mp4,Clear,0.0,55.73770491803278,fallback_low_threshold,fixed
38_set1_rally28_ball2_Smash.mp4,Smash,0.0,1.639344262295082,ultra_low_threshold,partial
38_set1_rally28_ball4_Smash.mp4,Smash,0.0,19.672131147540984,ultra_low_threshold,partial
38_set1_rally29_ball2_Smash.mp4,Smash,0.0,47.540983606557376,ultra_low_threshold,partial
38_set1_rally29_ball5_Clear.mp4,Clear,0.0,55.73770491803278,ultra_low_threshold,fixed
38_set1_rally29_ball12_Smash.mp4,Smash,0.0,55.73770491803278,fallback_low_threshold,fixed
38_set1_rally30_ball3_Clear.mp4,Clear,0.0,100.0,ultra_low_threshold,fixed
38_set1_rally30_ball4_Smash.mp4,Smash,0.0,81.9672131147541,ultra_low_threshold,fixed
38_set1_rally30_ball14_Smash.mp4,Smash,0.0,62.295081967213115,fallback_low_threshold,fixed
38_set1_rally30_ball23_Clear.mp4,Clear,0.0,50.81967213114754,fallback_low_threshold,fixed
38_set1_rally30_ball26_Smash.mp4,Smash,0.0,60.65573770491803,ultra_low_threshold,fixed
38_set1_rally31_ball2_Smash.mp4,Smash,0.0,67.21311475409836,ultra_low_threshold,fixed
38_set1_rally31_ball10_Smash.mp4,Smash,0.0,63.934426229508205,ultra_low_threshold,fixed
38_set1_rally33_ball2_Clear.mp4,Clear,0.0,40.98360655737705,ultra_low_threshold,partial
38_set1_rally33_ball3_Clear.mp4,Clear,0.0,44.26229508196721,ultra_low_threshold,partial
38_set1_rally34_ball2_Clear.mp4,Clear,0.0,65.57377049180327,fallback_low_threshold,fixed
38_set1_rally35_ball2_Smash.mp4,Smash,13.114754098360656,45.90163934426229,ultra_low_threshold,partial
38_set1_rally36_ball2_Smash.mp4,Smash,0.0,54.09836065573771,ultra_low_threshold,fixed
38_set1_rally37_ball4_Clear.mp4,Clear,0.0,67.21311475409836,fallback_low_threshold,fixed
38_set1_rally37_ball8_Clear.mp4,Clear,0.0,65.57377049180327,fallback_low_threshold,fixed
38_set1_rally37_ball9_Smash.mp4,Smash,1.639344262295082,52.459016393442624,fallback_low_threshold,fixed
38_set2_rally1_ball2_Smash.mp4,Smash,0.0,54.09836065573771,fallback_low_threshold,fixed
38_set2_rally1_ball8_Clear.mp4,Clear,0.0,55.73770491803278,fallback_low_threshold,fixed
38_set2_rally1_ball9_Clear.mp4,Clear,0.0,70.49180327868852,fallback_low_threshold,fixed
38_set2_rally1_ball10_Clear.mp4,Clear,0.0,75.40983606557377,fallback_low_threshold,fixed
38_set2_rally1_ball18_Clear.mp4,Clear,0.0,95.08196721311475,ultra_low_threshold,fixed
38_set2_rally1_ball19_Clear.mp4,Clear,0.0,60.65573770491803,fallback_low_threshold,fixed
38_set2_rally2_ball2_Smash.mp4,Smash,1.639344262295082,78.68852459016394,fallback_low_threshold,fixed
38_set2_rally2_ball4_Clear.mp4,Clear,0.0,70.49180327868852,fallback_low_threshold,fixed
38_set2_rally2_ball5_Clear.mp4,Clear,0.0,65.57377049180327,fallback_low_threshold,fixed
38_set2_rally3_ball2_Clear.mp4,Clear,0.0,63.934426229508205,fallback_low_threshold,fixed
38_set2_rally3_ball3_Smash.mp4,Smash,0.0,67.21311475409836,ultra_low_threshold,fixed
38_set2_rally5_ball2_Clear.mp4,Clear,0.0,96.72131147540983,ultra_low_threshold,fixed
38_set2_rally5_ball3_Clear.mp4,Clear,0.0,88.52459016393442,ultra_low_threshold,fixed
38_set2_rally5_ball7_Clear.mp4,Clear,0.0,100.0,ultra_low_threshold,fixed
38_set2_rally6_ball2_Smash.mp4,Smash,0.0,88.52459016393442,ultra_low_threshold,fixed
38_set2_rally7_ball4_Clear.mp4,Clear,0.0,57.377049180327866,fallback_low_threshold,fixed
38_set2_rally7_ball5_Clear.mp4,Clear,0.0,90.1639344262295,ultra_low_threshold,fixed
38_set2_rally7_ball6_Clear.mp4,Clear,0.0,57.377049180327866,fallback_low_threshold,fixed
38_set2_rally7_ball9_Clear.mp4,Clear,0.0,83.60655737704919,fallback_low_threshold,fixed
38_set2_rally7_ball10_Clear.mp4,Clear,0.0,90.1639344262295,fallback_low_threshold,fixed
38_set2_rally7_ball13_Clear.mp4,Clear,0.0,75.40983606557377,ultra_low_threshold,fixed
38_set2_rally7_ball14_Smash.mp4,Smash,0.0,59.01639344262295,fallback_low_threshold,fixed
38_set2_rally7_ball22_Clear.mp4,Clear,0.0,98.36065573770492,ultra_low_threshold,fixed
38_set2_rally7_ball23_Clear.mp4,Clear,0.0,62.295081967213115,ultra_low_threshold,fixed
38_set2_rally8_ball9_Clear.mp4,Clear,0.0,63.934426229508205,fallback_low_threshold,fixed
38_set2_rally10_ball4_Clear.mp4,Clear,0.0,95.08196721311475,ultra_low_threshold,fixed
38_set2_rally10_ball7_Clear.mp4,Clear,0.0,81.9672131147541,fallback_low_threshold,fixed
38_set2_rally10_ball8_Smash.mp4,Smash,0.0,80.32786885245902,fallback_low_threshold,fixed
38_set2_rally11_ball4_Clear.mp4,Clear,0.0,98.36065573770492,ultra_low_threshold,fixed
38_set2_rally11_ball5_Smash.mp4,Smash,0.0,85.24590163934425,ultra_low_threshold,fixed
38_set2_rally12_ball6_Smash.mp4,Smash,0.0,100.0,ultra_low_threshold,fixed
38_set2_rally13_ball4_Clear.mp4,Clear,0.0,78.68852459016394,ultra_low_threshold,fixed
38_set2_rally13_ball5_Smash.mp4,Smash,0.0,81.9672131147541,ultra_low_threshold,fixed
38_set2_rally14_ball4_Clear.mp4,Clear,0.0,62.295081967213115,fallback_low_threshold,fixed
38_set2_rally14_ball7_Smash.mp4,Smash,0.0,54.09836065573771,fallback_low_threshold,fixed
38_set2_rally14_ball9_Smash.mp4,Smash,0.0,88.52459016393442,ultra_low_threshold,fixed
38_set2_rally14_ball14_Clear.mp4,Clear,0.0,63.934426229508205,ultra_low_threshold,fixed
38_set2_rally15_ball2_Smash.mp4,Smash,0.0,57.377049180327866,fallback_low_threshold,fixed
38_set2_rally16_ball2_Clear.mp4,Clear,0.0,67.21311475409836,ultra_low_threshold,fixed
38_set2_rally16_ball3_Clear.mp4,Clear,0.0,54.09836065573771,ultra_low_threshold,fixed
38_set2_rally16_ball4_Clear.mp4,Clear,0.0,37.704918032786885,ultra_low_threshold,partial
38_set2_rally18_ball2_Smash.mp4,Smash,0.0,60.65573770491803,fallback_low_threshold,fixed
38_set2_rally18_ball5_Clear.mp4,Clear,0.0,91.80327868852459,ultra_low_threshold,fixed
38_set2_rally18_ball6_Smash.mp4,Smash,0.0,88.52459016393442,ultra_low_threshold,fixed
38_set2_rally20_ball3_Clear.mp4,Clear,0.0,96.72131147540983,ultra_low_threshold,fixed
38_set2_rally20_ball4_Smash.mp4,Smash,0.0,100.0,ultra_low_threshold,fixed
38_set2_rally22_ball5_Smash.mp4,Smash,0.0,65.57377049180327,fallback_low_threshold,fixed
38_set2_rally24_ball4_Clear.mp4,Clear,0.0,98.36065573770492,ultra_low_threshold,fixed
38_set2_rally24_ball5_Clear.mp4,Clear,0.0,81.9672131147541,fallback_low_threshold,fixed
38_set2_rally24_ball6_Clear.mp4,Clear,0.0,65.57377049180327,fallback_low_threshold,fixed
38_set2_rally25_ball3_Clear.mp4,Clear,0.0,55.73770491803278,fallback_low_threshold,fixed
38_set2_rally25_ball4_Clear.mp4,Clear,0.0,75.40983606557377,ultra_low_threshold,fixed
38_set2_rally25_ball5_Smash.mp4,Smash,0.0,81.9672131147541,ultra_low_threshold,fixed
38_set2_rally26_ball3_Clear.mp4,Clear,0.0,90.1639344262295,ultra_low_threshold,fixed
38_set2_rally26_ball4_Clear.mp4,Clear,0.0,73.77049180327869,fallback_low_threshold,fixed
38_set2_rally26_ball5_Clear.mp4,Clear,0.0,88.52459016393442,ultra_low_threshold,fixed
38_set2_rally26_ball6_Clear.mp4,Clear,0.0,73.77049180327869,ultra_low_threshold,fixed
38_set2_rally27_ball2_Smash.mp4,Smash,0.0,100.0,ultra_low_threshold,fixed
38_set2_rally28_ball4_Clear.mp4,Clear,0.0,78.68852459016394,fallback_low_threshold,fixed
38_set2_rally28_ball5_Smash.mp4,Smash,0.0,26.229508196721312,fallback_low_threshold,partial
38_set2_rally28_ball7_Clear.mp4,Clear,0.0,18.0327868852459,ultra_low_threshold,partial
38_set2_rally28_ball12_Clear.mp4,Clear,0.0,57.377049180327866,fallback_low_threshold,fixed
38_set2_rally28_ball15_Clear.mp4,Clear,0.0,55.73770491803278,fallback_low_threshold,fixed
38_set2_rally28_ball16_Clear.mp4,Clear,0.0,83.60655737704919,fallback_low_threshold,fixed
38_set2_rally28_ball17_Smash.mp4,Smash,0.0,57.377049180327866,fallback_low_threshold,fixed
38_set2_rally28_ball19_Smash.mp4,Smash,0.0,59.01639344262295,fallback_low_threshold,fixed
38_set2_rally29_ball2_Smash.mp4,Smash,0.0,95.08196721311475,ultra_low_threshold,fixed
38_set2_rally32_ball4_Clear.mp4,Clear,0.0,55.73770491803278,fallback_low_threshold,fixed
38_set2_rally33_ball2_Smash.mp4,Smash,0.0,96.72131147540983,ultra_low_threshold,fixed
38_set2_rally34_ball2_Clear.mp4,Clear,0.0,95.08196721311475,fallback_low_threshold,fixed
38_set2_rally35_ball2_Smash.mp4,Smash,9.836065573770492,95.08196721311475,fallback_low_threshold,fixed
38_set3_rally1_ball2_Smash.mp4,Smash,0.0,75.40983606557377,fallback_low_threshold,fixed
38_set3_rally1_ball5_Smash.mp4,Smash,0.0,100.0,ultra_low_threshold,fixed
38_set3_rally2_ball2_Smash.mp4,Smash,0.0,65.57377049180327,ultra_low_threshold,fixed
38_set3_rally3_ball4_Clear.mp4,Clear,0.0,95.08196721311475,ultra_low_threshold,fixed
38_set3_rally3_ball5_Smash.mp4,Smash,0.0,67.21311475409836,ultra_low_threshold,fixed
38_set3_rally5_ball2_Clear.mp4,Clear,0.0,39.34426229508197,ultra_low_threshold,partial
38_set3_rally6_ball2_Smash.mp4,Smash,0.0,68.85245901639344,ultra_low_threshold,fixed
38_set3_rally7_ball4_Clear.mp4,Clear,0.0,70.49180327868852,fallback_low_threshold,fixed
38_set3_rally7_ball5_Smash.mp4,Smash,0.0,70.49180327868852,fallback_low_threshold,fixed
38_set3_rally8_ball2_Smash.mp4,Smash,0.0,98.36065573770492,ultra_low_threshold,fixed
38_set3_rally9_ball4_Clear.mp4,Clear,0.0,70.49180327868852,ultra_low_threshold,fixed
38_set3_rally9_ball5_Smash.mp4,Smash,0.0,75.40983606557377,fallback_low_threshold,fixed
38_set3_rally10_ball2_Smash.mp4,Smash,11.475409836065571,75.40983606557377,ultra_low_threshold,fixed
38_set3_rally10_ball9_Clear.mp4,Clear,0.0,60.65573770491803,fallback_low_threshold,fixed
38_set3_rally11_ball2_Smash.mp4,Smash,0.0,60.65573770491803,ultra_low_threshold,fixed
38_set3_rally12_ball4_Clear.mp4,Clear,0.0,62.295081967213115,fallback_low_threshold,fixed
38_set3_rally13_ball2_Smash.mp4,Smash,0.0,95.08196721311475,ultra_low_threshold,fixed
38_set3_rally14_ball2_Smash.mp4,Smash,0.0,65.57377049180327,ultra_low_threshold,fixed
38_set3_rally14_ball8_Smash.mp4,Smash,0.0,65.57377049180327,ultra_low_threshold,fixed
38_set3_rally14_ball12_Clear.mp4,Clear,0.0,47.540983606557376,fallback_low_threshold,partial
38_set3_rally15_ball9_Clear.mp4,Clear,0.0,54.09836065573771,fallback_low_threshold,fixed
38_set3_rally15_ball10_Smash.mp4,Smash,0.0,78.68852459016394,ultra_low_threshold,fixed
38_set3_rally17_ball4_Smash.mp4,Smash,0.0,62.295081967213115,ultra_low_threshold,fixed
38_set3_rally18_ball7_Smash.mp4,Smash,0.0,100.0,ultra_low_threshold,fixed
38_set3_rally19_ball2_Clear.mp4,Clear,0.0,75.40983606557377,ultra_low_threshold,fixed
38_set3_rally19_ball3_Clear.mp4,Clear,0.0,98.36065573770492,ultra_low_threshold,fixed
38_set3_rally19_ball4_Smash.mp4,Smash,0.0,73.77049180327869,fallback_low_threshold,fixed
38_set3_rally19_ball7_Clear.mp4,Clear,0.0,85.24590163934425,ultra_low_threshold,fixed
38_set3_rally19_ball10_Clear.mp4,Clear,0.0,91.80327868852459,ultra_low_threshold,fixed
38_set3_rally19_ball11_Clear.mp4,Clear,0.0,59.01639344262295,fallback_low_threshold,fixed
38_set3_rally20_ball7_Smash.mp4,Smash,0.0,67.21311475409836,ultra_low_threshold,fixed
38_set3_rally20_ball9_Clear.mp4,Clear,0.0,52.459016393442624,ultra_low_threshold,fixed
38_set3_rally20_ball10_Smash.mp4,Smash,0.0,60.65573770491803,fallback_low_threshold,fixed
38_set3_rally20_ball14_Smash.mp4,Smash,0.0,68.85245901639344,fallback_low_threshold,fixed
38_set3_rally20_ball16_Clear.mp4,Clear,0.0,59.01639344262295,fallback_low_threshold,fixed
38_set3_rally20_ball17_Smash.mp4,Smash,0.0,59.01639344262295,fallback_low_threshold,fixed
38_set3_rally22_ball2_Smash.mp4,Smash,0.0,54.09836065573771,fallback_low_threshold,fixed
38_set3_rally23_ball2_Smash.mp4,Smash,0.0,73.77049180327869,ultra_low_threshold,fixed
38_set3_rally23_ball9_Clear.mp4,Clear,0.0,63.934426229508205,fallback_low_threshold,fixed
38_set3_rally23_ball10_Clear.mp4,Clear,0.0,96.72131147540983,fallback_low_threshold,fixed
38_set3_rally23_ball11_Clear.mp4,Clear,0.0,67.21311475409836,ultra_low_threshold,fixed
38_set3_rally23_ball12_Smash.mp4,Smash,0.0,91.80327868852459,ultra_low_threshold,fixed
38_set3_rally24_ball2_Smash.mp4,Smash,0.0,96.72131147540983,ultra_low_threshold,fixed
38_set3_rally24_ball6_Clear.mp4,Clear,0.0,83.60655737704919,fallback_low_threshold,fixed
38_set3_rally24_ball7_Clear.mp4,Clear,0.0,73.77049180327869,fallback_low_threshold,fixed
38_set3_rally25_ball2_Smash.mp4,Smash,0.0,55.73770491803278,fallback_low_threshold,fixed
38_set3_rally27_ball2_Clear.mp4,Clear,0.0,60.65573770491803,fallback_low_threshold,fixed
38_set3_rally27_ball3_Smash.mp4,Smash,0.0,57.377049180327866,fallback_low_threshold,fixed
38_set3_rally29_ball2_Smash.mp4,Smash,0.0,57.377049180327866,ultra_low_threshold,fixed
38_set3_rally29_ball4_Clear.mp4,Clear,0.0,26.229508196721312,fallback_low_threshold,partial
38_set3_rally29_ball5_Clear.mp4,Clear,0.0,27.86885245901639,ultra_low_threshold,partial
38_set3_rally31_ball2_Smash.mp4,Smash,0.0,62.295081967213115,fallback_low_threshold,fixed
38_set3_rally31_ball4_Smash.mp4,Smash,0.0,68.85245901639344,ultra_low_threshold,fixed
38_set3_rally33_ball4_Clear.mp4,Clear,0.0,42.62295081967213,fallback_low_threshold,partial
38_set3_rally33_ball5_Clear.mp4,Clear,0.0,93.44262295081968,fallback_low_threshold,fixed
38_set3_rally33_ball9_Clear.mp4,Clear,0.0,54.09836065573771,fallback_low_threshold,fixed
38_set3_rally33_ball10_Smash.mp4,Smash,0.0,62.295081967213115,fallback_low_threshold,fixed
38_set3_rally33_ball16_Clear.mp4,Clear,0.0,52.459016393442624,fallback_low_threshold,fixed
38_set3_rally33_ball17_Clear.mp4,Clear,0.0,62.295081967213115,ultra_low_threshold,fixed
38_set3_rally33_ball18_Clear.mp4,Clear,0.0,55.73770491803278,fallback_low_threshold,fixed
38_set3_rally34_ball5_Smash.mp4,Smash,0.0,54.09836065573771,fallback_low_threshold,fixed
38_set3_rally35_ball2_Clear.mp4,Clear,0.0,57.377049180327866,fallback_low_threshold,fixed
38_set3_rally35_ball3_Smash.mp4,Smash,0.0,75.40983606557377,fallback_low_threshold,fixed
38_set3_rally35_ball7_Clear.mp4,Clear,0.0,32.78688524590164,ultra_low_threshold,partial
38_set3_rally35_ball8_Smash.mp4,Smash,0.0,29.508196721311474,ultra_low_threshold,partial
38_set3_rally37_ball3_Clear.mp4,Clear,0.0,65.57377049180327,ultra_low_threshold,fixed
38_set3_rally38_ball4_Clear.mp4,Clear,0.0,62.295081967213115,fallback_low_threshold,fixed
38_set3_rally38_ball5_Smash.mp4,Smash,0.0,59.01639344262295,fallback_low_threshold,fixed
38_set3_rally38_ball7_Smash.mp4,Smash,0.0,40.98360655737705,ultra_low_threshold,partial
38_set3_rally38_ball14_Smash.mp4,Smash,0.0,63.934426229508205,ultra_low_threshold,fixed
38_set3_rally38_ball18_Clear.mp4,Clear,0.0,77.04918032786885,ultra_low_threshold,fixed
38_set3_rally38_ball19_Clear.mp4,Clear,0.0,59.01639344262295,ultra_low_threshold,fixed
38_set3_rally38_ball20_Smash.mp4,Smash,0.0,59.01639344262295,ultra_low_threshold,fixed
38_set3_rally39_ball2_Smash.mp4,Smash,0.0,91.80327868852459,ultra_low_threshold,fixed
38_set3_rally39_ball4_Clear.mp4,Clear,0.0,13.114754098360656,fallback_low_threshold,partial
38_set3_rally39_ball7_Clear.mp4,Clear,0.0,98.36065573770492,ultra_low_threshold,fixed
38_set3_rally39_ball8_Clear.mp4,Clear,0.0,16.39344262295082,ultra_low_threshold,partial
38_set3_rally39_ball9_Clear.mp4,Clear,0.0,44.26229508196721,ultra_low_threshold,partial
38_set3_rally39_ball10_Clear.mp4,Clear,0.0,54.09836065573771,ultra_low_threshold,fixed
38_set3_rally39_ball11_Clear.mp4,Clear,0.0,57.377049180327866,ultra_low_threshold,fixed
38_set3_rally40_ball15_Smash.mp4,Smash,0.0,59.01639344262295,fallback_low_threshold,fixed
38_set3_rally40_ball19_Clear.mp4,Clear,0.0,62.295081967213115,ultra_low_threshold,fixed
38_set3_rally40_ball22_Clear.mp4,Clear,0.0,86.88524590163934,ultra_low_threshold,fixed
38_set3_rally40_ball23_Clear.mp4,Clear,0.0,70.49180327868852,ultra_low_threshold,fixed
38_set3_rally40_ball26_Clear.mp4,Clear,0.0,13.114754098360656,ultra_low_threshold,partial
38_set3_rally40_ball27_Clear.mp4,Clear,0.0,26.229508196721312,ultra_low_threshold,partial
38_set3_rally40_ball28_Clear.mp4,Clear,0.0,39.34426229508197,fallback_low_threshold,partial
38_set3_rally40_ball29_Clear.mp4,Clear,0.0,36.0655737704918,ultra_low_threshold,partial
38_set3_rally40_ball30_Clear.mp4,Clear,0.0,42.62295081967213,ultra_low_threshold,partial
39_set1_rally2_ball6_Smash.mp4,Smash,0.0,100.0,fallback_low_threshold,fixed
39_set1_rally2_ball10_Smash.mp4,Smash,0.0,78.68852459016394,fallback_low_threshold,fixed
39_set1_rally7_ball18_Clear.mp4,Clear,0.0,75.40983606557377,fallback_low_threshold,fixed
39_set1_rally8_ball4_Smash.mp4,Smash,0.0,60.65573770491803,fallback_low_threshold,fixed
39_set1_rally9_ball5_Smash.mp4,Smash,0.0,65.57377049180327,fallback_low_threshold,fixed
39_set1_rally11_ball3_Smash.mp4,Smash,0.0,60.65573770491803,fallback_low_threshold,fixed
39_set1_rally12_ball3_Clear.mp4,Clear,0.0,98.36065573770492,ultra_low_threshold,fixed
39_set1_rally12_ball4_Smash.mp4,Smash,0.0,14.754098360655737,fallback_low_threshold,partial
39_set1_rally12_ball6_Smash.mp4,Smash,0.0,52.459016393442624,ultra_low_threshold,fixed
39_set1_rally13_ball6_Smash.mp4,Smash,0.0,52.459016393442624,fallback_low_threshold,fixed
39_set1_rally19_ball2_Smash.mp4,Smash,0.0,50.81967213114754,fallback_low_threshold,fixed
39_set1_rally21_ball7_Smash.mp4,Smash,0.0,73.77049180327869,fallback_low_threshold,fixed
39_set1_rally22_ball3_Smash.mp4,Smash,0.0,59.01639344262295,fallback_low_threshold,fixed
39_set1_rally23_ball4_Smash.mp4,Smash,0.0,39.34426229508197,fallback_low_threshold,partial
39_set1_rally23_ball7_Clear.mp4,Clear,0.0,55.73770491803278,fallback_low_threshold,fixed
39_set1_rally23_ball8_Clear.mp4,Clear,0.0,96.72131147540983,ultra_low_threshold,fixed
39_set1_rally24_ball8_Smash.mp4,Smash,0.0,88.52459016393442,fallback_low_threshold,fixed
39_set1_rally25_ball3_Clear.mp4,Clear,0.0,100.0,ultra_low_threshold,fixed
39_set1_rally25_ball4_Smash.mp4,Smash,0.0,83.60655737704919,fallback_low_threshold,fixed
39_set1_rally26_ball6_Smash.mp4,Smash,0.0,88.52459016393442,ultra_low_threshold,fixed
39_set1_rally29_ball4_Smash.mp4,Smash,0.0,34.42622950819672,fallback_low_threshold,partial
39_set1_rally30_ball3_Clear.mp4,Clear,0.0,78.68852459016394,fallback_low_threshold,fixed
39_set1_rally30_ball4_Smash.mp4,Smash,0.0,100.0,ultra_low_threshold,fixed
39_set1_rally31_ball5_Smash.mp4,Smash,0.0,36.0655737704918,ultra_low_threshold,partial
39_set1_rally31_ball13_Clear.mp4,Clear,0.0,37.704918032786885,fallback_low_threshold,partial
39_set1_rally31_ball14_Clear.mp4,Clear,0.0,50.81967213114754,ultra_low_threshold,fixed
39_set1_rally31_ball15_Clear.mp4,Clear,0.0,26.229508196721312,ultra_low_threshold,partial
39_set1_rally31_ball16_Smash.mp4,Smash,0.0,67.21311475409836,ultra_low_threshold,fixed
39_set1_rally32_ball3_Clear.mp4,Clear,0.0,67.21311475409836,ultra_low_threshold,fixed
39_set1_rally32_ball4_Clear.mp4,Clear,0.0,78.68852459016394,fallback_low_threshold,fixed
39_set1_rally32_ball5_Smash.mp4,Smash,0.0,42.62295081967213,ultra_low_threshold,partial
39_set2_rally2_ball3_Smash.mp4,Smash,0.0,27.86885245901639,fallback_low_threshold,partial
39_set2_rally2_ball6_Smash.mp4,Smash,0.0,24.59016393442623,fallback_low_threshold,partial
39_set2_rally3_ball3_Smash.mp4,Smash,0.0,68.85245901639344,ultra_low_threshold,fixed
39_set2_rally4_ball13_Clear.mp4,Clear,0.0,78.68852459016394,ultra_low_threshold,fixed
39_set2_rally4_ball14_Smash.mp4,Smash,0.0,22.950819672131146,fallback_low_threshold,partial
39_set2_rally5_ball3_Smash.mp4,Smash,0.0,36.0655737704918,fallback_low_threshold,partial
39_set2_rally6_ball8_Clear.mp4,Clear,0.0,47.540983606557376,fallback_low_threshold,partial
39_set2_rally6_ball9_Clear.mp4,Clear,0.0,36.0655737704918,ultra_low_threshold,partial
39_set2_rally6_ball10_Clear.mp4,Clear,0.0,88.52459016393442,fallback_low_threshold,fixed
39_set2_rally9_ball12_Smash.mp4,Smash,0.0,27.86885245901639,fallback_low_threshold,partial
39_set2_rally10_ball6_Clear.mp4,Clear,0.0,54.09836065573771,ultra_low_threshold,fixed
39_set2_rally11_ball6_Smash.mp4,Smash,0.0,24.59016393442623,fallback_low_threshold,partial
39_set2_rally11_ball10_Smash.mp4,Smash,0.0,45.90163934426229,fallback_low_threshold,partial
39_set2_rally12_ball3_Smash.mp4,Smash,0.0,100.0,fallback_low_threshold,fixed
39_set2_rally14_ball6_Clear.mp4,Clear,0.0,100.0,fallback_low_threshold,fixed
39_set2_rally14_ball11_Clear.mp4,Clear,0.0,36.0655737704918,ultra_low_threshold,partial
39_set2_rally14_ball12_Clear.mp4,Clear,0.0,13.114754098360656,fallback_low_threshold,partial
39_set2_rally14_ball13_Clear.mp4,Clear,0.0,4.918032786885246,fallback_low_threshold,partial
39_set2_rally15_ball3_Clear.mp4,Clear,18.0327868852459,78.68852459016394,ultra_low_threshold,fixed
39_set2_rally18_ball5_Smash.mp4,Smash,0.0,4.918032786885246,fallback_low_threshold,partial
39_set2_rally18_ball9_Clear.mp4,Clear,0.0,27.86885245901639,ultra_low_threshold,partial
39_set2_rally18_ball10_Smash.mp4,Smash,0.0,83.60655737704919,ultra_low_threshold,fixed
39_set2_rally19_ball3_Clear.mp4,Clear,0.0,22.950819672131146,ultra_low_threshold,partial
39_set2_rally19_ball4_Smash.mp4,Smash,0.0,14.754098360655737,fallback_low_threshold,partial
39_set2_rally20_ball3_Clear.mp4,Clear,0.0,45.90163934426229,ultra_low_threshold,partial
39_set2_rally20_ball4_Clear.mp4,Clear,0.0,77.04918032786885,ultra_low_threshold,fixed
39_set2_rally20_ball5_Smash.mp4,Smash,0.0,39.34426229508197,ultra_low_threshold,partial
39_set2_rally21_ball15_Smash.mp4,Smash,0.0,11.475409836065573,fallback_low_threshold,partial
39_set2_rally21_ball19_Smash.mp4,Smash,0.0,57.377049180327866,ultra_low_threshold,fixed
39_set2_rally21_ball25_Clear.mp4,Clear,0.0,32.78688524590164,ultra_low_threshold,partial
39_set2_rally21_ball36_Clear.mp4,Clear,0.0,70.49180327868852,ultra_low_threshold,fixed
39_set2_rally21_ball37_Clear.mp4,Clear,0.0,65.57377049180327,ultra_low_threshold,fixed
39_set2_rally21_ball38_Clear.mp4,Clear,0.0,68.85245901639344,ultra_low_threshold,fixed
39_set2_rally21_ball39_Clear.mp4,Clear,0.0,3.278688524590164,fallback_low_threshold,partial
39_set2_rally23_ball4_Clear.mp4,Clear,0.0,45.90163934426229,ultra_low_threshold,partial
39_set2_rally23_ball5_Clear.mp4,Clear,0.0,32.78688524590164,ultra_low_threshold,partial
39_set2_rally23_ball10_Smash.mp4,Smash,0.0,57.377049180327866,ultra_low_threshold,fixed
39_set2_rally23_ball16_Clear.mp4,Clear,0.0,11.475409836065573,ultra_low_threshold,partial
39_set2_rally23_ball18_Clear.mp4,Clear,0.0,8.19672131147541,ultra_low_threshold,partial
39_set2_rally23_ball19_Clear.mp4,Clear,0.0,22.950819672131146,ultra_low_threshold,partial
39_set2_rally23_ball22_Clear.mp4,Clear,0.0,37.704918032786885,ultra_low_threshold,partial
39_set2_rally24_ball3_Clear.mp4,Clear,0.0,85.24590163934425,ultra_low_threshold,fixed
39_set2_rally25_ball3_Clear.mp4,Clear,4.918032786885246,49.18032786885246,fallback_low_threshold,partial
39_set2_rally25_ball22_Clear.mp4,Clear,0.0,86.88524590163934,ultra_low_threshold,fixed
39_set2_rally25_ball23_Clear.mp4,Clear,0.0,26.229508196721312,fallback_low_threshold,partial
39_set2_rally25_ball24_Clear.mp4,Clear,0.0,26.229508196721312,fallback_low_threshold,partial
39_set2_rally25_ball25_Clear.mp4,Clear,0.0,63.934426229508205,ultra_low_threshold,fixed
39_set2_rally32_ball7_Smash.mp4,Smash,0.0,83.60655737704919,ultra_low_threshold,fixed
39_set2_rally33_ball4_Clear.mp4,Clear,0.0,59.01639344262295,ultra_low_threshold,fixed
39_set2_rally33_ball5_Smash.mp4,Smash,0.0,88.52459016393442,fallback_low_threshold,fixed
39_set2_rally33_ball8_Clear.mp4,Clear,0.0,21.311475409836063,ultra_low_threshold,partial
39_set2_rally33_ball9_Clear.mp4,Clear,0.0,29.508196721311474,ultra_low_threshold,partial
39_set2_rally33_ball13_Clear.mp4,Clear,0.0,72.1311475409836,ultra_low_threshold,fixed
39_set2_rally33_ball14_Clear.mp4,Clear,0.0,19.672131147540984,ultra_low_threshold,partial
39_set2_rally33_ball15_Clear.mp4,Clear,0.0,11.475409836065573,fallback_low_threshold,partial
39_set2_rally34_ball5_Clear.mp4,Clear,0.0,37.704918032786885,ultra_low_threshold,partial
39_set2_rally34_ball6_Smash.mp4,Smash,0.0,37.704918032786885,ultra_low_threshold,partial
39_set2_rally34_ball9_Smash.mp4,Smash,0.0,52.459016393442624,fallback_low_threshold,fixed
39_set3_rally1_ball3_Clear.mp4,Clear,0.0,29.508196721311474,fallback_low_threshold,partial
39_set3_rally1_ball4_Smash.mp4,Smash,0.0,65.57377049180327,ultra_low_threshold,fixed
39_set3_rally2_ball3_Clear.mp4,Clear,0.0,72.1311475409836,ultra_low_threshold,fixed
39_set3_rally2_ball8_Clear.mp4,Clear,0.0,1.639344262295082,fallback_low_threshold,partial
39_set3_rally3_ball3_Clear.mp4,Clear,0.0,31.147540983606557,ultra_low_threshold,partial
39_set3_rally3_ball8_Smash.mp4,Smash,0.0,29.508196721311474,ultra_low_threshold,partial
39_set3_rally3_ball11_Clear.mp4,Clear,0.0,55.73770491803278,fallback_low_threshold,fixed
39_set3_rally4_ball3_Clear.mp4,Clear,0.0,65.57377049180327,fallback_low_threshold,fixed
39_set3_rally4_ball7_Clear.mp4,Clear,0.0,77.04918032786885,fallback_low_threshold,fixed
39_set3_rally4_ball8_Smash.mp4,Smash,0.0,96.72131147540983,fallback_low_threshold,fixed
39_set3_rally5_ball4_Clear.mp4,Clear,0.0,21.311475409836063,ultra_low_threshold,partial
39_set3_rally6_ball6_Clear.mp4,Clear,0.0,55.73770491803278,fallback_low_threshold,fixed
39_set3_rally6_ball7_Smash.mp4,Smash,0.0,57.377049180327866,fallback_low_threshold,fixed
39_set3_rally8_ball4_Smash.mp4,Smash,0.0,29.508196721311474,ultra_low_threshold,partial
39_set3_rally8_ball8_Smash.mp4,Smash,0.0,37.704918032786885,ultra_low_threshold,partial
39_set3_rally10_ball3_Clear.mp4,Clear,0.0,98.36065573770492,ultra_low_threshold,fixed
39_set3_rally12_ball3_Clear.mp4,Clear,0.0,77.04918032786885,fallback_low_threshold,fixed
39_set3_rally12_ball4_Clear.mp4,Clear,0.0,42.62295081967213,ultra_low_threshold,partial
39_set3_rally12_ball8_Clear.mp4,Clear,0.0,34.42622950819672,ultra_low_threshold,partial
39_set3_rally12_ball9_Smash.mp4,Smash,0.0,60.65573770491803,ultra_low_threshold,fixed
39_set3_rally14_ball23_Clear.mp4,Clear,0.0,42.62295081967213,ultra_low_threshold,partial
39_set3_rally14_ball24_Smash.mp4,Smash,0.0,4.918032786885246,fallback_low_threshold,partial
39_set3_rally14_ball27_Clear.mp4,Clear,0.0,72.1311475409836,fallback_low_threshold,fixed
39_set3_rally14_ball28_Smash.mp4,Smash,0.0,11.475409836065573,fallback_low_threshold,partial
39_set3_rally15_ball3_Smash.mp4,Smash,0.0,54.09836065573771,ultra_low_threshold,fixed
39_set3_rally18_ball3_Clear.mp4,Clear,0.0,13.114754098360656,ultra_low_threshold,partial
39_set3_rally18_ball4_Smash.mp4,Smash,0.0,11.475409836065573,ultra_low_threshold,partial
39_set3_rally19_ball6_Smash.mp4,Smash,0.0,72.1311475409836,fallback_low_threshold,fixed
39_set3_rally20_ball4_Smash.mp4,Smash,0.0,100.0,ultra_low_threshold,fixed
39_set3_rally20_ball6_Smash.mp4,Smash,0.0,50.81967213114754,fallback_low_threshold,fixed
39_set3_rally21_ball5_Smash.mp4,Smash,0.0,59.01639344262295,fallback_low_threshold,fixed
39_set3_rally22_ball3_Smash.mp4,Smash,0.0,63.934426229508205,fallback_low_threshold,fixed
39_set3_rally24_ball13_Smash.mp4,Smash,0.0,62.295081967213115,ultra_low_threshold,fixed
39_set3_rally25_ball3_Clear.mp4,Clear,0.0,81.9672131147541,fallback_low_threshold,fixed
39_set3_rally26_ball4_Smash.mp4,Smash,0.0,42.62295081967213,ultra_low_threshold,partial
39_set3_rally28_ball7_Smash.mp4,Smash,0.0,73.77049180327869,ultra_low_threshold,fixed
39_set3_rally32_ball4_Smash.mp4,Smash,0.0,19.672131147540984,fallback_low_threshold,partial
40_set1_rally4_ball4_Clear.mp4,Clear,0.0,8.19672131147541,ultra_low_threshold,partial
40_set1_rally5_ball4_Smash.mp4,Smash,0.0,65.57377049180327,fallback_low_threshold,fixed
40_set1_rally7_ball9_Clear.mp4,Clear,0.0,65.57377049180327,ultra_low_threshold,fixed
40_set1_rally7_ball10_Smash.mp4,Smash,0.0,44.26229508196721,ultra_low_threshold,partial
40_set1_rally9_ball2_Clear.mp4,Clear,0.0,44.26229508196721,ultra_low_threshold,partial
40_set1_rally10_ball2_Clear.mp4,Clear,0.0,21.311475409836063,ultra_low_threshold,partial
40_set1_rally10_ball6_Clear.mp4,Clear,0.0,100.0,ultra_low_threshold,fixed
40_set1_rally10_ball7_Clear.mp4,Clear,0.0,70.49180327868852,ultra_low_threshold,fixed
40_set1_rally10_ball8_Clear.mp4,Clear,0.0,11.475409836065573,ultra_low_threshold,partial
40_set1_rally11_ball5_Smash.mp4,Smash,0.0,26.229508196721312,fallback_low_threshold,partial
40_set1_rally11_ball12_Clear.mp4,Clear,0.0,26.229508196721312,ultra_low_threshold,partial
40_set1_rally11_ball15_Smash.mp4,Smash,0.0,57.377049180327866,ultra_low_threshold,fixed
40_set1_rally12_ball5_Clear.mp4,Clear,0.0,39.34426229508197,fallback_low_threshold,partial
40_set1_rally12_ball10_Clear.mp4,Clear,0.0,13.114754098360656,ultra_low_threshold,partial
40_set1_rally12_ball11_Clear.mp4,Clear,0.0,80.32786885245902,fallback_low_threshold,fixed
40_set1_rally12_ball12_Clear.mp4,Clear,0.0,39.34426229508197,ultra_low_threshold,partial
40_set1_rally13_ball3_Clear.mp4,Clear,0.0,54.09836065573771,fallback_low_threshold,fixed
40_set1_rally13_ball4_Smash.mp4,Smash,0.0,18.0327868852459,fallback_low_threshold,partial
40_set1_rally15_ball4_Clear.mp4,Clear,0.0,27.86885245901639,fallback_low_threshold,partial
40_set1_rally15_ball5_Clear.mp4,Clear,0.0,1.639344262295082,fallback_low_threshold,partial
40_set1_rally15_ball6_Clear.mp4,Clear,0.0,40.98360655737705,ultra_low_threshold,partial
40_set1_rally17_ball7_Clear.mp4,Clear,0.0,55.73770491803278,fallback_low_threshold,fixed
40_set1_rally19_ball2_Clear.mp4,Clear,0.0,26.229508196721312,ultra_low_threshold,partial
40_set1_rally19_ball3_Clear.mp4,Clear,0.0,13.114754098360656,ultra_low_threshold,partial
40_set1_rally21_ball2_Clear.mp4,Clear,22.950819672131143,60.65573770491803,fallback_low_threshold,fixed
40_set1_rally22_ball4_Smash.mp4,Smash,0.0,78.68852459016394,ultra_low_threshold,fixed
40_set1_rally23_ball4_Clear.mp4,Clear,1.639344262295082,75.40983606557377,fallback_low_threshold,fixed
40_set1_rally26_ball2_Clear.mp4,Clear,0.0,45.90163934426229,ultra_low_threshold,partial
40_set1_rally27_ball5_Clear.mp4,Clear,0.0,62.295081967213115,fallback_low_threshold,fixed
40_set1_rally27_ball6_Clear.mp4,Clear,0.0,83.60655737704919,ultra_low_threshold,fixed
40_set1_rally30_ball7_Clear.mp4,Clear,0.0,100.0,fallback_low_threshold,fixed
40_set1_rally31_ball2_Clear.mp4,Clear,0.0,73.77049180327869,fallback_low_threshold,fixed
40_set1_rally32_ball2_Clear.mp4,Clear,0.0,77.04918032786885,ultra_low_threshold,fixed
40_set1_rally32_ball5_Clear.mp4,Clear,0.0,70.49180327868852,ultra_low_threshold,fixed
40_set1_rally32_ball6_Clear.mp4,Clear,0.0,57.377049180327866,ultra_low_threshold,fixed
40_set1_rally32_ball7_Clear.mp4,Clear,0.0,70.49180327868852,fallback_low_threshold,fixed
40_set1_rally32_ball15_Clear.mp4,Clear,0.0,34.42622950819672,fallback_low_threshold,partial
40_set1_rally32_ball16_Clear.mp4,Clear,0.0,24.59016393442623,fallback_low_threshold,partial
40_set1_rally32_ball17_Clear.mp4,Clear,0.0,90.1639344262295,ultra_low_threshold,fixed
40_set1_rally32_ball20_Clear.mp4,Clear,0.0,39.34426229508197,ultra_low_threshold,partial
40_set1_rally32_ball21_Clear.mp4,Clear,0.0,67.21311475409836,fallback_low_threshold,fixed
40_set1_rally35_ball2_Clear.mp4,Clear,0.0,57.377049180327866,fallback_low_threshold,fixed
40_set1_rally35_ball5_Clear.mp4,Clear,0.0,54.09836065573771,fallback_low_threshold,fixed
40_set1_rally35_ball8_Clear.mp4,Clear,0.0,39.34426229508197,fallback_low_threshold,partial
40_set1_rally35_ball9_Clear.mp4,Clear,0.0,100.0,fallback_low_threshold,fixed
40_set1_rally35_ball10_Clear.mp4,Clear,0.0,29.508196721311474,fallback_low_threshold,partial
40_set1_rally35_ball13_Clear.mp4,Clear,0.0,59.01639344262295,ultra_low_threshold,fixed
40_set1_rally36_ball6_Clear.mp4,Clear,0.0,8.19672131147541,ultra_low_threshold,partial
40_set1_rally36_ball7_Clear.mp4,Clear,0.0,11.475409836065573,fallback_low_threshold,partial
40_set1_rally36_ball8_Clear.mp4,Clear,0.0,11.475409836065573,ultra_low_threshold,partial
40_set1_rally36_ball9_Clear.mp4,Clear,0.0,4.918032786885246,fallback_low_threshold,partial
40_set1_rally37_ball2_Clear.mp4,Clear,0.0,21.311475409836063,ultra_low_threshold,partial
40_set1_rally37_ball15_Clear.mp4,Clear,0.0,27.86885245901639,ultra_low_threshold,partial
40_set1_rally37_ball16_Clear.mp4,Clear,0.0,3.278688524590164,ultra_low_threshold,partial
40_set1_rally37_ball20_Clear.mp4,Clear,0.0,4.918032786885246,fallback_low_threshold,partial
40_set1_rally37_ball21_Clear.mp4,Clear,0.0,18.0327868852459,ultra_low_threshold,partial
40_set1_rally39_ball2_Clear.mp4,Clear,0.0,45.90163934426229,fallback_low_threshold,partial
40_set1_rally39_ball7_Smash.mp4,Smash,0.0,59.01639344262295,ultra_low_threshold,fixed
40_set1_rally39_ball10_Smash.mp4,Smash,0.0,27.86885245901639,fallback_low_threshold,partial
40_set1_rally39_ball14_Smash.mp4,Smash,0.0,50.81967213114754,ultra_low_threshold,fixed
40_set1_rally39_ball17_Clear.mp4,Clear,0.0,31.147540983606557,ultra_low_threshold,partial
40_set1_rally39_ball18_Clear.mp4,Clear,0.0,13.114754098360656,fallback_low_threshold,partial
40_set1_rally39_ball19_Clear.mp4,Clear,0.0,49.18032786885246,ultra_low_threshold,partial
40_set1_rally41_ball7_Clear.mp4,Clear,0.0,32.78688524590164,fallback_low_threshold,partial
40_set1_rally41_ball8_Smash.mp4,Smash,0.0,100.0,fallback_low_threshold,fixed
40_set1_rally42_ball2_Clear.mp4,Clear,0.0,11.475409836065573,fallback_low_threshold,partial
40_set1_rally43_ball5_Clear.mp4,Clear,0.0,22.950819672131146,fallback_low_threshold,partial
40_set1_rally43_ball8_Smash.mp4,Smash,0.0,93.44262295081968,fallback_low_threshold,fixed
40_set1_rally45_ball5_Smash.mp4,Smash,0.0,96.72131147540983,ultra_low_threshold,fixed
40_set1_rally46_ball5_Clear.mp4,Clear,0.0,88.52459016393442,fallback_low_threshold,fixed
40_set1_rally46_ball6_Smash.mp4,Smash,0.0,70.49180327868852,fallback_low_threshold,fixed
40_set1_rally47_ball5_Smash.mp4,Smash,0.0,98.36065573770492,ultra_low_threshold,fixed
40_set1_rally47_ball8_Clear.mp4,Clear,0.0,27.86885245901639,fallback_low_threshold,partial
40_set1_rally47_ball14_Clear.mp4,Clear,0.0,45.90163934426229,fallback_low_threshold,partial
40_set1_rally47_ball18_Clear.mp4,Clear,0.0,59.01639344262295,fallback_low_threshold,fixed
40_set1_rally48_ball4_Clear.mp4,Clear,0.0,37.704918032786885,ultra_low_threshold,partial
40_set1_rally48_ball5_Smash.mp4,Smash,0.0,11.475409836065573,ultra_low_threshold,partial
40_set2_rally1_ball2_Clear.mp4,Clear,0.0,93.44262295081968,fallback_low_threshold,fixed
40_set2_rally1_ball7_Clear.mp4,Clear,0.0,73.77049180327869,fallback_low_threshold,fixed
40_set2_rally1_ball8_Smash.mp4,Smash,0.0,68.85245901639344,fallback_low_threshold,fixed
40_set2_rally2_ball5_Smash.mp4,Smash,0.0,78.68852459016394,fallback_low_threshold,fixed
40_set2_rally4_ball3_Smash.mp4,Smash,0.0,88.52459016393442,fallback_low_threshold,fixed
40_set2_rally5_ball4_Clear.mp4,Clear,0.0,75.40983606557377,fallback_low_threshold,fixed
40_set2_rally5_ball5_Clear.mp4,Clear,0.0,91.80327868852459,fallback_low_threshold,fixed
40_set2_rally5_ball6_Clear.mp4,Clear,0.0,78.68852459016394,fallback_low_threshold,fixed
40_set2_rally5_ball7_Smash.mp4,Smash,0.0,81.9672131147541,fallback_low_threshold,fixed
40_set2_rally6_ball2_Clear.mp4,Clear,0.0,78.68852459016394,fallback_low_threshold,fixed
40_set2_rally7_ball4_Clear.mp4,Clear,0.0,88.52459016393442,fallback_low_threshold,fixed
40_set2_rally7_ball5_Clear.mp4,Clear,0.0,93.44262295081968,fallback_low_threshold,fixed
40_set2_rally7_ball8_Clear.mp4,Clear,0.0,95.08196721311475,fallback_low_threshold,fixed
40_set2_rally7_ball9_Clear.mp4,Clear,0.0,65.57377049180327,fallback_low_threshold,fixed
40_set2_rally10_ball3_Clear.mp4,Clear,0.0,85.24590163934425,fallback_low_threshold,fixed
40_set2_rally10_ball4_Clear.mp4,Clear,0.0,77.04918032786885,fallback_low_threshold,fixed
40_set2_rally10_ball5_Clear.mp4,Clear,0.0,52.459016393442624,fallback_low_threshold,fixed
40_set2_rally10_ball6_Clear.mp4,Clear,0.0,77.04918032786885,fallback_low_threshold,fixed
40_set2_rally11_ball5_Clear.mp4,Clear,0.0,75.40983606557377,fallback_low_threshold,fixed
40_set2_rally11_ball6_Clear.mp4,Clear,0.0,70.49180327868852,fallback_low_threshold,fixed
40_set2_rally11_ball13_Clear.mp4,Clear,0.0,44.26229508196721,fallback_low_threshold,partial
40_set2_rally13_ball2_Clear.mp4,Clear,0.0,100.0,ultra_low_threshold,fixed
40_set2_rally13_ball5_Smash.mp4,Smash,0.0,24.59016393442623,ultra_low_threshold,partial
40_set2_rally13_ball8_Clear.mp4,Clear,0.0,100.0,ultra_low_threshold,fixed
40_set2_rally16_ball2_Clear.mp4,Clear,0.0,100.0,fallback_low_threshold,fixed
40_set2_rally16_ball3_Clear.mp4,Clear,0.0,100.0,fallback_low_threshold,fixed
40_set2_rally16_ball4_Clear.mp4,Clear,0.0,100.0,ultra_low_threshold,fixed
40_set2_rally18_ball4_Clear.mp4,Clear,0.0,42.62295081967213,ultra_low_threshold,partial
40_set2_rally18_ball5_Clear.mp4,Clear,0.0,62.295081967213115,ultra_low_threshold,fixed
40_set2_rally18_ball9_Clear.mp4,Clear,0.0,80.32786885245902,fallback_low_threshold,fixed
40_set2_rally19_ball3_Clear.mp4,Clear,42.62295081967213,80.32786885245902,fallback_low_threshold,fixed
40_set2_rally19_ball7_Clear.mp4,Clear,0.0,100.0,ultra_low_threshold,fixed
40_set2_rally21_ball5_Clear.mp4,Clear,0.0,68.85245901639344,fallback_low_threshold,fixed
40_set2_rally24_ball2_Clear.mp4,Clear,0.0,57.377049180327866,fallback_low_threshold,fixed
40_set2_rally24_ball3_Clear.mp4,Clear,0.0,63.934426229508205,fallback_low_threshold,fixed
40_set2_rally25_ball2_Clear.mp4,Clear,0.0,39.34426229508197,ultra_low_threshold,partial
40_set2_rally25_ball3_Clear.mp4,Clear,0.0,50.81967213114754,fallback_low_threshold,fixed
40_set2_rally26_ball3_Clear.mp4,Clear,0.0,73.77049180327869,ultra_low_threshold,fixed
40_set2_rally26_ball4_Smash.mp4,Smash,0.0,44.26229508196721,fallback_low_threshold,partial
40_set2_rally28_ball2_Smash.mp4,Smash,0.0,75.40983606557377,ultra_low_threshold,fixed
40_set2_rally28_ball6_Clear.mp4,Clear,0.0,85.24590163934425,ultra_low_threshold,fixed
40_set2_rally28_ball7_Clear.mp4,Clear,0.0,45.90163934426229,ultra_low_threshold,partial
40_set2_rally28_ball8_Clear.mp4,Clear,0.0,75.40983606557377,ultra_low_threshold,fixed
40_set2_rally29_ball2_Clear.mp4,Clear,0.0,52.459016393442624,fallback_low_threshold,fixed
40_set2_rally29_ball3_Clear.mp4,Clear,0.0,52.459016393442624,ultra_low_threshold,fixed
40_set2_rally31_ball2_Smash.mp4,Smash,0.0,100.0,ultra_low_threshold,fixed
41_set1_rally1_ball3_Clear.mp4,Clear,0.0,52.459016393442624,ultra_low_threshold,fixed
41_set1_rally1_ball11_Clear.mp4,Clear,0.0,78.68852459016394,fallback_low_threshold,fixed
41_set1_rally2_ball3_Clear.mp4,Clear,0.0,65.57377049180327,ultra_low_threshold,fixed
41_set1_rally2_ball4_Clear.mp4,Clear,0.0,75.40983606557377,ultra_low_threshold,fixed
41_set1_rally2_ball5_Clear.mp4,Clear,0.0,52.459016393442624,fallback_low_threshold,fixed
41_set1_rally5_ball8_Smash.mp4,Smash,0.0,96.72131147540983,fallback_low_threshold,fixed
41_set1_rally6_ball3_Clear.mp4,Clear,0.0,91.80327868852459,fallback_low_threshold,fixed
41_set1_rally7_ball10_Clear.mp4,Clear,0.0,95.08196721311475,fallback_low_threshold,fixed
41_set1_rally7_ball11_Clear.mp4,Clear,0.0,90.1639344262295,fallback_low_threshold,fixed
41_set1_rally7_ball12_Smash.mp4,Smash,0.0,96.72131147540983,fallback_low_threshold,fixed
41_set1_rally7_ball18_Smash.mp4,Smash,0.0,77.04918032786885,fallback_low_threshold,fixed
41_set1_rally8_ball15_Clear.mp4,Clear,0.0,88.52459016393442,fallback_low_threshold,fixed
41_set1_rally8_ball20_Smash.mp4,Smash,0.0,68.85245901639344,ultra_low_threshold,fixed
41_set1_rally8_ball30_Clear.mp4,Clear,0.0,60.65573770491803,ultra_low_threshold,fixed
41_set1_rally9_ball4_Smash.mp4,Smash,0.0,68.85245901639344,fallback_low_threshold,fixed
41_set1_rally13_ball9_Smash.mp4,Smash,0.0,55.73770491803278,fallback_low_threshold,fixed
41_set1_rally13_ball14_Clear.mp4,Clear,0.0,95.08196721311475,fallback_low_threshold,fixed
41_set1_rally14_ball6_Clear.mp4,Clear,0.0,95.08196721311475,fallback_low_threshold,fixed
41_set1_rally14_ball7_Clear.mp4,Clear,0.0,98.36065573770492,fallback_low_threshold,fixed
41_set1_rally14_ball8_Clear.mp4,Clear,0.0,90.1639344262295,fallback_low_threshold,fixed
41_set1_rally14_ball14_Clear.mp4,Clear,0.0,100.0,fallback_low_threshold,fixed
41_set1_rally17_ball3_Smash.mp4,Smash,0.0,86.88524590163934,fallback_low_threshold,fixed
41_set1_rally17_ball7_Clear.mp4,Clear,0.0,93.44262295081968,fallback_low_threshold,fixed
41_set1_rally17_ball8_Clear.mp4,Clear,0.0,81.9672131147541,fallback_low_threshold,fixed
41_set1_rally18_ball4_Clear.mp4,Clear,0.0,81.9672131147541,fallback_low_threshold,fixed
41_set1_rally18_ball10_Clear.mp4,Clear,0.0,91.80327868852459,fallback_low_threshold,fixed
41_set1_rally18_ball18_Clear.mp4,Clear,0.0,90.1639344262295,ultra_low_threshold,fixed
41_set1_rally19_ball6_Clear.mp4,Clear,0.0,86.88524590163934,fallback_low_threshold,fixed
41_set1_rally19_ball7_Smash.mp4,Smash,0.0,60.65573770491803,fallback_low_threshold,fixed
41_set1_rally19_ball10_Clear.mp4,Clear,0.0,81.9672131147541,ultra_low_threshold,fixed
41_set1_rally20_ball4_Clear.mp4,Clear,0.0,100.0,fallback_low_threshold,fixed
41_set1_rally20_ball5_Clear.mp4,Clear,0.0,98.36065573770492,fallback_low_threshold,fixed
41_set1_rally21_ball8_Clear.mp4,Clear,0.0,95.08196721311475,fallback_low_threshold,fixed
41_set1_rally22_ball3_Clear.mp4,Clear,27.86885245901639,70.49180327868852,fallback_low_threshold,fixed
41_set1_rally23_ball4_Smash.mp4,Smash,0.0,54.09836065573771,fallback_low_threshold,fixed
41_set1_rally23_ball6_Clear.mp4,Clear,0.0,72.1311475409836,fallback_low_threshold,fixed
41_set1_rally23_ball7_Smash.mp4,Smash,0.0,63.934426229508205,fallback_low_threshold,fixed
41_set1_rally24_ball3_Clear.mp4,Clear,0.0,55.73770491803278,ultra_low_threshold,fixed
41_set1_rally24_ball7_Smash.mp4,Smash,0.0,100.0,ultra_low_threshold,fixed
41_set1_rally26_ball5_Smash.mp4,Smash,0.0,98.36065573770492,fallback_low_threshold,fixed
41_set1_rally27_ball6_Clear.mp4,Clear,0.0,80.32786885245902,fallback_low_threshold,fixed
41_set1_rally27_ball7_Clear.mp4,Clear,0.0,95.08196721311475,fallback_low_threshold,fixed
41_set1_rally27_ball13_Smash.mp4,Smash,0.0,55.73770491803278,ultra_low_threshold,fixed
41_set1_rally29_ball3_Clear.mp4,Clear,0.0,83.60655737704919,fallback_low_threshold,fixed
41_set1_rally30_ball3_Clear.mp4,Clear,0.0,80.32786885245902,fallback_low_threshold,fixed
41_set1_rally30_ball4_Smash.mp4,Smash,0.0,72.1311475409836,fallback_low_threshold,fixed
41_set1_rally31_ball4_Clear.mp4,Clear,0.0,91.80327868852459,fallback_low_threshold,fixed
41_set1_rally31_ball5_Smash.mp4,Smash,0.0,72.1311475409836,fallback_low_threshold,fixed
41_set1_rally32_ball4_Clear.mp4,Clear,0.0,95.08196721311475,fallback_low_threshold,fixed
41_set1_rally32_ball7_Clear.mp4,Clear,0.0,59.01639344262295,fallback_low_threshold,fixed
41_set1_rally33_ball3_Smash.mp4,Smash,0.0,95.08196721311475,fallback_low_threshold,fixed
41_set1_rally33_ball5_Clear.mp4,Clear,0.0,100.0,ultra_low_threshold,fixed
41_set2_rally2_ball4_Clear.mp4,Clear,0.0,67.21311475409836,fallback_low_threshold,fixed
41_set2_rally2_ball5_Smash.mp4,Smash,0.0,47.540983606557376,ultra_low_threshold,partial
41_set2_rally3_ball3_Clear.mp4,Clear,0.0,50.81967213114754,fallback_low_threshold,fixed
41_set2_rally3_ball4_Smash.mp4,Smash,0.0,59.01639344262295,ultra_low_threshold,fixed
41_set2_rally3_ball8_Clear.mp4,Clear,0.0,67.21311475409836,ultra_low_threshold,fixed
41_set2_rally3_ball9_Smash.mp4,Smash,0.0,65.57377049180327,fallback_low_threshold,fixed
41_set2_rally4_ball3_Clear.mp4,Clear,0.0,72.1311475409836,ultra_low_threshold,fixed
41_set2_rally4_ball4_Clear.mp4,Clear,0.0,70.49180327868852,fallback_low_threshold,fixed
41_set2_rally4_ball9_Clear.mp4,Clear,0.0,27.86885245901639,fallback_low_threshold,partial
41_set2_rally4_ball16_Smash.mp4,Smash,0.0,32.78688524590164,ultra_low_threshold,partial
41_set2_rally4_ball18_Smash.mp4,Smash,0.0,95.08196721311475,fallback_low_threshold,fixed
41_set2_rally5_ball3_Smash.mp4,Smash,0.0,45.90163934426229,ultra_low_threshold,partial
41_set2_rally5_ball7_Smash.mp4,Smash,0.0,39.34426229508197,ultra_low_threshold,partial
41_set2_rally12_ball6_Clear.mp4,Clear,0.0,22.950819672131146,ultra_low_threshold,partial
41_set2_rally12_ball7_Smash.mp4,Smash,0.0,68.85245901639344,ultra_low_threshold,fixed
41_set2_rally16_ball8_Smash.mp4,Smash,0.0,37.704918032786885,ultra_low_threshold,partial
41_set2_rally16_ball12_Clear.mp4,Clear,0.0,37.704918032786885,ultra_low_threshold,partial
41_set2_rally17_ball20_Smash.mp4,Smash,0.0,39.34426229508197,ultra_low_threshold,partial
41_set2_rally19_ball6_Smash.mp4,Smash,0.0,75.40983606557377,ultra_low_threshold,fixed
41_set2_rally19_ball13_Smash.mp4,Smash,0.0,72.1311475409836,fallback_low_threshold,fixed
41_set2_rally20_ball5_Clear.mp4,Clear,0.0,50.81967213114754,fallback_low_threshold,fixed
41_set2_rally21_ball12_Smash.mp4,Smash,0.0,70.49180327868852,fallback_low_threshold,fixed
41_set2_rally21_ball25_Smash.mp4,Smash,0.0,57.377049180327866,fallback_low_threshold,fixed
41_set2_rally21_ball35_Clear.mp4,Clear,0.0,93.44262295081968,fallback_low_threshold,fixed
41_set2_rally21_ball42_Clear.mp4,Clear,0.0,88.52459016393442,fallback_low_threshold,fixed
41_set2_rally21_ball43_Clear.mp4,Clear,0.0,83.60655737704919,ultra_low_threshold,fixed
41_set2_rally21_ball44_Smash.mp4,Smash,0.0,80.32786885245902,fallback_low_threshold,fixed
41_set2_rally21_ball47_Smash.mp4,Smash,0.0,62.295081967213115,fallback_low_threshold,fixed
41_set2_rally24_ball3_Smash.mp4,Smash,0.0,47.540983606557376,ultra_low_threshold,partial
41_set2_rally24_ball6_Smash.mp4,Smash,0.0,100.0,ultra_low_threshold,fixed
41_set2_rally24_ball9_Smash.mp4,Smash,0.0,47.540983606557376,ultra_low_threshold,partial
41_set2_rally25_ball5_Clear.mp4,Clear,0.0,55.73770491803278,fallback_low_threshold,fixed
41_set2_rally25_ball6_Smash.mp4,Smash,0.0,75.40983606557377,fallback_low_threshold,fixed
41_set2_rally25_ball20_Smash.mp4,Smash,0.0,4.918032786885246,fallback_low_threshold,partial
41_set2_rally25_ball26_Clear.mp4,Clear,0.0,100.0,fallback_low_threshold,fixed
41_set2_rally26_ball16_Clear.mp4,Clear,0.0,40.98360655737705,ultra_low_threshold,partial
41_set2_rally26_ball17_Smash.mp4,Smash,0.0,27.86885245901639,fallback_low_threshold,partial
41_set2_rally27_ball8_Clear.mp4,Clear,0.0,59.01639344262295,ultra_low_threshold,fixed
41_set2_rally27_ball13_Clear.mp4,Clear,0.0,88.52459016393442,fallback_low_threshold,fixed
41_set2_rally28_ball12_Clear.mp4,Clear,0.0,49.18032786885246,fallback_low_threshold,partial
41_set2_rally29_ball9_Clear.mp4,Clear,0.0,34.42622950819672,ultra_low_threshold,partial
41_set2_rally29_ball10_Clear.mp4,Clear,0.0,29.508196721311474,ultra_low_threshold,partial
41_set2_rally30_ball8_Clear.mp4,Clear,0.0,72.1311475409836,fallback_low_threshold,fixed
41_set2_rally30_ball12_Clear.mp4,Clear,0.0,88.52459016393442,fallback_low_threshold,fixed
41_set2_rally30_ball13_Smash.mp4,Smash,0.0,83.60655737704919,fallback_low_threshold,fixed
41_set2_rally32_ball3_Smash.mp4,Smash,0.0,18.0327868852459,ultra_low_threshold,partial
41_set2_rally34_ball12_Clear.mp4,Clear,0.0,86.88524590163934,fallback_low_threshold,fixed
41_set2_rally35_ball6_Smash.mp4,Smash,0.0,55.73770491803278,fallback_low_threshold,fixed
41_set2_rally36_ball3_Clear.mp4,Clear,0.0,63.934426229508205,fallback_low_threshold,fixed
41_set2_rally36_ball7_Smash.mp4,Smash,0.0,50.81967213114754,fallback_low_threshold,fixed
41_set2_rally36_ball10_Clear.mp4,Clear,0.0,62.295081967213115,fallback_low_threshold,fixed
41_set2_rally36_ball11_Smash.mp4,Smash,0.0,62.295081967213115,fallback_low_threshold,fixed
41_set2_rally36_ball16_Smash.mp4,Smash,0.0,73.77049180327869,fallback_low_threshold,fixed
41_set3_rally1_ball4_Smash.mp4,Smash,0.0,100.0,fallback_low_threshold,fixed
41_set3_rally1_ball12_Smash.mp4,Smash,0.0,36.0655737704918,ultra_low_threshold,partial
41_set3_rally1_ball15_Clear.mp4,Clear,0.0,91.80327868852459,ultra_low_threshold,fixed
41_set3_rally1_ball16_Clear.mp4,Clear,0.0,26.229508196721312,fallback_low_threshold,partial
41_set3_rally3_ball3_Clear.mp4,Clear,0.0,100.0,fallback_low_threshold,fixed
41_set3_rally5_ball10_Smash.mp4,Smash,0.0,72.1311475409836,fallback_low_threshold,fixed
41_set3_rally6_ball3_Smash.mp4,Smash,0.0,70.49180327868852,ultra_low_threshold,fixed
41_set3_rally6_ball6_Smash.mp4,Smash,0.0,75.40983606557377,ultra_low_threshold,fixed
41_set3_rally7_ball13_Clear.mp4,Clear,0.0,85.24590163934425,fallback_low_threshold,fixed
41_set3_rally7_ball23_Clear.mp4,Clear,0.0,100.0,fallback_low_threshold,fixed
41_set3_rally9_ball9_Clear.mp4,Clear,0.0,88.52459016393442,fallback_low_threshold,fixed
41_set3_rally9_ball10_Smash.mp4,Smash,0.0,68.85245901639344,fallback_low_threshold,fixed
41_set3_rally10_ball6_Smash.mp4,Smash,0.0,67.21311475409836,fallback_low_threshold,fixed
41_set3_rally11_ball3_Clear.mp4,Clear,9.836065573770492,67.21311475409836,fallback_low_threshold,fixed
41_set3_rally11_ball4_Smash.mp4,Smash,0.0,63.934426229508205,fallback_low_threshold,fixed
41_set3_rally11_ball8_Smash.mp4,Smash,0.0,100.0,fallback_low_threshold,fixed
41_set3_rally11_ball11_Smash.mp4,Smash,0.0,90.1639344262295,ultra_low_threshold,fixed
41_set3_rally12_ball4_Smash.mp4,Smash,0.0,62.295081967213115,fallback_low_threshold,fixed
41_set3_rally13_ball4_Smash.mp4,Smash,0.0,91.80327868852459,fallback_low_threshold,fixed
41_set3_rally14_ball5_Smash.mp4,Smash,0.0,59.01639344262295,fallback_low_threshold,fixed
41_set3_rally14_ball16_Smash.mp4,Smash,0.0,98.36065573770492,ultra_low_threshold,fixed
41_set3_rally14_ball19_Clear.mp4,Clear,0.0,100.0,fallback_low_threshold,fixed
41_set3_rally14_ball23_Clear.mp4,Clear,0.0,100.0,ultra_low_threshold,fixed
41_set3_rally14_ball24_Clear.mp4,Clear,0.0,54.09836065573771,ultra_low_threshold,fixed
41_set3_rally14_ball25_Clear.mp4,Clear,0.0,80.32786885245902,ultra_low_threshold,fixed
41_set3_rally14_ball32_Clear.mp4,Clear,0.0,55.73770491803278,fallback_low_threshold,fixed
41_set3_rally14_ball33_Clear.mp4,Clear,0.0,78.68852459016394,fallback_low_threshold,fixed
41_set3_rally14_ball42_Clear.mp4,Clear,0.0,91.80327868852459,ultra_low_threshold,fixed
41_set3_rally14_ball43_Smash.mp4,Smash,0.0,93.44262295081968,ultra_low_threshold,fixed
41_set3_rally17_ball3_Clear.mp4,Clear,0.0,100.0,ultra_low_threshold,fixed
41_set3_rally17_ball4_Clear.mp4,Clear,0.0,85.24590163934425,ultra_low_threshold,fixed
41_set3_rally17_ball5_Smash.mp4,Smash,0.0,70.49180327868852,fallback_low_threshold,fixed
41_set3_rally17_ball11_Clear.mp4,Clear,0.0,55.73770491803278,fallback_low_threshold,fixed
41_set3_rally18_ball7_Clear.mp4,Clear,0.0,1.639344262295082,fallback_low_threshold,partial
41_set3_rally18_ball8_Clear.mp4,Clear,0.0,6.557377049180328,ultra_low_threshold,partial
41_set3_rally18_ball9_Clear.mp4,Clear,0.0,11.475409836065573,ultra_low_threshold,partial
41_set3_rally18_ball14_Smash.mp4,Smash,0.0,8.19672131147541,ultra_low_threshold,partial
41_set3_rally18_ball17_Smash.mp4,Smash,0.0,85.24590163934425,ultra_low_threshold,fixed
41_set3_rally19_ball5_Clear.mp4,Clear,0.0,78.68852459016394,ultra_low_threshold,fixed
41_set3_rally19_ball6_Clear.mp4,Clear,0.0,60.65573770491803,ultra_low_threshold,fixed
41_set3_rally19_ball10_Smash.mp4,Smash,0.0,62.295081967213115,fallback_low_threshold,fixed
41_set3_rally19_ball15_Smash.mp4,Smash,0.0,52.459016393442624,ultra_low_threshold,fixed
41_set3_rally20_ball9_Smash.mp4,Smash,0.0,39.34426229508197,fallback_low_threshold,partial
41_set3_rally21_ball13_Smash.mp4,Smash,0.0,42.62295081967213,fallback_low_threshold,partial
41_set3_rally21_ball16_Clear.mp4,Clear,0.0,37.704918032786885,ultra_low_threshold,partial
41_set3_rally21_ball17_Smash.mp4,Smash,0.0,29.508196721311474,ultra_low_threshold,partial
41_set3_rally23_ball6_Smash.mp4,Smash,0.0,50.81967213114754,fallback_low_threshold,fixed
41_set3_rally25_ball12_Smash.mp4,Smash,0.0,36.0655737704918,fallback_low_threshold,partial
41_set3_rally26_ball4_Clear.mp4,Clear,0.0,91.80327868852459,fallback_low_threshold,fixed
41_set3_rally27_ball3_Smash.mp4,Smash,36.0655737704918,96.72131147540983,fallback_low_threshold,fixed
41_set3_rally29_ball9_Smash.mp4,Smash,0.0,60.65573770491803,fallback_low_threshold,fixed
41_set3_rally30_ball14_Smash.mp4,Smash,0.0,72.1311475409836,fallback_low_threshold,fixed
41_set3_rally31_ball4_Smash.mp4,Smash,0.0,90.1639344262295,fallback_low_threshold,fixed
41_set3_rally31_ball7_Clear.mp4,Clear,0.0,32.78688524590164,ultra_low_threshold,partial
41_set3_rally31_ball11_Smash.mp4,Smash,0.0,42.62295081967213,ultra_low_threshold,partial
41_set3_rally32_ball4_Clear.mp4,Clear,0.0,18.0327868852459,ultra_low_threshold,partial
41_set3_rally32_ball5_Smash.mp4,Smash,0.0,57.377049180327866,fallback_low_threshold,fixed
41_set3_rally32_ball9_Clear.mp4,Clear,0.0,59.01639344262295,fallback_low_threshold,fixed
41_set3_rally33_ball7_Smash.mp4,Smash,0.0,70.49180327868852,fallback_low_threshold,fixed
41_set3_rally33_ball10_Smash.mp4,Smash,0.0,31.147540983606557,fallback_low_threshold,partial
41_set3_rally33_ball22_Clear.mp4,Clear,0.0,68.85245901639344,fallback_low_threshold,fixed
41_set3_rally33_ball23_Smash.mp4,Smash,0.0,80.32786885245902,ultra_low_threshold,fixed
41_set3_rally33_ball29_Clear.mp4,Clear,0.0,96.72131147540983,ultra_low_threshold,fixed
41_set3_rally33_ball30_Clear.mp4,Clear,0.0,60.65573770491803,fallback_low_threshold,fixed
41_set3_rally34_ball9_Smash.mp4,Smash,0.0,72.1311475409836,ultra_low_threshold,fixed
41_set3_rally34_ball13_Smash.mp4,Smash,0.0,22.950819672131146,fallback_low_threshold,partial
41_set3_rally35_ball7_Clear.mp4,Clear,0.0,72.1311475409836,fallback_low_threshold,fixed
41_set3_rally37_ball4_Clear.mp4,Clear,0.0,18.0327868852459,ultra_low_threshold,partial
41_set3_rally37_ball7_Smash.mp4,Smash,0.0,60.65573770491803,ultra_low_threshold,fixed
41_set3_rally37_ball15_Smash.mp4,Smash,0.0,78.68852459016394,fallback_low_threshold,fixed
41_set3_rally37_ball25_Clear.mp4,Clear,0.0,60.65573770491803,fallback_low_threshold,fixed
41_set3_rally37_ball26_Smash.mp4,Smash,0.0,62.295081967213115,ultra_low_threshold,fixed
41_set3_rally37_ball30_Clear.mp4,Clear,0.0,55.73770491803278,ultra_low_threshold,fixed
41_set3_rally37_ball41_Clear.mp4,Clear,0.0,26.229508196721312,fallback_low_threshold,partial
41_set3_rally37_ball42_Smash.mp4,Smash,0.0,14.754098360655737,ultra_low_threshold,partial
41_set3_rally40_ball4_Clear.mp4,Clear,0.0,75.40983606557377,fallback_low_threshold,fixed
41_set3_rally40_ball9_Smash.mp4,Smash,0.0,86.88524590163934,fallback_low_threshold,fixed
41_set3_rally40_ball14_Smash.mp4,Smash,0.0,13.114754098360656,ultra_low_threshold,partial
42_set1_rally1_ball4_Clear.mp4,Clear,0.0,78.68852459016394,ultra_low_threshold,fixed
42_set1_rally2_ball2_Clear.mp4,Clear,0.0,65.57377049180327,ultra_low_threshold,fixed
42_set1_rally4_ball2_Clear.mp4,Clear,0.0,78.68852459016394,fallback_low_threshold,fixed
42_set1_rally4_ball9_Clear.mp4,Clear,0.0,59.01639344262295,ultra_low_threshold,fixed
42_set1_rally4_ball20_Clear.mp4,Clear,0.0,70.49180327868852,fallback_low_threshold,fixed
42_set1_rally6_ball2_Clear.mp4,Clear,0.0,80.32786885245902,fallback_low_threshold,fixed
42_set1_rally6_ball6_Clear.mp4,Clear,0.0,59.01639344262295,fallback_low_threshold,fixed
42_set1_rally6_ball11_Clear.mp4,Clear,0.0,72.1311475409836,fallback_low_threshold,fixed
42_set1_rally6_ball12_Clear.mp4,Clear,0.0,85.24590163934425,fallback_low_threshold,fixed
42_set1_rally6_ball16_Clear.mp4,Clear,0.0,54.09836065573771,fallback_low_threshold,fixed
42_set1_rally6_ball17_Clear.mp4,Clear,0.0,86.88524590163934,fallback_low_threshold,fixed
42_set1_rally6_ball18_Smash.mp4,Smash,0.0,65.57377049180327,ultra_low_threshold,fixed
42_set1_rally7_ball4_Smash.mp4,Smash,0.0,60.65573770491803,fallback_low_threshold,fixed
42_set1_rally8_ball2_Clear.mp4,Clear,0.0,77.04918032786885,ultra_low_threshold,fixed
42_set1_rally9_ball2_Clear.mp4,Clear,0.0,63.934426229508205,ultra_low_threshold,fixed
42_set1_rally9_ball3_Clear.mp4,Clear,0.0,63.934426229508205,ultra_low_threshold,fixed
42_set1_rally9_ball4_Clear.mp4,Clear,0.0,45.90163934426229,ultra_low_threshold,partial
42_set1_rally9_ball5_Smash.mp4,Smash,0.0,6.557377049180328,ultra_low_threshold,partial
42_set1_rally10_ball10_Clear.mp4,Clear,0.0,63.934426229508205,fallback_low_threshold,fixed
42_set1_rally10_ball11_Smash.mp4,Smash,0.0,90.1639344262295,ultra_low_threshold,fixed
42_set1_rally11_ball5_Clear.mp4,Clear,0.0,96.72131147540983,ultra_low_threshold,fixed
42_set1_rally11_ball10_Clear.mp4,Clear,0.0,11.475409836065573,ultra_low_threshold,partial
42_set1_rally11_ball11_Clear.mp4,Clear,0.0,63.934426229508205,ultra_low_threshold,fixed
42_set1_rally11_ball12_Clear.mp4,Clear,0.0,68.85245901639344,ultra_low_threshold,fixed
42_set1_rally11_ball13_Clear.mp4,Clear,0.0,26.229508196721312,ultra_low_threshold,partial
42_set1_rally11_ball14_Clear.mp4,Clear,0.0,29.508196721311474,ultra_low_threshold,partial
42_set1_rally11_ball15_Clear.mp4,Clear,0.0,50.81967213114754,ultra_low_threshold,fixed
42_set1_rally14_ball5_Clear.mp4,Clear,0.0,32.78688524590164,fallback_low_threshold,partial
42_set1_rally14_ball6_Clear.mp4,Clear,0.0,26.229508196721312,fallback_low_threshold,partial
42_set1_rally17_ball2_Clear.mp4,Clear,0.0,59.01639344262295,ultra_low_threshold,fixed
42_set1_rally19_ball5_Clear.mp4,Clear,0.0,63.934426229508205,ultra_low_threshold,fixed
42_set1_rally19_ball8_Clear.mp4,Clear,0.0,52.459016393442624,fallback_low_threshold,fixed
42_set1_rally19_ball14_Clear.mp4,Clear,0.0,21.311475409836063,ultra_low_threshold,partial
42_set1_rally19_ball15_Clear.mp4,Clear,0.0,52.459016393442624,fallback_low_threshold,fixed
42_set1_rally20_ball2_Smash.mp4,Smash,0.0,75.40983606557377,ultra_low_threshold,fixed
42_set1_rally20_ball5_Smash.mp4,Smash,0.0,63.934426229508205,fallback_low_threshold,fixed
42_set1_rally22_ball2_Clear.mp4,Clear,0.0,70.49180327868852,fallback_low_threshold,fixed
42_set1_rally22_ball7_Smash.mp4,Smash,0.0,55.73770491803278,ultra_low_threshold,fixed
42_set1_rally22_ball12_Clear.mp4,Clear,0.0,65.57377049180327,fallback_low_threshold,fixed
42_set1_rally22_ball15_Clear.mp4,Clear,0.0,49.18032786885246,ultra_low_threshold,partial
42_set1_rally23_ball2_Smash.mp4,Smash,0.0,75.40983606557377,fallback_low_threshold,fixed
42_set1_rally24_ball2_Clear.mp4,Clear,0.0,22.950819672131146,ultra_low_threshold,partial
42_set1_rally25_ball2_Smash.mp4,Smash,0.0,83.60655737704919,ultra_low_threshold,fixed
42_set1_rally26_ball2_Clear.mp4,Clear,0.0,36.0655737704918,ultra_low_threshold,partial
42_set1_rally26_ball3_Clear.mp4,Clear,0.0,18.0327868852459,fallback_low_threshold,partial
42_set1_rally26_ball4_Clear.mp4,Clear,0.0,31.147540983606557,fallback_low_threshold,partial
42_set1_rally26_ball5_Clear.mp4,Clear,0.0,9.836065573770492,ultra_low_threshold,partial
42_set1_rally26_ball6_Clear.mp4,Clear,0.0,36.0655737704918,ultra_low_threshold,partial
42_set1_rally26_ball7_Clear.mp4,Clear,0.0,18.0327868852459,ultra_low_threshold,partial
42_set1_rally26_ball11_Clear.mp4,Clear,0.0,11.475409836065573,ultra_low_threshold,partial
42_set1_rally26_ball12_Smash.mp4,Smash,0.0,54.09836065573771,ultra_low_threshold,fixed
42_set1_rally27_ball7_Clear.mp4,Clear,0.0,52.459016393442624,fallback_low_threshold,fixed
42_set1_rally27_ball8_Smash.mp4,Smash,0.0,22.950819672131146,ultra_low_threshold,partial
42_set1_rally27_ball16_Clear.mp4,Clear,0.0,44.26229508196721,ultra_low_threshold,partial
42_set1_rally27_ball17_Clear.mp4,Clear,0.0,70.49180327868852,ultra_low_threshold,fixed
42_set1_rally27_ball18_Clear.mp4,Clear,0.0,78.68852459016394,ultra_low_threshold,fixed
42_set1_rally27_ball19_Clear.mp4,Clear,0.0,78.68852459016394,fallback_low_threshold,fixed
42_set1_rally29_ball2_Smash.mp4,Smash,0.0,57.377049180327866,fallback_low_threshold,fixed
42_set1_rally29_ball9_Clear.mp4,Clear,0.0,67.21311475409836,fallback_low_threshold,fixed
42_set1_rally30_ball2_Smash.mp4,Smash,0.0,90.1639344262295,fallback_low_threshold,fixed
42_set1_rally30_ball6_Clear.mp4,Clear,0.0,65.57377049180327,ultra_low_threshold,fixed
42_set1_rally31_ball3_Clear.mp4,Clear,0.0,45.90163934426229,fallback_low_threshold,partial
42_set1_rally32_ball2_Smash.mp4,Smash,0.0,52.459016393442624,ultra_low_threshold,fixed
42_set1_rally32_ball4_Smash.mp4,Smash,0.0,59.01639344262295,fallback_low_threshold,fixed
42_set1_rally32_ball7_Clear.mp4,Clear,0.0,83.60655737704919,fallback_low_threshold,fixed
42_set1_rally32_ball8_Smash.mp4,Smash,0.0,75.40983606557377,fallback_low_threshold,fixed
42_set1_rally33_ball5_Clear.mp4,Clear,0.0,63.934426229508205,fallback_low_threshold,fixed
42_set1_rally33_ball6_Smash.mp4,Smash,0.0,52.459016393442624,fallback_low_threshold,fixed
42_set1_rally34_ball4_Clear.mp4,Clear,0.0,81.9672131147541,fallback_low_threshold,fixed
42_set1_rally34_ball5_Clear.mp4,Clear,0.0,72.1311475409836,ultra_low_threshold,fixed
42_set1_rally34_ball6_Clear.mp4,Clear,0.0,50.81967213114754,ultra_low_threshold,fixed
42_set1_rally35_ball5_Clear.mp4,Clear,0.0,85.24590163934425,ultra_low_threshold,fixed
42_set1_rally36_ball2_Smash.mp4,Smash,0.0,65.57377049180327,ultra_low_threshold,fixed
42_set1_rally36_ball8_Clear.mp4,Clear,1.639344262295082,47.540983606557376,fallback_low_threshold,partial
42_set1_rally37_ball3_Clear.mp4,Clear,0.0,32.78688524590164,ultra_low_threshold,partial
42_set1_rally37_ball4_Smash.mp4,Smash,0.0,36.0655737704918,ultra_low_threshold,partial
42_set1_rally38_ball4_Smash.mp4,Smash,0.0,67.21311475409836,fallback_low_threshold,fixed
42_set1_rally38_ball7_Smash.mp4,Smash,0.0,18.0327868852459,ultra_low_threshold,partial
42_set1_rally38_ball14_Clear.mp4,Clear,0.0,44.26229508196721,ultra_low_threshold,partial
42_set1_rally38_ball15_Clear.mp4,Clear,0.0,22.950819672131146,ultra_low_threshold,partial
42_set1_rally38_ball16_Smash.mp4,Smash,0.0,6.557377049180328,ultra_low_threshold,partial
42_set1_rally38_ball20_Clear.mp4,Clear,0.0,42.62295081967213,ultra_low_threshold,partial
42_set1_rally38_ball21_Clear.mp4,Clear,0.0,52.459016393442624,fallback_low_threshold,fixed
42_set1_rally39_ball2_Clear.mp4,Clear,0.0,45.90163934426229,ultra_low_threshold,partial
42_set1_rally39_ball3_Smash.mp4,Smash,0.0,14.754098360655737,fallback_low_threshold,partial
42_set1_rally39_ball6_Clear.mp4,Clear,0.0,67.21311475409836,fallback_low_threshold,fixed
42_set1_rally39_ball7_Clear.mp4,Clear,0.0,54.09836065573771,fallback_low_threshold,fixed
42_set1_rally39_ball8_Clear.mp4,Clear,0.0,59.01639344262295,fallback_low_threshold,fixed
42_set1_rally39_ball9_Clear.mp4,Clear,0.0,63.934426229508205,fallback_low_threshold,fixed
42_set2_rally1_ball2_Smash.mp4,Smash,0.0,60.65573770491803,fallback_low_threshold,fixed
42_set2_rally1_ball10_Smash.mp4,Smash,0.0,70.49180327868852,fallback_low_threshold,fixed
42_set2_rally1_ball14_Smash.mp4,Smash,0.0,57.377049180327866,fallback_low_threshold,fixed
42_set2_rally1_ball16_Smash.mp4,Smash,0.0,80.32786885245902,fallback_low_threshold,fixed
42_set2_rally2_ball2_Smash.mp4,Smash,14.754098360655735,73.77049180327869,fallback_low_threshold,fixed
42_set2_rally2_ball8_Clear.mp4,Clear,0.0,65.57377049180327,fallback_low_threshold,fixed
42_set2_rally2_ball9_Smash.mp4,Smash,0.0,57.377049180327866,fallback_low_threshold,fixed
42_set2_rally3_ball2_Smash.mp4,Smash,0.0,59.01639344262295,fallback_low_threshold,fixed
42_set2_rally4_ball2_Smash.mp4,Smash,0.0,77.04918032786885,fallback_low_threshold,fixed
42_set2_rally4_ball7_Smash.mp4,Smash,0.0,63.934426229508205,fallback_low_threshold,fixed
42_set2_rally5_ball2_Smash.mp4,Smash,0.0,14.754098360655737,ultra_low_threshold,partial
42_set2_rally5_ball5_Clear.mp4,Clear,0.0,95.08196721311475,fallback_low_threshold,fixed
42_set2_rally14_ball2_Smash.mp4,Smash,8.19672131147541,50.81967213114754,ultra_low_threshold,fixed
42_set2_rally14_ball4_Smash.mp4,Smash,0.0,78.68852459016394,fallback_low_threshold,fixed
42_set2_rally19_ball10_Smash.mp4,Smash,0.0,57.377049180327866,fallback_low_threshold,fixed
42_set2_rally20_ball9_Smash.mp4,Smash,0.0,55.73770491803278,fallback_low_threshold,fixed
42_set2_rally21_ball6_Clear.mp4,Clear,0.0,81.9672131147541,fallback_low_threshold,fixed
42_set2_rally21_ball7_Smash.mp4,Smash,0.0,100.0,ultra_low_threshold,fixed
42_set2_rally21_ball9_Smash.mp4,Smash,0.0,55.73770491803278,fallback_low_threshold,fixed
42_set2_rally21_ball14_Clear.mp4,Clear,0.0,75.40983606557377,fallback_low_threshold,fixed
42_set2_rally21_ball15_Clear.mp4,Clear,0.0,81.9672131147541,fallback_low_threshold,fixed
42_set2_rally21_ball16_Clear.mp4,Clear,0.0,83.60655737704919,fallback_low_threshold,fixed
43_set2_rally20_ball2_Smash.mp4,Smash,0.0,96.72131147540983,ultra_low_threshold,fixed
43_set2_rally20_ball6_Smash.mp4,Smash,0.0,65.57377049180327,ultra_low_threshold,fixed
43_set2_rally21_ball6_Clear.mp4,Clear,42.62295081967213,21.311475409836063,fallback_low_threshold,partial
43_set2_rally21_ball7_Smash.mp4,Smash,0.0,29.508196721311474,ultra_low_threshold,partial
43_set2_rally23_ball5_Smash.mp4,Smash,0.0,59.01639344262295,ultra_low_threshold,fixed
43_set2_rally24_ball8_Smash.mp4,Smash,0.0,19.672131147540984,ultra_low_threshold,partial
43_set2_rally24_ball11_Smash.mp4,Smash,0.0,14.754098360655737,ultra_low_threshold,partial
43_set2_rally24_ball17_Clear.mp4,Clear,0.0,47.540983606557376,ultra_low_threshold,partial
43_set2_rally25_ball5_Smash.mp4,Smash,0.0,31.147540983606557,ultra_low_threshold,partial
43_set2_rally27_ball3_Clear.mp4,Clear,0.0,39.34426229508197,fallback_low_threshold,partial
43_set2_rally27_ball4_Smash.mp4,Smash,0.0,65.57377049180327,ultra_low_threshold,fixed
43_set2_rally28_ball10_Clear.mp4,Clear,0.0,27.86885245901639,fallback_low_threshold,partial
43_set2_rally28_ball11_Clear.mp4,Clear,0.0,45.90163934426229,fallback_low_threshold,partial
43_set2_rally28_ball12_Clear.mp4,Clear,0.0,55.73770491803278,fallback_low_threshold,fixed
43_set2_rally28_ball13_Clear.mp4,Clear,0.0,75.40983606557377,fallback_low_threshold,fixed
43_set2_rally28_ball14_Smash.mp4,Smash,0.0,32.78688524590164,ultra_low_threshold,partial
43_set2_rally28_ball19_Clear.mp4,Clear,0.0,78.68852459016394,ultra_low_threshold,fixed
43_set2_rally28_ball26_Clear.mp4,Clear,0.0,45.90163934426229,ultra_low_threshold,partial
43_set2_rally28_ball27_Clear.mp4,Clear,0.0,70.49180327868852,ultra_low_threshold,fixed
43_set2_rally28_ball28_Clear.mp4,Clear,0.0,42.62295081967213,ultra_low_threshold,partial
43_set2_rally31_ball4_Smash.mp4,Smash,0.0,63.934426229508205,fallback_low_threshold,fixed
43_set2_rally31_ball11_Clear.mp4,Clear,0.0,8.19672131147541,ultra_low_threshold,partial
43_set2_rally33_ball4_Clear.mp4,Clear,0.0,13.114754098360656,fallback_low_threshold,partial
43_set2_rally33_ball10_Clear.mp4,Clear,0.0,65.57377049180327,fallback_low_threshold,fixed
44_set1_rally2_ball7_Clear.mp4,Clear,0.0,19.672131147540984,ultra_low_threshold,partial
44_set1_rally2_ball9_Smash.mp4,Smash,0.0,31.147540983606557,fallback_low_threshold,partial
44_set1_rally5_ball3_Clear.mp4,Clear,8.19672131147541,49.18032786885246,ultra_low_threshold,partial
44_set1_rally5_ball16_Smash.mp4,Smash,0.0,39.34426229508197,ultra_low_threshold,partial
44_set1_rally5_ball21_Clear.mp4,Clear,0.0,36.0655737704918,ultra_low_threshold,partial
44_set1_rally5_ball22_Smash.mp4,Smash,0.0,73.77049180327869,fallback_low_threshold,fixed
44_set1_rally7_ball9_Clear.mp4,Clear,0.0,90.1639344262295,ultra_low_threshold,fixed
44_set1_rally7_ball10_Clear.mp4,Clear,0.0,68.85245901639344,ultra_low_threshold,fixed
44_set1_rally7_ball11_Clear.mp4,Clear,0.0,63.934426229508205,ultra_low_threshold,fixed
44_set1_rally7_ball12_Smash.mp4,Smash,0.0,42.62295081967213,ultra_low_threshold,partial
44_set1_rally9_ball5_Smash.mp4,Smash,0.0,50.81967213114754,fallback_low_threshold,fixed
44_set1_rally12_ball11_Clear.mp4,Clear,0.0,73.77049180327869,ultra_low_threshold,fixed
44_set1_rally12_ball18_Smash.mp4,Smash,0.0,73.77049180327869,ultra_low_threshold,fixed
44_set1_rally13_ball5_Smash.mp4,Smash,0.0,54.09836065573771,fallback_low_threshold,fixed
44_set1_rally15_ball3_Clear.mp4,Clear,1.639344262295082,40.98360655737705,ultra_low_threshold,partial
44_set1_rally15_ball16_Smash.mp4,Smash,0.0,34.42622950819672,ultra_low_threshold,partial
44_set1_rally16_ball3_Clear.mp4,Clear,0.0,55.73770491803278,ultra_low_threshold,fixed
44_set1_rally16_ball8_Clear.mp4,Clear,0.0,68.85245901639344,ultra_low_threshold,fixed
44_set1_rally16_ball12_Clear.mp4,Clear,0.0,54.09836065573771,ultra_low_threshold,fixed
44_set1_rally16_ball20_Clear.mp4,Clear,0.0,52.459016393442624,ultra_low_threshold,fixed
44_set1_rally19_ball9_Smash.mp4,Smash,4.918032786885246,59.01639344262295,fallback_low_threshold,fixed
44_set1_rally21_ball2_Smash.mp4,Smash,0.0,13.114754098360656,ultra_low_threshold,partial
44_set1_rally22_ball7_Smash.mp4,Smash,11.475409836065571,54.09836065573771,ultra_low_threshold,fixed
44_set1_rally23_ball13_Clear.mp4,Clear,0.0,4.918032786885246,ultra_low_threshold,partial
44_set1_rally26_ball4_Clear.mp4,Clear,0.0,31.147540983606557,fallback_low_threshold,partial
44_set1_rally26_ball5_Smash.mp4,Smash,0.0,60.65573770491803,ultra_low_threshold,fixed
44_set1_rally26_ball10_Clear.mp4,Clear,0.0,73.77049180327869,ultra_low_threshold,fixed
44_set1_rally28_ball6_Clear.mp4,Clear,0.0,80.32786885245902,ultra_low_threshold,fixed
44_set1_rally28_ball7_Smash.mp4,Smash,0.0,75.40983606557377,fallback_low_threshold,fixed
44_set1_rally30_ball2_Smash.mp4,Smash,0.0,37.704918032786885,ultra_low_threshold,partial
44_set1_rally31_ball12_Smash.mp4,Smash,0.0,60.65573770491803,fallback_low_threshold,fixed
44_set1_rally32_ball17_Clear.mp4,Clear,0.0,47.540983606557376,ultra_low_threshold,partial
44_set1_rally32_ball21_Smash.mp4,Smash,0.0,57.377049180327866,ultra_low_threshold,fixed
44_set1_rally33_ball4_Smash.mp4,Smash,0.0,44.26229508196721,ultra_low_threshold,partial
44_set1_rally34_ball6_Clear.mp4,Clear,0.0,44.26229508196721,ultra_low_threshold,partial
44_set1_rally34_ball7_Clear.mp4,Clear,22.950819672131143,85.24590163934425,ultra_low_threshold,fixed
44_set1_rally35_ball4_Smash.mp4,Smash,0.0,14.754098360655737,ultra_low_threshold,partial
44_set1_rally36_ball5_Clear.mp4,Clear,0.0,45.90163934426229,fallback_low_threshold,partial
44_set1_rally36_ball6_Clear.mp4,Clear,1.639344262295082,90.1639344262295,ultra_low_threshold,fixed
44_set1_rally37_ball3_Clear.mp4,Clear,0.0,39.34426229508197,ultra_low_threshold,partial
44_set1_rally37_ball4_Clear.mp4,Clear,0.0,37.704918032786885,ultra_low_threshold,partial
44_set1_rally37_ball5_Smash.mp4,Smash,0.0,60.65573770491803,fallback_low_threshold,fixed
44_set1_rally37_ball10_Smash.mp4,Smash,0.0,31.147540983606557,ultra_low_threshold,partial
44_set1_rally37_ball16_Smash.mp4,Smash,0.0,8.19672131147541,ultra_low_threshold,partial
44_set1_rally37_ball23_Clear.mp4,Clear,0.0,29.508196721311474,fallback_low_threshold,partial
44_set2_rally1_ball3_Smash.mp4,Smash,0.0,65.57377049180327,fallback_low_threshold,fixed
44_set2_rally1_ball12_Clear.mp4,Clear,0.0,60.65573770491803,ultra_low_threshold,fixed
44_set2_rally1_ball17_Clear.mp4,Clear,0.0,80.32786885245902,ultra_low_threshold,fixed
44_set2_rally1_ball18_Smash.mp4,Smash,0.0,62.295081967213115,fallback_low_threshold,fixed
44_set2_rally8_ball3_Clear.mp4,Clear,1.639344262295082,62.295081967213115,fallback_low_threshold,fixed
44_set2_rally8_ball4_Clear.mp4,Clear,0.0,77.04918032786885,fallback_low_threshold,fixed
44_set2_rally8_ball5_Smash.mp4,Smash,0.0,67.21311475409836,fallback_low_threshold,fixed
44_set2_rally10_ball2_Smash.mp4,Smash,0.0,75.40983606557377,fallback_low_threshold,fixed
44_set2_rally11_ball2_Smash.mp4,Smash,0.0,68.85245901639344,fallback_low_threshold,fixed
44_set2_rally14_ball2_Smash.mp4,Smash,0.0,98.36065573770492,ultra_low_threshold,fixed
44_set2_rally14_ball8_Smash.mp4,Smash,0.0,59.01639344262295,ultra_low_threshold,fixed
44_set2_rally16_ball3_Smash.mp4,Smash,0.0,80.32786885245902,fallback_low_threshold,fixed
44_set2_rally18_ball4_Clear.mp4,Clear,0.0,54.09836065573771,fallback_low_threshold,fixed
44_set2_rally18_ball5_Smash.mp4,Smash,0.0,50.81967213114754,fallback_low_threshold,fixed
44_set2_rally19_ball2_Clear.mp4,Clear,0.0,75.40983606557377,fallback_low_threshold,fixed
44_set2_rally19_ball3_Clear.mp4,Clear,0.0,47.540983606557376,ultra_low_threshold,partial
44_set2_rally19_ball4_Clear.mp4,Clear,0.0,57.377049180327866,fallback_low_threshold,fixed
44_set2_rally19_ball5_Clear.mp4,Clear,0.0,100.0,ultra_low_threshold,fixed
44_set2_rally20_ball7_Smash.mp4,Smash,0.0,67.21311475409836,fallback_low_threshold,fixed
44_set2_rally23_ball4_Smash.mp4,Smash,6.557377049180328,98.36065573770492,ultra_low_threshold,fixed
44_set3_rally1_ball8_Smash.mp4,Smash,0.0,42.62295081967213,ultra_low_threshold,partial
44_set3_rally3_ball2_Smash.mp4,Smash,0.0,78.68852459016394,ultra_low_threshold,fixed
44_set3_rally4_ball3_Smash.mp4,Smash,0.0,47.540983606557376,fallback_low_threshold,partial
44_set3_rally4_ball13_Smash.mp4,Smash,0.0,88.52459016393442,fallback_low_threshold,fixed
44_set3_rally6_ball4_Smash.mp4,Smash,0.0,77.04918032786885,fallback_low_threshold,fixed
44_set3_rally6_ball6_Smash.mp4,Smash,0.0,75.40983606557377,fallback_low_threshold,fixed
44_set3_rally7_ball7_Smash.mp4,Smash,0.0,54.09836065573771,ultra_low_threshold,fixed
44_set3_rally7_ball11_Smash.mp4,Smash,0.0,57.377049180327866,fallback_low_threshold,fixed
44_set3_rally8_ball10_Smash.mp4,Smash,0.0,59.01639344262295,fallback_low_threshold,fixed
44_set3_rally8_ball15_Clear.mp4,Clear,8.19672131147541,62.295081967213115,fallback_low_threshold,fixed
44_set3_rally14_ball10_Smash.mp4,Smash,0.0,50.81967213114754,ultra_low_threshold,fixed
44_set3_rally14_ball17_Smash.mp4,Smash,0.0,57.377049180327866,ultra_low_threshold,fixed
44_set3_rally16_ball6_Smash.mp4,Smash,0.0,62.295081967213115,fallback_low_threshold,fixed
44_set3_rally16_ball14_Clear.mp4,Clear,0.0,77.04918032786885,ultra_low_threshold,fixed
44_set3_rally19_ball5_Smash.mp4,Smash,0.0,47.540983606557376,fallback_low_threshold,partial
44_set3_rally19_ball9_Smash.mp4,Smash,0.0,86.88524590163934,ultra_low_threshold,fixed
44_set3_rally21_ball7_Clear.mp4,Clear,45.90163934426229,55.73770491803278,ultra_low_threshold,fixed
44_set3_rally21_ball12_Clear.mp4,Clear,0.0,75.40983606557377,fallback_low_threshold,fixed
44_set3_rally21_ball13_Smash.mp4,Smash,0.0,54.09836065573771,fallback_low_threshold,fixed
44_set3_rally22_ball9_Smash.mp4,Smash,0.0,72.1311475409836,ultra_low_threshold,fixed
44_set3_rally23_ball3_Smash.mp4,Smash,0.0,93.44262295081968,ultra_low_threshold,fixed
44_set3_rally25_ball9_Smash.mp4,Smash,0.0,81.9672131147541,fallback_low_threshold,fixed
44_set3_rally27_ball4_Smash.mp4,Smash,0.0,91.80327868852459,fallback_low_threshold,fixed
44_set3_rally27_ball8_Smash.mp4,Smash,0.0,86.88524590163934,fallback_low_threshold,fixed
44_set3_rally28_ball6_Smash.mp4,Smash,0.0,68.85245901639344,fallback_low_threshold,fixed
44_set3_rally29_ball8_Smash.mp4,Smash,0.0,72.1311475409836,fallback_low_threshold,fixed
44_set3_rally29_ball12_Smash.mp4,Smash,0.0,72.1311475409836,fallback_low_threshold,fixed
44_set3_rally29_ball16_Clear.mp4,Clear,0.0,70.49180327868852,fallback_low_threshold,fixed
44_set3_rally29_ball17_Smash.mp4,Smash,0.0,70.49180327868852,fallback_low_threshold,fixed
44_set3_rally30_ball8_Smash.mp4,Smash,0.0,65.57377049180327,ultra_low_threshold,fixed
44_set3_rally31_ball3_Clear.mp4,Clear,0.0,34.42622950819672,ultra_low_threshold,partial
44_set3_rally31_ball4_Smash.mp4,Smash,0.0,57.377049180327866,fallback_low_threshold,fixed
44_set3_rally31_ball10_Smash.mp4,Smash,0.0,80.32786885245902,fallback_low_threshold,fixed
44_set3_rally33_ball2_Smash.mp4,Smash,0.0,80.32786885245902,fallback_low_threshold,fixed
44_set3_rally33_ball5_Smash.mp4,Smash,0.0,96.72131147540983,ultra_low_threshold,fixed
44_set3_rally33_ball14_Clear.mp4,Clear,0.0,68.85245901639344,fallback_low_threshold,fixed
44_set3_rally33_ball17_Smash.mp4,Smash,0.0,96.72131147540983,ultra_low_threshold,fixed
44_set3_rally33_ball26_Clear.mp4,Clear,0.0,67.21311475409836,fallback_low_threshold,fixed
44_set3_rally33_ball31_Smash.mp4,Smash,0.0,75.40983606557377,fallback_low_threshold,fixed
44_set3_rally33_ball34_Clear.mp4,Clear,0.0,77.04918032786885,fallback_low_threshold,fixed
44_set3_rally33_ball35_Smash.mp4,Smash,0.0,80.32786885245902,fallback_low_threshold,fixed
44_set3_rally35_ball2_Smash.mp4,Smash,31.147540983606557,96.72131147540983,ultra_low_threshold,fixed
44_set3_rally35_ball11_Smash.mp4,Smash,0.0,60.65573770491803,ultra_low_threshold,fixed
44_set3_rally35_ball14_Smash.mp4,Smash,0.0,60.65573770491803,ultra_low_threshold,fixed
44_set3_rally35_ball20_Smash.mp4,Smash,0.0,57.377049180327866,ultra_low_threshold,fixed
44_set3_rally35_ball23_Clear.mp4,Clear,0.0,49.18032786885246,fallback_low_threshold,partial
44_set3_rally35_ball24_Smash.mp4,Smash,0.0,59.01639344262295,fallback_low_threshold,fixed
44_set3_rally36_ball3_Smash.mp4,Smash,0.0,85.24590163934425,ultra_low_threshold,fixed
44_set3_rally36_ball7_Smash.mp4,Smash,0.0,100.0,ultra_low_threshold,fixed
44_set3_rally37_ball7_Smash.mp4,Smash,0.0,78.68852459016394,ultra_low_threshold,fixed
44_set3_rally37_ball9_Smash.mp4,Smash,0.0,80.32786885245902,ultra_low_threshold,fixed
