clip_name,stroke_type,status,total_frames,valid_frames,valid_percentage,avg_confidence,quality_score,error
01_set1_rally1_ball2_Clear.mp4,Clear,success,51.0,23.0,45.09803921568628,0.4622807572976157,0.2084795572126502,
01_set1_rally2_ball3_Smash.mp4,Smash,success,51.0,49.0,96.07843137254902,0.6828108737394611,0.6560339767300706,
01_set1_rally3_ball4_Smash.mp4,Smash,success,51.0,51.0,100.0,0.8745411922197857,0.8745411922197857,
01_set1_rally3_ball18_Clear.mp4,Clear,success,51.0,51.0,100.0,0.875629932520578,0.875629932520578,
01_set1_rally3_ball19_Clear.mp4,Clear,success,51.0,51.0,100.0,0.824576908807739,0.824576908807739,
01_set1_rally3_ball23_Clear.mp4,Clear,success,51.0,50.0,98.0392156862745,0.7030911920225904,0.6893050902182258,
01_set1_rally3_ball24_Smash.mp4,Smash,success,51.0,51.0,100.0,0.8067433743455973,0.8067433743455973,
01_set1_rally5_ball5_Smash.mp4,Smash,success,51.0,49.0,96.07843137254902,0.7360808306796985,0.707214915751083,
01_set1_rally5_ball7_Clear.mp4,Clear,success,51.0,51.0,100.0,0.8285216566925593,0.8285216566925593,
01_set1_rally5_ball8_Smash.mp4,Smash,success,51.0,51.0,100.0,0.8479994919795191,0.8479994919795191,
01_set1_rally5_ball11_Clear.mp4,Clear,success,51.0,51.0,100.0,0.8474695698108549,0.8474695698108549,
01_set1_rally9_ball8_Clear.mp4,Clear,success,51.0,51.0,100.0,0.9011686180258391,0.9011686180258391,
01_set1_rally9_ball12_Clear.mp4,Clear,success,51.0,43.0,84.31372549019608,0.6519059503754565,0.5496461934538163,
01_set1_rally9_ball18_Clear.mp4,Clear,success,51.0,51.0,100.0,0.6252150252651559,0.6252150252651559,
01_set1_rally9_ball22_Smash.mp4,Smash,success,51.0,51.0,100.0,0.5441494858501986,0.5441494858501986,
01_set1_rally11_ball8_Clear.mp4,Clear,success,51.0,50.0,98.0392156862745,0.7504975322444,0.7357818943572548,
01_set1_rally11_ball19_Clear.mp4,Clear,success,51.0,50.0,98.0392156862745,0.5622635373922403,0.5512387621492552,
01_set1_rally11_ball20_Clear.mp4,Clear,success,51.0,42.0,82.35294117647058,0.5960314915952922,0.4908494636667112,
01_set1_rally11_ball25_Clear.mp4,Clear,success,51.0,50.0,98.0392156862745,0.5940919067357409,0.5824430458193538,
01_set1_rally11_ball26_Clear.mp4,Clear,success,51.0,50.0,98.0392156862745,0.5109782861223953,0.500959104041564,
01_set1_rally11_ball30_Clear.mp4,Clear,success,51.0,51.0,100.0,0.5168753465996149,0.5168753465996149,
01_set1_rally11_ball31_Clear.mp4,Clear,success,51.0,51.0,100.0,0.5187012866613651,0.5187012866613651,
01_set1_rally11_ball35_Clear.mp4,Clear,success,51.0,51.0,100.0,0.6669025181400572,0.6669025181400572,
01_set1_rally11_ball36_Clear.mp4,Clear,success,51.0,51.0,100.0,0.8722104587311627,0.8722104587311627,
01_set1_rally11_ball37_Clear.mp4,Clear,success,51.0,51.0,100.0,0.8484615824510141,0.8484615824510141,
01_set1_rally11_ball38_Clear.mp4,Clear,success,51.0,51.0,100.0,0.8865658468829686,0.8865658468829686,
01_set1_rally11_ball39_Clear.mp4,Clear,success,51.0,51.0,100.0,0.8374265047034831,0.8374265047034831,
01_set1_rally11_ball40_Clear.mp4,Clear,success,51.0,51.0,100.0,0.862184345784176,0.862184345784176,
01_set1_rally12_ball3_Clear.mp4,Clear,success,51.0,48.0,94.11764705882352,0.767683318034213,0.7225254757969062,
01_set1_rally12_ball7_Clear.mp4,Clear,success,51.0,48.0,94.11764705882352,0.662002802854686,0.6230614615102926,
01_set1_rally12_ball15_Clear.mp4,Clear,success,51.0,45.0,88.23529411764706,0.5623092581903694,0.4961552278150318,
01_set1_rally12_ball16_Clear.mp4,Clear,success,51.0,51.0,100.0,0.4958280414145903,0.4958280414145903,
01_set1_rally12_ball20_Clear.mp4,Clear,success,51.0,51.0,100.0,0.8002904111334632,0.8002904111334632,
01_set1_rally12_ball21_Clear.mp4,Clear,success,51.0,51.0,100.0,0.829742016338268,0.829742016338268,
01_set1_rally12_ball22_Clear.mp4,Clear,success,51.0,35.0,68.62745098039215,0.8106132108669776,0.5563031839283179,
01_set1_rally13_ball3_Clear.mp4,Clear,success,51.0,44.0,86.27450980392157,0.8772011189811321,0.7568009653954866,
01_set1_rally13_ball6_Smash.mp4,Smash,success,51.0,51.0,100.0,0.7978651883480136,0.7978651883480136,
01_set1_rally13_ball9_Clear.mp4,Clear,success,51.0,51.0,100.0,0.8836605180136803,0.8836605180136803,
01_set1_rally13_ball16_Clear.mp4,Clear,success,51.0,38.0,74.50980392156863,0.7208936333601814,0.537136432699743,
01_set1_rally13_ball19_Clear.mp4,Clear,success,51.0,45.0,88.23529411764706,0.5703303639590741,0.5032326740815359,
01_set1_rally13_ball20_Clear.mp4,Clear,success,51.0,51.0,100.0,0.5852768936406143,0.5852768936406143,
01_set1_rally13_ball21_Clear.mp4,Clear,success,51.0,51.0,100.0,0.8754068186912802,0.8754068186912802,
01_set1_rally13_ball22_Clear.mp4,Clear,success,51.0,51.0,100.0,0.8364979312868609,0.8364979312868609,
01_set1_rally13_ball33_Smash.mp4,Smash,success,51.0,50.0,98.0392156862745,0.8576288377625518,0.8408125860417175,
01_set1_rally13_ball36_Clear.mp4,Clear,success,51.0,51.0,100.0,0.8203466823252623,0.8203466823252623,
01_set1_rally13_ball37_Clear.mp4,Clear,success,51.0,51.0,100.0,0.8201738312415472,0.8201738312415472,
01_set1_rally13_ball38_Clear.mp4,Clear,success,51.0,31.0,60.78431372549019,0.8165507883786755,0.4963347929360576,
01_set1_rally13_ball39_Smash.mp4,Smash,success,51.0,51.0,100.0,0.6580593661647854,0.6580593661647854,
01_set1_rally14_ball5_Smash.mp4,Smash,success,51.0,49.0,96.07843137254902,0.5362697253608472,0.5152395400525787,
01_set1_rally14_ball8_Clear.mp4,Clear,success,51.0,51.0,100.0,0.5085451013050055,0.5085451013050055,
01_set1_rally14_ball9_Clear.mp4,Clear,success,51.0,50.0,98.0392156862745,0.561841848290231,0.5508253414610107,
01_set1_rally14_ball13_Clear.mp4,Clear,success,51.0,51.0,100.0,0.841267361953651,0.841267361953651,
01_set1_rally15_ball3_Clear.mp4,Clear,success,51.0,46.0,90.19607843137256,0.6889557817093924,0.6214110972280794,
01_set1_rally15_ball4_Clear.mp4,Clear,success,51.0,50.0,98.0392156862745,0.5373643685470928,0.5268278123010713,
01_set1_rally15_ball8_Clear.mp4,Clear,success,51.0,51.0,100.0,0.5782247883168925,0.5782247883168925,
01_set1_rally15_ball14_Smash.mp4,Smash,success,51.0,49.0,96.07843137254902,0.5629927117890218,0.540914566228668,
01_set1_rally15_ball18_Smash.mp4,Smash,success,51.0,47.0,92.15686274509804,0.4994677340850198,0.46029379415678295,
01_set1_rally16_ball8_Clear.mp4,Clear,success,51.0,50.0,98.0392156862745,0.5066454387543126,0.4967112144650123,
01_set1_rally16_ball12_Clear.mp4,Clear,success,51.0,43.0,84.31372549019608,0.5729517316039849,0.48307695017590885,
01_set1_rally16_ball13_Clear.mp4,Clear,success,51.0,45.0,88.23529411764706,0.7981417604640105,0.7042427298211857,
01_set1_rally16_ball14_Clear.mp4,Clear,success,51.0,51.0,100.0,0.838806057624426,0.838806057624426,
01_set1_rally16_ball17_Clear.mp4,Clear,success,51.0,51.0,100.0,0.8359194523563573,0.8359194523563573,
01_set1_rally16_ball22_Smash.mp4,Smash,success,51.0,51.0,100.0,0.853434316590384,0.853434316590384,
01_set1_rally16_ball27_Clear.mp4,Clear,success,51.0,42.0,82.35294117647058,0.5843977699806164,0.4812687517487429,
01_set1_rally16_ball28_Smash.mp4,Smash,success,51.0,51.0,100.0,0.5310518779413248,0.5310518779413248,
01_set1_rally16_ball32_Clear.mp4,Clear,success,51.0,51.0,100.0,0.5037730210251075,0.5037730210251075,
01_set1_rally17_ball3_Clear.mp4,Clear,success,51.0,51.0,100.0,0.6211188443456636,0.6211188443456636,
01_set1_rally17_ball8_Clear.mp4,Clear,success,51.0,51.0,100.0,0.8788493289277446,0.8788493289277446,
01_set1_rally17_ball15_Smash.mp4,Smash,success,51.0,35.0,68.62745098039215,0.7484664027438019,0.5136534136477072,
01_set1_rally18_ball3_Clear.mp4,Clear,success,51.0,51.0,100.0,0.6911939536225877,0.6911939536225877,
01_set1_rally18_ball8_Smash.mp4,Smash,success,51.0,51.0,100.0,0.8414683613352881,0.8414683613352881,
01_set1_rally18_ball11_Clear.mp4,Clear,success,51.0,51.0,100.0,0.9087973398533309,0.9087973398533309,
01_set1_rally18_ball12_Clear.mp4,Clear,success,51.0,48.0,94.11764705882352,0.8288512872024016,0.780095329131672,
01_set1_rally18_ball13_Clear.mp4,Clear,success,51.0,44.0,86.27450980392157,0.8523497606111952,0.7353605777822076,
01_set1_rally18_ball17_Clear.mp4,Clear,success,51.0,42.0,82.35294117647058,0.5727475729722086,0.47167447185946587,
01_set1_rally19_ball2_Smash.mp4,Smash,success,51.0,51.0,100.0,0.4954050112890873,0.4954050112890873,
01_set1_rally19_ball4_Clear.mp4,Clear,success,51.0,51.0,100.0,0.7392149088914629,0.7392149088914629,
01_set1_rally19_ball5_Clear.mp4,Clear,success,51.0,48.0,94.11764705882352,0.7981011034577445,0.7511539797249359,
01_set1_rally19_ball6_Clear.mp4,Clear,success,51.0,23.0,45.09803921568628,0.7594848642020201,0.3425127818950287,
01_set1_rally19_ball7_Clear.mp4,Clear,success,51.0,51.0,100.0,0.7741886697958854,0.7741886697958854,
01_set1_rally20_ball2_Clear.mp4,Clear,success,51.0,47.0,92.15686274509804,0.6480648868689032,0.59723626829095,
01_set1_rally20_ball3_Smash.mp4,Smash,success,51.0,49.0,96.07843137254902,0.6306884925263796,0.6059556104665216,
01_set1_rally21_ball5_Smash.mp4,Smash,success,51.0,51.0,100.0,0.8743652981781775,0.8743652981781775,
01_set1_rally22_ball10_Clear.mp4,Clear,success,51.0,51.0,100.0,0.857536570734023,0.857536570734023,
01_set1_rally22_ball11_Smash.mp4,Smash,success,51.0,40.0,78.43137254901961,0.657318792888284,0.5155441512849287,
01_set1_rally23_ball4_Clear.mp4,Clear,success,51.0,51.0,100.0,0.5284871624708529,0.5284871624708529,
01_set1_rally24_ball3_Clear.mp4,Clear,success,51.0,51.0,100.0,0.5305455639405232,0.5305455639405232,
01_set1_rally24_ball4_Smash.mp4,Smash,success,51.0,51.0,100.0,0.7699380447422014,0.7699380447422014,
01_set1_rally24_ball7_Clear.mp4,Clear,success,51.0,50.0,98.0392156862745,0.5764292633166593,0.5651267287418229,
01_set1_rally24_ball8_Smash.mp4,Smash,success,51.0,51.0,100.0,0.5008262201885799,0.5008262201885799,
01_set1_rally24_ball11_Clear.mp4,Clear,success,51.0,51.0,100.0,0.5011243486397335,0.5011243486397335,
01_set1_rally24_ball12_Clear.mp4,Clear,success,51.0,51.0,100.0,0.5202177641027903,0.5202177641027903,
01_set1_rally24_ball13_Clear.mp4,Clear,success,51.0,51.0,100.0,0.5077342595711746,0.5077342595711746,
01_set1_rally24_ball14_Clear.mp4,Clear,success,51.0,51.0,100.0,0.48180605212032285,0.48180605212032285,
01_set1_rally24_ball17_Clear.mp4,Clear,success,51.0,51.0,100.0,0.5320213163965805,0.5320213163965805,
01_set1_rally25_ball11_Smash.mp4,Smash,success,51.0,46.0,90.19607843137256,0.7807022605259287,0.7041628232194651,
01_set1_rally25_ball16_Smash.mp4,Smash,success,51.0,50.0,98.0392156862745,0.8480910261110824,0.8314617903049828,
01_set1_rally27_ball5_Smash.mp4,Smash,success,51.0,51.0,100.0,0.800020209590523,0.800020209590523,
01_set1_rally27_ball7_Smash.mp4,Smash,success,51.0,51.0,100.0,0.8221666705100154,0.8221666705100154,
01_set1_rally27_ball10_Clear.mp4,Clear,success,51.0,51.0,100.0,0.8525357255429931,0.8525357255429931,
01_set1_rally27_ball14_Clear.mp4,Clear,success,51.0,39.0,76.47058823529412,0.5944618306252252,0.4545884587134075,
01_set1_rally27_ball15_Clear.mp4,Clear,success,51.0,51.0,100.0,0.5239964425729823,0.5239964425729823,
01_set1_rally27_ball16_Clear.mp4,Clear,success,51.0,51.0,100.0,0.4987031488746584,0.4987031488746584,
01_set1_rally27_ball21_Clear.mp4,Clear,success,51.0,51.0,100.0,0.49245010397745054,0.49245010397745054,
01_set1_rally27_ball22_Smash.mp4,Smash,success,51.0,51.0,100.0,0.49187920479307556,0.49187920479307556,
01_set1_rally27_ball30_Clear.mp4,Clear,success,51.0,51.0,100.0,0.5143535370737605,0.5143535370737605,
01_set1_rally27_ball34_Clear.mp4,Clear,success,51.0,51.0,100.0,0.5076573790763231,0.5076573790763231,
01_set1_rally27_ball35_Clear.mp4,Clear,success,51.0,51.0,100.0,0.5040916289035198,0.5040916289035198,
01_set1_rally27_ball36_Clear.mp4,Clear,success,51.0,51.0,100.0,0.4968770212090983,0.4968770212090983,
01_set1_rally27_ball44_Clear.mp4,Clear,success,51.0,33.0,64.70588235294117,0.514735888892954,0.33306439869544074,
01_set1_rally28_ball4_Clear.mp4,Clear,success,51.0,39.0,76.47058823529412,0.5324903668109775,0.4071985157966298,
01_set1_rally28_ball5_Smash.mp4,Smash,success,51.0,51.0,100.0,0.6365338316103941,0.6365338316103941,
01_set1_rally29_ball15_Clear.mp4,Clear,success,51.0,51.0,100.0,0.8584452492189917,0.8584452492189917,
01_set1_rally30_ball17_Clear.mp4,Clear,success,51.0,25.0,49.01960784313725,0.8194269401639619,0.4016798726293931,
01_set1_rally30_ball18_Clear.mp4,Clear,success,51.0,40.0,78.43137254901961,0.7694578761601765,0.603496373458962,
01_set1_rally30_ball22_Clear.mp4,Clear,success,51.0,43.0,84.31372549019608,0.7775845260911689,0.6556104827827502,
01_set1_rally30_ball23_Clear.mp4,Clear,success,51.0,51.0,100.0,0.8728416645838545,0.8728416645838545,
01_set1_rally31_ball2_Smash.mp4,Smash,success,51.0,51.0,100.0,0.8053299833024922,0.8053299833024922,
01_set1_rally32_ball3_Clear.mp4,Clear,success,51.0,51.0,100.0,0.8122396191457023,0.8122396191457023,
01_set1_rally32_ball7_Clear.mp4,Clear,success,51.0,50.0,98.0392156862745,0.827329833624941,0.8111076800244519,
01_set1_rally32_ball8_Smash.mp4,Smash,success,51.0,51.0,100.0,0.8609596255434036,0.8609596255434036,
01_set1_rally33_ball3_Clear.mp4,Clear,success,51.0,51.0,100.0,0.8568717371794133,0.8568717371794133,
01_set1_rally33_ball12_Smash.mp4,Smash,success,51.0,50.0,98.0392156862745,0.6863528359313256,0.6728949371875741,
01_set1_rally34_ball3_Clear.mp4,Clear,success,51.0,51.0,100.0,0.6117763996425302,0.6117763996425302,
01_set1_rally34_ball4_Smash.mp4,Smash,success,51.0,48.0,94.11764705882352,0.7415156161488672,0.6978970504930514,
01_set1_rally35_ball2_Clear.mp4,Clear,success,51.0,50.0,98.0392156862745,0.6043805908040037,0.5925299909843174,
01_set1_rally36_ball6_Clear.mp4,Clear,success,51.0,51.0,100.0,0.7397381026009316,0.7397381026009316,
01_set1_rally36_ball7_Clear.mp4,Clear,success,51.0,47.0,92.15686274509804,0.84258450062616,0.7764994417535199,
01_set1_rally36_ball10_Smash.mp4,Smash,success,51.0,51.0,100.0,0.8012968288049481,0.8012968288049481,
01_set1_rally36_ball14_Clear.mp4,Clear,success,51.0,51.0,100.0,0.8415885151707553,0.8415885151707553,
01_set2_rally1_ball3_Clear.mp4,Clear,success,51.0,51.0,100.0,0.7979805100547614,0.7979805100547614,
01_set2_rally1_ball4_Smash.mp4,Smash,success,51.0,5.0,9.803921568627452,0.7540083542014613,0.07392238766680993,
01_set2_rally2_ball4_Smash.mp4,Smash,success,51.0,47.0,92.15686274509804,0.550479507251498,0.507304643937655,
01_set2_rally5_ball3_Smash.mp4,Smash,success,51.0,51.0,100.0,0.6319025849676309,0.6319025849676309,
01_set2_rally7_ball12_Smash.mp4,Smash,success,51.0,30.0,58.82352941176471,0.6489877628933902,0.3817575075843472,
01_set2_rally7_ball18_Smash.mp4,Smash,success,51.0,50.0,98.0392156862745,0.5972777703445349,0.5855664415142499,
01_set2_rally9_ball4_Clear.mp4,Clear,success,51.0,51.0,100.0,0.8348263636479333,0.8348263636479333,
01_set2_rally9_ball5_Smash.mp4,Smash,success,51.0,51.0,100.0,0.8594094040099169,0.8594094040099169,
01_set2_rally9_ball12_Clear.mp4,Clear,success,51.0,36.0,70.58823529411765,0.844866114320478,0.596376080696808,
01_set2_rally9_ball16_Clear.mp4,Clear,success,51.0,51.0,100.0,0.8301069784690353,0.8301069784690353,
01_set2_rally9_ball22_Clear.mp4,Clear,success,51.0,51.0,100.0,0.8176203600119355,0.8176203600119355,
01_set2_rally9_ball28_Clear.mp4,Clear,success,51.0,51.0,100.0,0.8260896296256437,0.8260896296256437,
01_set2_rally9_ball33_Clear.mp4,Clear,success,51.0,48.0,94.11764705882352,0.5789431113222934,0.5448876341856878,
01_set2_rally9_ball34_Smash.mp4,Smash,success,51.0,47.0,92.15686274509804,0.5720020153483142,0.5271391121837405,
01_set2_rally10_ball6_Clear.mp4,Clear,success,51.0,37.0,72.54901960784314,0.5153827173246359,0.3739051086472849,
01_set2_rally10_ball7_Clear.mp4,Clear,success,51.0,51.0,100.0,0.5243834946237366,0.5243834946237366,
01_set2_rally10_ball11_Clear.mp4,Clear,success,51.0,2.0,3.9215686274509802,0.5296397093175487,0.020770184679119556,
01_set2_rally10_ball12_Smash.mp4,Smash,success,51.0,44.0,86.27450980392157,0.6982551546055433,0.6024162118165473,
01_set2_rally11_ball10_Clear.mp4,Clear,success,51.0,51.0,100.0,0.8481602191446936,0.8481602191446936,
01_set2_rally11_ball14_Smash.mp4,Smash,success,51.0,38.0,74.50980392156863,0.8909936231669434,0.6638776015753696,
01_set2_rally12_ball2_Clear.mp4,Clear,success,51.0,28.0,54.90196078431373,0.6322868189641406,0.34713786139207725,
01_set2_rally12_ball3_Smash.mp4,Smash,success,51.0,45.0,88.23529411764706,0.6322553714838894,0.5578723866034319,
01_set2_rally12_ball8_Clear.mp4,Clear,success,51.0,51.0,100.0,0.8487649597869484,0.8487649597869484,
01_set2_rally13_ball5_Smash.mp4,Smash,success,51.0,47.0,92.15686274509804,0.5911248538362105,0.5447621202019979,
01_set2_rally14_ball3_Clear.mp4,Clear,success,51.0,44.0,86.27450980392157,0.7123677820767745,0.6145918119878055,
01_set2_rally15_ball10_Clear.mp4,Clear,success,51.0,51.0,100.0,0.8774380997682141,0.8774380997682141,
01_set2_rally16_ball5_Clear.mp4,Clear,success,51.0,51.0,100.0,0.8227439265182453,0.8227439265182453,
01_set2_rally16_ball9_Clear.mp4,Clear,success,51.0,45.0,88.23529411764706,0.5926457122006753,0.52292268723589,
01_set2_rally16_ball10_Clear.mp4,Clear,success,51.0,39.0,76.47058823529412,0.49423554505814205,0.3779448285738733,
01_set2_rally16_ball11_Smash.mp4,Smash,success,51.0,51.0,100.0,0.4993829292150666,0.4993829292150666,
01_set2_rally19_ball3_Clear.mp4,Clear,success,51.0,51.0,100.0,0.5008352448277293,0.5008352448277293,
01_set2_rally19_ball4_Smash.mp4,Smash,success,51.0,51.0,100.0,0.5298630274500641,0.5298630274500641,
01_set2_rally19_ball9_Clear.mp4,Clear,success,51.0,51.0,100.0,0.5159979522429826,0.5159979522429826,
01_set2_rally19_ball13_Clear.mp4,Clear,success,51.0,46.0,90.19607843137256,0.5556418610492138,0.501167168789487,
01_set2_rally19_ball14_Clear.mp4,Clear,success,51.0,51.0,100.0,0.6569565139872171,0.6569565139872171,
01_set2_rally19_ball15_Clear.mp4,Clear,success,51.0,51.0,100.0,0.8549119068472356,0.8549119068472356,
01_set2_rally19_ball19_Smash.mp4,Smash,success,51.0,50.0,98.0392156862745,0.6015734907438456,0.5897779321018094,
01_set2_rally21_ball3_Clear.mp4,Clear,success,51.0,51.0,100.0,0.517845116846645,0.517845116846645,
01_set2_rally21_ball4_Clear.mp4,Clear,success,51.0,32.0,62.745098039215684,0.7909340874122626,0.49627236857240004,
01_set2_rally23_ball9_Smash.mp4,Smash,success,51.0,45.0,88.23529411764706,0.8024984107374743,0.7080868330036538,
01_set2_rally24_ball11_Clear.mp4,Clear,success,51.0,51.0,100.0,0.8939746519815192,0.8939746519815192,
01_set2_rally24_ball20_Clear.mp4,Clear,success,51.0,40.0,78.43137254901961,0.787089965259186,0.6173254629483812,
01_set2_rally24_ball21_Clear.mp4,Clear,success,51.0,42.0,82.35294117647058,0.6957530731157268,0.5729731190364808,
01_set2_rally24_ball28_Smash.mp4,Smash,success,51.0,36.0,70.58823529411765,0.5841804633688445,0.41236268002506676,
01_set2_rally24_ball33_Clear.mp4,Clear,success,51.0,48.0,94.11764705882352,0.7360957296398597,0.6927959808375149,
01_set2_rally24_ball34_Clear.mp4,Clear,success,51.0,51.0,100.0,0.8524468017346932,0.8524468017346932,
01_set2_rally24_ball38_Clear.mp4,Clear,success,51.0,51.0,100.0,0.8553689867258069,0.8553689867258069,
01_set2_rally24_ball39_Clear.mp4,Clear,success,51.0,35.0,68.62745098039215,0.7828229758324046,0.5372314540026306,
01_set2_rally25_ball18_Clear.mp4,Clear,success,51.0,34.0,66.66666666666666,0.611816926715952,0.4078779511439679,
01_set2_rally25_ball19_Clear.mp4,Clear,success,51.0,51.0,100.0,0.5783712790246367,0.5783712790246367,
01_set2_rally25_ball20_Clear.mp4,Clear,success,51.0,51.0,100.0,0.5452466006620981,0.5452466006620981,
01_set2_rally25_ball31_Clear.mp4,Clear,success,51.0,51.0,100.0,0.5650072115404178,0.5650072115404178,
01_set2_rally26_ball2_Clear.mp4,Clear,success,51.0,46.0,90.19607843137256,0.7257939337216543,0.6546376657097275,
01_set2_rally26_ball5_Clear.mp4,Clear,success,51.0,51.0,100.0,0.8048002590833147,0.8048002590833147,
01_set2_rally26_ball6_Clear.mp4,Clear,success,51.0,51.0,100.0,0.8822493413446634,0.8822493413446634,
01_set2_rally27_ball2_Clear.mp4,Clear,success,51.0,51.0,100.0,0.8833294625057044,0.8833294625057044,
01_set2_rally27_ball3_Clear.mp4,Clear,success,51.0,46.0,90.19607843137256,0.6793889581099846,0.6127821975109665,
01_set2_rally27_ball4_Smash.mp4,Smash,success,51.0,48.0,94.11764705882352,0.8483064711432565,0.7984060904877708,
01_set2_rally27_ball7_Clear.mp4,Clear,success,51.0,51.0,100.0,0.8431471915593546,0.8431471915593546,
01_set2_rally28_ball3_Smash.mp4,Smash,success,51.0,50.0,98.0392156862745,0.5826345545062719,0.5712103475551685,
01_set2_rally28_ball15_Clear.mp4,Clear,success,51.0,51.0,100.0,0.5429444489121696,0.5429444489121696,
01_set2_rally28_ball19_Clear.mp4,Clear,success,51.0,51.0,100.0,0.5033169484996435,0.5033169484996435,
01_set2_rally28_ball20_Clear.mp4,Clear,success,51.0,51.0,100.0,0.499174034413735,0.499174034413735,
01_set2_rally28_ball23_Clear.mp4,Clear,success,51.0,51.0,100.0,0.5008543688917075,0.5008543688917075,
01_set2_rally28_ball28_Clear.mp4,Clear,success,51.0,51.0,100.0,0.49239548509531006,0.49239548509531006,
01_set2_rally28_ball33_Clear.mp4,Clear,success,51.0,51.0,100.0,0.4729986735807751,0.4729986735807751,
01_set2_rally28_ball34_Clear.mp4,Clear,success,51.0,51.0,100.0,0.5013006298136812,0.5013006298136812,
01_set2_rally28_ball35_Clear.mp4,Clear,success,51.0,51.0,100.0,0.5288640946573154,0.5288640946573154,
01_set2_rally28_ball36_Clear.mp4,Clear,success,51.0,51.0,100.0,0.5194178646750223,0.5194178646750223,
01_set2_rally28_ball37_Clear.mp4,Clear,success,51.0,51.0,100.0,0.522112081694487,0.522112081694487,
01_set2_rally29_ball3_Clear.mp4,Clear,success,51.0,51.0,100.0,0.4982036109590396,0.4982036109590396,
01_set2_rally29_ball4_Smash.mp4,Smash,success,51.0,51.0,100.0,0.4931748191902411,0.4931748191902411,
01_set2_rally30_ball2_Smash.mp4,Smash,success,51.0,48.0,94.11764705882352,0.5009867329223618,0.4715169251033993,
01_set2_rally30_ball11_Smash.mp4,Smash,success,51.0,51.0,100.0,0.48951093972463045,0.48951093972463045,
01_set2_rally30_ball15_Clear.mp4,Clear,success,51.0,51.0,100.0,0.5000818169770395,0.5000818169770395,
01_set2_rally30_ball19_Clear.mp4,Clear,success,51.0,51.0,100.0,0.49307433003703693,0.49307433003703693,
01_set2_rally30_ball20_Clear.mp4,Clear,success,51.0,49.0,96.07843137254902,0.5099338082972183,0.4899364040502686,
01_set2_rally30_ball21_Smash.mp4,Smash,success,51.0,46.0,90.19607843137256,0.6627363755752959,0.5977622211071296,
01_set2_rally31_ball3_Clear.mp4,Clear,success,51.0,51.0,100.0,0.5518150557484535,0.5518150557484535,
01_set2_rally31_ball4_Smash.mp4,Smash,success,51.0,51.0,100.0,0.6187698919978613,0.6187698919978613,
01_set2_rally32_ball4_Smash.mp4,Smash,success,51.0,48.0,94.11764705882352,0.5514408294085834,0.5190031335610196,
01_set2_rally33_ball5_Clear.mp4,Clear,success,51.0,51.0,100.0,0.5067170688315819,0.5067170688315819,
01_set2_rally33_ball6_Smash.mp4,Smash,success,51.0,51.0,100.0,0.5063095901975441,0.5063095901975441,
01_set2_rally33_ball9_Clear.mp4,Clear,success,51.0,51.0,100.0,0.7785935933006647,0.7785935933006647,
01_set2_rally33_ball10_Smash.mp4,Smash,success,51.0,51.0,100.0,0.8937413813241948,0.8937413813241948,
01_set2_rally33_ball17_Clear.mp4,Clear,success,51.0,47.0,92.15686274509804,0.6194214541547645,0.5708393793190967,
01_set2_rally33_ball18_Smash.mp4,Smash,success,51.0,51.0,100.0,0.4909151912538476,0.4909151912538476,
01_set2_rally34_ball3_Clear.mp4,Clear,success,51.0,51.0,100.0,0.49140807377555495,0.49140807377555495,
01_set2_rally34_ball17_Clear.mp4,Clear,success,51.0,51.0,100.0,0.4926535895917968,0.4926535895917968,
01_set2_rally34_ball18_Clear.mp4,Clear,success,51.0,51.0,100.0,0.49287335525197096,0.49287335525197096,
01_set2_rally34_ball19_Clear.mp4,Clear,success,51.0,51.0,100.0,0.5141919581463914,0.5141919581463914,
01_set2_rally34_ball23_Smash.mp4,Smash,success,51.0,51.0,100.0,0.527310403908626,0.527310403908626,
01_set2_rally34_ball26_Clear.mp4,Clear,success,51.0,49.0,96.07843137254902,0.7646533260236354,0.7346669210815321,
01_set2_rally35_ball5_Smash.mp4,Smash,success,51.0,51.0,100.0,0.8649873475517037,0.8649873475517037,
01_set2_rally36_ball4_Smash.mp4,Smash,success,51.0,50.0,98.0392156862745,0.8166937170200275,0.800680114725517,
01_set2_rally36_ball10_Smash.mp4,Smash,success,51.0,51.0,100.0,0.7748866638548305,0.7748866638548305,
01_set2_rally36_ball16_Smash.mp4,Smash,success,51.0,51.0,100.0,0.7852952490763797,0.7852952490763797,
01_set2_rally36_ball26_Clear.mp4,Clear,success,51.0,51.0,100.0,0.8067210285182305,0.8067210285182305,
01_set2_rally36_ball34_Smash.mp4,Smash,success,51.0,51.0,100.0,0.8051030477746852,0.8051030477746852,
01_set2_rally37_ball14_Smash.mp4,Smash,success,51.0,51.0,100.0,0.8335320813381026,0.8335320813381026,
01_set2_rally38_ball7_Smash.mp4,Smash,success,51.0,51.0,100.0,0.7927029727561378,0.7927029727561378,
01_set2_rally38_ball10_Smash.mp4,Smash,success,51.0,45.0,88.23529411764706,0.8299381539877818,0.7322983711656899,
01_set3_rally2_ball13_Clear.mp4,Clear,success,51.0,51.0,100.0,0.8563852174405675,0.8563852174405675,
01_set3_rally2_ball14_Smash.mp4,Smash,success,51.0,51.0,100.0,0.8416834695799255,0.8416834695799255,
01_set3_rally3_ball14_Smash.mp4,Smash,success,51.0,43.0,84.31372549019608,0.5885129917663712,0.49619722835203844,
01_set3_rally4_ball3_Smash.mp4,Smash,success,51.0,51.0,100.0,0.5156712281096847,0.5156712281096847,
01_set3_rally4_ball8_Smash.mp4,Smash,success,51.0,51.0,100.0,0.5149131515117299,0.5149131515117299,
01_set3_rally4_ball12_Clear.mp4,Clear,success,51.0,51.0,100.0,0.5023466247443521,0.5023466247443521,
01_set3_rally4_ball13_Smash.mp4,Smash,success,51.0,51.0,100.0,0.47677431756123373,0.47677431756123373,
01_set3_rally5_ball9_Smash.mp4,Smash,success,51.0,51.0,100.0,0.5184183260166533,0.5184183260166533,
01_set3_rally6_ball3_Smash.mp4,Smash,success,51.0,51.0,100.0,0.5430065506760173,0.5430065506760173,
01_set3_rally6_ball12_Smash.mp4,Smash,success,51.0,51.0,100.0,0.5378598312918424,0.5378598312918424,
01_set3_rally6_ball22_Smash.mp4,Smash,success,51.0,51.0,100.0,0.5258058967074049,0.5258058967074049,
01_set3_rally6_ball25_Clear.mp4,Clear,success,51.0,51.0,100.0,0.501695706295591,0.501695706295591,
01_set3_rally6_ball26_Clear.mp4,Clear,success,51.0,51.0,100.0,0.5246476180887706,0.5246476180887706,
01_set3_rally6_ball27_Clear.mp4,Clear,success,51.0,51.0,100.0,0.5214378724386003,0.5214378724386003,
01_set3_rally6_ball28_Clear.mp4,Clear,success,51.0,51.0,100.0,0.5060535703092067,0.5060535703092067,
01_set3_rally6_ball29_Clear.mp4,Clear,success,51.0,51.0,100.0,0.513761087390193,0.513761087390193,
01_set3_rally7_ball2_Clear.mp4,Clear,success,51.0,51.0,100.0,0.5413871756725763,0.5413871756725763,
01_set3_rally7_ball3_Clear.mp4,Clear,success,51.0,51.0,100.0,0.5263001972246933,0.5263001972246933,
01_set3_rally7_ball7_Clear.mp4,Clear,success,51.0,51.0,100.0,0.5278690832408904,0.5278690832408904,
01_set3_rally7_ball12_Clear.mp4,Clear,success,51.0,51.0,100.0,0.5511884720339171,0.5511884720339171,
01_set3_rally7_ball13_Smash.mp4,Smash,success,51.0,51.0,100.0,0.5421527247528412,0.5421527247528412,
01_set3_rally8_ball2_Smash.mp4,Smash,success,51.0,51.0,100.0,0.5285089330262694,0.5285089330262694,
01_set3_rally8_ball7_Clear.mp4,Clear,success,51.0,51.0,100.0,0.5361429446432059,0.5361429446432059,
01_set3_rally8_ball8_Clear.mp4,Clear,success,51.0,51.0,100.0,0.5392016145804387,0.5392016145804387,
01_set3_rally8_ball9_Clear.mp4,Clear,success,51.0,51.0,100.0,0.5366756462615727,0.5366756462615727,
01_set3_rally8_ball12_Clear.mp4,Clear,success,51.0,51.0,100.0,0.5312973442242552,0.5312973442242552,
01_set3_rally8_ball13_Clear.mp4,Clear,success,51.0,51.0,100.0,0.525410151058466,0.525410151058466,
01_set3_rally9_ball8_Smash.mp4,Smash,success,51.0,51.0,100.0,0.5184038854592169,0.5184038854592169,
01_set3_rally9_ball13_Smash.mp4,Smash,success,51.0,51.0,100.0,0.5306868304081253,0.5306868304081253,
01_set3_rally10_ball6_Smash.mp4,Smash,success,51.0,51.0,100.0,0.529624591724293,0.529624591724293,
01_set3_rally10_ball15_Clear.mp4,Clear,success,51.0,51.0,100.0,0.521136507297995,0.521136507297995,
01_set3_rally10_ball18_Clear.mp4,Clear,success,51.0,51.0,100.0,0.5199485702353818,0.5199485702353818,
01_set3_rally10_ball19_Smash.mp4,Smash,success,51.0,51.0,100.0,0.5262271622343866,0.5262271622343866,
01_set3_rally11_ball6_Clear.mp4,Clear,success,51.0,51.0,100.0,0.5190935239705062,0.5190935239705062,
01_set3_rally11_ball7_Smash.mp4,Smash,success,51.0,51.0,100.0,0.49139438131262464,0.49139438131262464,
01_set3_rally11_ball10_Clear.mp4,Clear,success,51.0,50.0,98.0392156862745,0.50858704781078,0.49861475275566663,
01_set3_rally12_ball2_Clear.mp4,Clear,success,51.0,29.0,56.86274509803921,0.7429960404163617,0.42248794455048017,
01_set3_rally13_ball2_Clear.mp4,Clear,success,51.0,45.0,88.23529411764706,0.7507397137703873,0.6624173945032829,
01_set3_rally13_ball3_Smash.mp4,Smash,success,51.0,42.0,82.35294117647058,0.8190269705021019,0.6744927992370251,
01_set3_rally14_ball3_Smash.mp4,Smash,success,51.0,49.0,96.07843137254902,0.5343014396532412,0.5133484420197808,
01_set3_rally14_ball13_Smash.mp4,Smash,success,51.0,51.0,100.0,0.4949080476034333,0.4949080476034333,
01_set3_rally15_ball2_Smash.mp4,Smash,success,51.0,47.0,92.15686274509804,0.5164348878135735,0.4759301907301559,
01_set3_rally16_ball8_Smash.mp4,Smash,success,51.0,51.0,100.0,0.4970969556577933,0.4970969556577933,
01_set3_rally17_ball2_Smash.mp4,Smash,success,51.0,51.0,100.0,0.5068570791927138,0.5068570791927138,
01_set3_rally17_ball10_Clear.mp4,Clear,success,51.0,51.0,100.0,0.48916644393846853,0.48916644393846853,
01_set3_rally19_ball16_Smash.mp4,Smash,success,51.0,51.0,100.0,0.5132857677627762,0.5132857677627762,
01_set3_rally20_ball2_Clear.mp4,Clear,success,51.0,51.0,100.0,0.5192481884135894,0.5192481884135894,
01_set3_rally20_ball10_Smash.mp4,Smash,success,51.0,51.0,100.0,0.5151076166184598,0.5151076166184598,
01_set3_rally20_ball13_Clear.mp4,Clear,success,51.0,51.0,100.0,0.5227201142603176,0.5227201142603176,
01_set3_rally21_ball8_Smash.mp4,Smash,success,51.0,51.0,100.0,0.5009383243539487,0.5009383243539487,
01_set3_rally21_ball15_Smash.mp4,Smash,success,51.0,51.0,100.0,0.5137775505448023,0.5137775505448023,
01_set3_rally22_ball3_Clear.mp4,Clear,success,51.0,51.0,100.0,0.5221295037447401,0.5221295037447401,
01_set3_rally22_ball4_Clear.mp4,Clear,success,51.0,51.0,100.0,0.5438155981846788,0.5438155981846788,
01_set3_rally22_ball10_Clear.mp4,Clear,success,51.0,51.0,100.0,0.5303337439962188,0.5303337439962188,
01_set3_rally22_ball11_Clear.mp4,Clear,success,51.0,51.0,100.0,0.5251740895257211,0.5251740895257211,
01_set3_rally22_ball12_Clear.mp4,Clear,success,51.0,51.0,100.0,0.5382360228350075,0.5382360228350075,
01_set3_rally22_ball16_Clear.mp4,Clear,success,51.0,51.0,100.0,0.5298122156429947,0.5298122156429947,
01_set3_rally23_ball10_Clear.mp4,Clear,success,51.0,51.0,100.0,0.529098546534884,0.529098546534884,
01_set3_rally23_ball16_Clear.mp4,Clear,success,51.0,51.0,100.0,0.5025210478685813,0.5025210478685813,
01_set3_rally23_ball19_Clear.mp4,Clear,success,51.0,51.0,100.0,0.5163407231373859,0.5163407231373859,
01_set3_rally23_ball20_Smash.mp4,Smash,success,51.0,51.0,100.0,0.535441326063632,0.535441326063632,
01_set3_rally24_ball3_Clear.mp4,Clear,success,51.0,51.0,100.0,0.49921988313688404,0.49921988313688404,
01_set3_rally25_ball5_Smash.mp4,Smash,success,51.0,51.0,100.0,0.5179291640294066,0.5179291640294066,
01_set3_rally25_ball10_Clear.mp4,Clear,success,51.0,51.0,100.0,0.5036612110424387,0.5036612110424387,
01_set3_rally25_ball23_Clear.mp4,Clear,success,51.0,51.0,100.0,0.4984438263734945,0.4984438263734945,
01_set3_rally26_ball4_Smash.mp4,Smash,success,51.0,51.0,100.0,0.49857795114194026,0.49857795114194026,
01_set3_rally26_ball9_Smash.mp4,Smash,success,51.0,51.0,100.0,0.5312130727547327,0.5312130727547327,
01_set3_rally26_ball15_Smash.mp4,Smash,success,51.0,51.0,100.0,0.5099402292624926,0.5099402292624926,
01_set3_rally26_ball20_Clear.mp4,Clear,success,51.0,51.0,100.0,0.5059471025839404,0.5059471025839404,
01_set3_rally26_ball24_Clear.mp4,Clear,success,51.0,51.0,100.0,0.5015041775485712,0.5015041775485712,
01_set3_rally26_ball25_Clear.mp4,Clear,success,51.0,51.0,100.0,0.513542841875619,0.513542841875619,
01_set3_rally26_ball26_Smash.mp4,Smash,success,51.0,51.0,100.0,0.5033446103178099,0.5033446103178099,
01_set3_rally26_ball30_Clear.mp4,Clear,success,51.0,51.0,100.0,0.5169647256028216,0.5169647256028216,
01_set3_rally26_ball31_Smash.mp4,Smash,success,51.0,51.0,100.0,0.5138364244437547,0.5138364244437547,
01_set3_rally26_ball33_Smash.mp4,Smash,success,51.0,51.0,100.0,0.5042831515036998,0.5042831515036998,
01_set3_rally26_ball40_Clear.mp4,Clear,success,51.0,51.0,100.0,0.5233870466755493,0.5233870466755493,
01_set3_rally26_ball41_Clear.mp4,Clear,success,51.0,51.0,100.0,0.5339653747939558,0.5339653747939558,
01_set3_rally28_ball2_Smash.mp4,Smash,success,51.0,51.0,100.0,0.512043080890974,0.512043080890974,
01_set3_rally29_ball2_Clear.mp4,Clear,success,51.0,51.0,100.0,0.5157902219314217,0.5157902219314217,
01_set3_rally29_ball3_Clear.mp4,Clear,success,51.0,51.0,100.0,0.48921564155876907,0.48921564155876907,
01_set3_rally29_ball4_Clear.mp4,Clear,success,51.0,51.0,100.0,0.4900528937979396,0.4900528937979396,
01_set3_rally29_ball8_Clear.mp4,Clear,success,51.0,19.0,37.254901960784316,0.4968539222442149,0.18510244162039377,
01_set3_rally29_ball9_Smash.mp4,Smash,success,51.0,4.0,7.8431372549019605,0.42951979668048973,0.03368782719062664,
01_set3_rally30_ball9_Clear.mp4,Clear,success,51.0,43.0,84.31372549019608,0.7346704369745598,0.6194280154883544,
01_set3_rally30_ball18_Clear.mp4,Clear,extraction_failed,,,,,,No poses detected in video
01_set3_rally30_ball19_Smash.mp4,Smash,extraction_failed,,,,,,No poses detected in video
01_set3_rally31_ball5_Clear.mp4,Clear,success,51.0,25.0,49.01960784313725,0.799664772712823,0.39199253564354064,
01_set3_rally31_ball10_Clear.mp4,Clear,success,51.0,12.0,23.52941176470588,0.7673480026047638,0.18055247120112086,
01_set3_rally31_ball15_Clear.mp4,Clear,success,51.0,51.0,100.0,0.8066975585474404,0.8066975585474404,
01_set3_rally31_ball20_Clear.mp4,Clear,success,51.0,39.0,76.47058823529412,0.7861380686269958,0.6011644054206438,
01_set3_rally31_ball21_Smash.mp4,Smash,success,51.0,44.0,86.27450980392157,0.6480132264872193,0.5590702346164245,
01_set3_rally31_ball27_Clear.mp4,Clear,success,51.0,48.0,94.11764705882352,0.8029095985540988,0.7556796221685635,
01_set3_rally31_ball31_Smash.mp4,Smash,success,51.0,51.0,100.0,0.803722473597392,0.803722473597392,
01_set3_rally32_ball5_Smash.mp4,Smash,success,51.0,51.0,100.0,0.8978784520818731,0.8978784520818731,
01_set3_rally35_ball5_Smash.mp4,Smash,success,51.0,50.0,98.0392156862745,0.8123269929398189,0.7963990126860969,
01_set3_rally35_ball17_Clear.mp4,Clear,success,51.0,36.0,70.58823529411765,0.7695953100355285,0.5432437482603731,
01_set3_rally35_ball18_Smash.mp4,Smash,success,51.0,51.0,100.0,0.888571187136645,0.888571187136645,
01_set3_rally37_ball5_Smash.mp4,Smash,success,51.0,6.0,11.76470588235294,0.8331513334103304,0.09801780393062709,
01_set3_rally38_ball8_Smash.mp4,Smash,success,51.0,23.0,45.09803921568628,0.7683464170130503,0.3465091684568658,
02_set1_rally1_ball14_Clear.mp4,Clear,success,51.0,51.0,100.0,0.8253203890133103,0.8253203890133103,
02_set1_rally1_ball15_Clear.mp4,Clear,success,51.0,51.0,100.0,0.7999233008334133,0.7999233008334133,
02_set1_rally1_ball16_Clear.mp4,Clear,success,51.0,51.0,100.0,0.7810911157190911,0.7810911157190911,
02_set1_rally1_ball20_Clear.mp4,Clear,success,51.0,48.0,94.11764705882352,0.8953868736221334,0.8427170575267137,
02_set1_rally2_ball9_Clear.mp4,Clear,success,51.0,51.0,100.0,0.9509071486731475,0.9509071486731475,
02_set1_rally2_ball15_Clear.mp4,Clear,success,51.0,51.0,100.0,0.6936807578426261,0.6936807578426261,
02_set1_rally3_ball8_Clear.mp4,Clear,success,51.0,51.0,100.0,0.6924280106531046,0.6924280106531046,
02_set1_rally6_ball8_Smash.mp4,Smash,success,51.0,51.0,100.0,0.665961430739668,0.665961430739668,
02_set1_rally7_ball5_Clear.mp4,Clear,success,51.0,51.0,100.0,0.6552984348849122,0.6552984348849122,
02_set1_rally7_ball6_Smash.mp4,Smash,success,51.0,51.0,100.0,0.6578205897396987,0.6578205897396987,
02_set1_rally8_ball4_Clear.mp4,Clear,success,51.0,51.0,100.0,0.6499749233022629,0.6499749233022629,
02_set1_rally8_ball5_Clear.mp4,Clear,success,51.0,51.0,100.0,0.6576073012708735,0.6576073012708735,
02_set1_rally8_ball6_Clear.mp4,Clear,success,51.0,51.0,100.0,0.6802661622604947,0.6802661622604947,
02_set1_rally8_ball12_Smash.mp4,Smash,success,51.0,51.0,100.0,0.6612905970801154,0.6612905970801154,
02_set1_rally9_ball8_Smash.mp4,Smash,success,51.0,51.0,100.0,0.5994243916103078,0.5994243916103078,
02_set1_rally10_ball4_Smash.mp4,Smash,success,51.0,51.0,100.0,0.5939664985979446,0.5939664985979446,
02_set1_rally10_ball9_Clear.mp4,Clear,success,51.0,51.0,100.0,0.616895067369271,0.616895067369271,
02_set1_rally10_ball10_Smash.mp4,Smash,success,51.0,51.0,100.0,0.6450397374704137,0.6450397374704137,
02_set1_rally11_ball3_Smash.mp4,Smash,success,51.0,51.0,100.0,0.6289423895484878,0.6289423895484878,
02_set1_rally11_ball7_Clear.mp4,Clear,success,51.0,51.0,100.0,0.6498411912043577,0.6498411912043577,
02_set1_rally11_ball8_Smash.mp4,Smash,success,51.0,51.0,100.0,0.6769651289297732,0.6769651289297732,
02_set1_rally12_ball23_Smash.mp4,Smash,success,51.0,51.0,100.0,0.6149699922072227,0.6149699922072227,
02_set1_rally12_ball25_Smash.mp4,Smash,success,51.0,51.0,100.0,0.5979915662744457,0.5979915662744457,
02_set1_rally12_ball27_Smash.mp4,Smash,success,51.0,51.0,100.0,0.6119658889788364,0.6119658889788364,
02_set1_rally13_ball3_Clear.mp4,Clear,success,51.0,51.0,100.0,0.615164643218431,0.615164643218431,
02_set1_rally15_ball3_Clear.mp4,Clear,success,51.0,51.0,100.0,0.6686689216233109,0.6686689216233109,
02_set1_rally15_ball10_Clear.mp4,Clear,success,51.0,51.0,100.0,0.5899807949218705,0.5899807949218705,
02_set1_rally16_ball9_Clear.mp4,Clear,success,51.0,51.0,100.0,0.6083349982103354,0.6083349982103354,
02_set1_rally16_ball14_Clear.mp4,Clear,success,51.0,51.0,100.0,0.5966767589852161,0.5966767589852161,
02_set1_rally16_ball15_Clear.mp4,Clear,success,51.0,51.0,100.0,0.6149228213502141,0.6149228213502141,
02_set1_rally16_ball16_Clear.mp4,Clear,success,51.0,51.0,100.0,0.6411271239307156,0.6411271239307156,
02_set1_rally16_ball17_Smash.mp4,Smash,success,51.0,51.0,100.0,0.6455813455436903,0.6455813455436903,
02_set1_rally17_ball3_Clear.mp4,Clear,success,51.0,51.0,100.0,0.6421040008671857,0.6421040008671857,
02_set1_rally17_ball4_Smash.mp4,Smash,success,51.0,51.0,100.0,0.5964297904647927,0.5964297904647927,
02_set1_rally17_ball10_Smash.mp4,Smash,success,51.0,51.0,100.0,0.6133496777498425,0.6133496777498425,
02_set1_rally18_ball7_Smash.mp4,Smash,success,51.0,51.0,100.0,0.6293200230979474,0.6293200230979474,
02_set1_rally18_ball21_Smash.mp4,Smash,success,51.0,51.0,100.0,0.6218675791513643,0.6218675791513643,
02_set1_rally18_ball35_Clear.mp4,Clear,success,51.0,51.0,100.0,0.62458999164006,0.62458999164006,
02_set1_rally18_ball38_Clear.mp4,Clear,success,51.0,51.0,100.0,0.6549364452772406,0.6549364452772406,
02_set1_rally18_ball39_Smash.mp4,Smash,success,51.0,51.0,100.0,0.6327757384745372,0.6327757384745372,
02_set1_rally19_ball3_Smash.mp4,Smash,success,51.0,51.0,100.0,0.6016900744783044,0.6016900744783044,
02_set1_rally23_ball4_Clear.mp4,Clear,success,51.0,51.0,100.0,0.6023790068480762,0.6023790068480762,
02_set1_rally25_ball2_Clear.mp4,Clear,success,51.0,51.0,100.0,0.6048013614765929,0.6048013614765929,
02_set1_rally25_ball3_Smash.mp4,Smash,success,51.0,51.0,100.0,0.6005263924854628,0.6005263924854628,
02_set1_rally27_ball16_Smash.mp4,Smash,success,51.0,51.0,100.0,0.6255562544418655,0.6255562544418655,
02_set1_rally27_ball19_Clear.mp4,Clear,success,51.0,51.0,100.0,0.6201109968876191,0.6201109968876191,
02_set1_rally27_ball20_Clear.mp4,Clear,success,51.0,51.0,100.0,0.5959761559042418,0.5959761559042418,
02_set1_rally28_ball6_Clear.mp4,Clear,success,51.0,51.0,100.0,0.6223696640242207,0.6223696640242207,
02_set1_rally28_ball7_Smash.mp4,Smash,success,51.0,51.0,100.0,0.5984920820614752,0.5984920820614752,
02_set1_rally28_ball11_Clear.mp4,Clear,success,51.0,51.0,100.0,0.6315467487399501,0.6315467487399501,
02_set1_rally28_ball12_Smash.mp4,Smash,success,51.0,51.0,100.0,0.6539750264031207,0.6539750264031207,
02_set1_rally28_ball15_Smash.mp4,Smash,success,51.0,51.0,100.0,0.6073165458831239,0.6073165458831239,
02_set1_rally29_ball10_Clear.mp4,Clear,success,51.0,51.0,100.0,0.5609968631919896,0.5609968631919896,
02_set1_rally29_ball11_Smash.mp4,Smash,success,51.0,51.0,100.0,0.5253224473038358,0.5253224473038358,
02_set1_rally30_ball5_Smash.mp4,Smash,success,51.0,51.0,100.0,0.6039611039379839,0.6039611039379839,
02_set1_rally33_ball3_Clear.mp4,Clear,success,51.0,51.0,100.0,0.5818658025918136,0.5818658025918136,
02_set1_rally33_ball11_Clear.mp4,Clear,success,51.0,51.0,100.0,0.57038310282079,0.57038310282079,
02_set1_rally33_ball12_Clear.mp4,Clear,success,51.0,51.0,100.0,0.5796032286293646,0.5796032286293646,
02_set1_rally33_ball22_Clear.mp4,Clear,success,51.0,51.0,100.0,0.5708869175914347,0.5708869175914347,
02_set1_rally33_ball31_Smash.mp4,Smash,success,51.0,51.0,100.0,0.5825304493299213,0.5825304493299213,
02_set1_rally34_ball2_Smash.mp4,Smash,success,51.0,50.0,98.0392156862745,0.7718151147288992,0.7566814850283325,
02_set1_rally36_ball9_Clear.mp4,Clear,success,51.0,50.0,98.0392156862745,0.8585727112672545,0.8417379522227986,
02_set1_rally36_ball10_Smash.mp4,Smash,success,51.0,51.0,100.0,0.9111454552365993,0.9111454552365993,
02_set2_rally1_ball8_Clear.mp4,Clear,success,51.0,39.0,76.47058823529412,0.9120034810500082,0.6974144266853003,
02_set2_rally2_ball17_Clear.mp4,Clear,success,51.0,51.0,100.0,0.8577065962946139,0.8577065962946139,
02_set2_rally2_ball22_Clear.mp4,Clear,success,51.0,51.0,100.0,0.9115104652626912,0.9115104652626912,
02_set2_rally2_ball23_Clear.mp4,Clear,success,51.0,51.0,100.0,0.9404127057542138,0.9404127057542138,
02_set2_rally2_ball24_Clear.mp4,Clear,success,51.0,51.0,100.0,0.893739988300252,0.893739988300252,
02_set2_rally2_ball25_Clear.mp4,Clear,success,51.0,51.0,100.0,0.8675893882131266,0.8675893882131266,
02_set2_rally2_ball30_Clear.mp4,Clear,success,51.0,39.0,76.47058823529412,0.9048873763864319,0.6919726995896244,
02_set2_rally2_ball37_Smash.mp4,Smash,success,51.0,50.0,98.0392156862745,0.8640848713300445,0.8471420307157299,
02_set2_rally4_ball15_Clear.mp4,Clear,success,51.0,38.0,74.50980392156863,0.8737436743658125,0.651024698547076,
02_set2_rally4_ball23_Clear.mp4,Clear,success,51.0,51.0,100.0,0.909618354222637,0.909618354222637,
02_set2_rally9_ball7_Clear.mp4,Clear,success,51.0,51.0,100.0,0.8995832035354538,0.8995832035354538,
02_set2_rally9_ball8_Clear.mp4,Clear,success,51.0,42.0,82.35294117647058,0.8659486842340376,0.7131342105456779,
02_set2_rally9_ball15_Clear.mp4,Clear,success,51.0,49.0,96.07843137254902,0.8911476083279541,0.8562006432954854,
02_set2_rally9_ball16_Smash.mp4,Smash,success,51.0,51.0,100.0,0.8534053193888914,0.8534053193888914,
02_set2_rally9_ball21_Smash.mp4,Smash,success,51.0,19.0,37.254901960784316,0.8432408183860626,0.31414854018304295,
02_set2_rally12_ball5_Clear.mp4,Clear,success,51.0,33.0,64.70588235294117,0.9020787548099339,0.5836980178181925,
02_set2_rally13_ball4_Clear.mp4,Clear,success,51.0,45.0,88.23529411764706,0.8763873391681251,0.7732829463248162,
02_set2_rally13_ball8_Clear.mp4,Clear,success,51.0,28.0,54.90196078431373,0.8959611062750673,0.4919002152098409,
02_set2_rally15_ball3_Smash.mp4,Smash,success,51.0,50.0,98.0392156862745,0.8456318698236436,0.829050852768278,
02_set2_rally15_ball6_Clear.mp4,Clear,success,51.0,51.0,100.0,0.8792706049239428,0.8792706049239428,
02_set2_rally15_ball14_Smash.mp4,Smash,success,51.0,47.0,92.15686274509804,0.9108541450294502,0.8394146042428265,
02_set2_rally18_ball5_Smash.mp4,Smash,success,51.0,50.0,98.0392156862745,0.8795640122709852,0.8623176590892012,
02_set2_rally20_ball5_Smash.mp4,Smash,success,51.0,51.0,100.0,0.8952577814805103,0.8952577814805103,
02_set2_rally21_ball11_Smash.mp4,Smash,success,51.0,26.0,50.98039215686274,0.8283602703527693,0.4223013142974902,
02_set2_rally23_ball8_Smash.mp4,Smash,success,51.0,50.0,98.0392156862745,0.8419753324714574,0.825466012226919,
02_set2_rally26_ball4_Smash.mp4,Smash,success,51.0,27.0,52.94117647058824,0.8730574571992678,0.4622068891054947,
02_set2_rally26_ball7_Clear.mp4,Clear,success,51.0,50.0,98.0392156862745,0.9160241242430426,0.8980628669049436,
02_set2_rally26_ball8_Clear.mp4,Clear,success,51.0,51.0,100.0,0.9118518524947652,0.9118518524947652,
02_set2_rally26_ball15_Clear.mp4,Clear,success,51.0,48.0,94.11764705882352,0.8909331710087228,0.8385253374199743,
02_set2_rally26_ball23_Clear.mp4,Clear,success,51.0,50.0,98.0392156862745,0.8297131757076943,0.8134442899095042,
02_set2_rally26_ball24_Smash.mp4,Smash,success,51.0,51.0,100.0,0.8560768420842881,0.8560768420842881,
02_set2_rally27_ball5_Clear.mp4,Clear,success,51.0,31.0,60.78431372549019,0.8790836436482818,0.5343449598646418,
02_set2_rally30_ball2_Clear.mp4,Clear,success,51.0,49.0,96.07843137254902,0.8848161542167267,0.8501174815023452,
02_set2_rally30_ball12_Clear.mp4,Clear,success,51.0,47.0,92.15686274509804,0.8836834901267677,0.8143749810972173,
02_set2_rally31_ball6_Clear.mp4,Clear,success,51.0,51.0,100.0,0.8549842809238961,0.8549842809238961,
02_set2_rally34_ball9_Smash.mp4,Smash,success,51.0,51.0,100.0,0.8472947636779687,0.8472947636779687,
02_set2_rally35_ball5_Clear.mp4,Clear,success,51.0,51.0,100.0,0.8610550322245079,0.8610550322245079,
02_set2_rally35_ball10_Smash.mp4,Smash,success,51.0,21.0,41.17647058823529,0.8878144119553064,0.36557064021689084,
02_set2_rally37_ball6_Smash.mp4,Smash,success,51.0,22.0,43.13725490196079,0.8857523505434846,0.3820892492540522,
02_set2_rally37_ball10_Smash.mp4,Smash,success,51.0,51.0,100.0,0.8520210788264843,0.8520210788264843,
02_set2_rally37_ball18_Smash.mp4,Smash,success,51.0,51.0,100.0,0.9155147418831334,0.9155147418831334,
02_set2_rally37_ball34_Smash.mp4,Smash,success,51.0,51.0,100.0,0.8675771718684294,0.8675771718684294,
02_set2_rally38_ball7_Clear.mp4,Clear,success,51.0,51.0,100.0,0.8963743348030978,0.8963743348030978,
02_set2_rally38_ball11_Smash.mp4,Smash,success,51.0,37.0,72.54901960784314,0.8502351492643355,0.6168372651525571,
02_set2_rally40_ball10_Clear.mp4,Clear,success,51.0,51.0,100.0,0.8993003481530889,0.8993003481530889,
02_set2_rally40_ball11_Smash.mp4,Smash,success,51.0,32.0,62.745098039215684,0.8641200392422351,0.5421929657990495,
02_set2_rally40_ball18_Clear.mp4,Clear,success,51.0,51.0,100.0,0.8408044972061333,0.8408044972061333,
04_set1_rally1_ball8_Smash.mp4,Smash,success,51.0,48.0,94.11764705882352,0.8347023760128502,0.7856022362473883,
04_set1_rally4_ball5_Clear.mp4,Clear,success,51.0,51.0,100.0,0.9038793325548149,0.9038793325548149,
04_set1_rally4_ball6_Clear.mp4,Clear,success,51.0,51.0,100.0,0.884335654534829,0.884335654534829,
04_set1_rally5_ball8_Smash.mp4,Smash,success,51.0,51.0,100.0,0.7926697837945187,0.7926697837945187,
04_set1_rally6_ball6_Smash.mp4,Smash,success,51.0,51.0,100.0,0.7971691777171547,0.7971691777171547,
04_set1_rally7_ball10_Clear.mp4,Clear,success,51.0,51.0,100.0,0.7934635206083067,0.7934635206083067,
04_set1_rally7_ball11_Clear.mp4,Clear,success,51.0,51.0,100.0,0.7679458192504824,0.7679458192504824,
04_set1_rally7_ball15_Clear.mp4,Clear,success,51.0,51.0,100.0,0.7901663805091941,0.7901663805091941,
04_set1_rally7_ball19_Clear.mp4,Clear,success,51.0,51.0,100.0,0.8169037806831932,0.8169037806831932,
04_set1_rally7_ball23_Clear.mp4,Clear,success,51.0,51.0,100.0,0.8005365788808234,0.8005365788808234,
04_set1_rally7_ball24_Clear.mp4,Clear,success,51.0,51.0,100.0,0.7608043495255765,0.7608043495255765,
04_set1_rally7_ball32_Clear.mp4,Clear,success,51.0,51.0,100.0,0.7936165191629371,0.7936165191629371,
04_set1_rally8_ball8_Clear.mp4,Clear,success,51.0,51.0,100.0,0.8445798061163879,0.8445798061163879,
04_set1_rally9_ball7_Smash.mp4,Smash,success,51.0,51.0,100.0,0.8803506679633721,0.8803506679633721,
04_set1_rally10_ball3_Clear.mp4,Clear,success,51.0,51.0,100.0,0.8928156535114056,0.8928156535114056,
04_set1_rally10_ball6_Smash.mp4,Smash,success,51.0,51.0,100.0,0.8692000306438847,0.8692000306438847,
04_set1_rally11_ball7_Smash.mp4,Smash,success,51.0,51.0,100.0,0.8805082223720658,0.8805082223720658,
04_set1_rally11_ball10_Clear.mp4,Clear,success,51.0,51.0,100.0,0.8552418956892763,0.8552418956892763,
04_set1_rally11_ball11_Smash.mp4,Smash,success,51.0,51.0,100.0,0.8657432925210634,0.8657432925210634,
04_set1_rally12_ball10_Clear.mp4,Clear,success,51.0,51.0,100.0,0.8063657403731552,0.8063657403731552,
04_set1_rally14_ball5_Smash.mp4,Smash,success,51.0,51.0,100.0,0.8123806648430056,0.8123806648430056,
04_set1_rally15_ball4_Smash.mp4,Smash,success,51.0,51.0,100.0,0.8149808485921973,0.8149808485921973,
04_set1_rally16_ball5_Clear.mp4,Clear,success,51.0,51.0,100.0,0.8384285408536452,0.8384285408536452,
04_set1_rally17_ball3_Clear.mp4,Clear,success,51.0,51.0,100.0,0.8500201218162203,0.8500201218162203,
04_set1_rally17_ball9_Clear.mp4,Clear,success,51.0,51.0,100.0,0.795572680075317,0.795572680075317,
04_set1_rally17_ball18_Smash.mp4,Smash,success,51.0,51.0,100.0,0.7733382919490055,0.7733382919490055,
04_set1_rally18_ball8_Clear.mp4,Clear,success,51.0,51.0,100.0,0.7652131231082242,0.7652131231082242,
04_set1_rally18_ball9_Smash.mp4,Smash,success,51.0,51.0,100.0,0.7497630553940934,0.7497630553940934,
04_set1_rally18_ball20_Smash.mp4,Smash,success,51.0,51.0,100.0,0.7979562496893723,0.7979562496893723,
04_set1_rally18_ball31_Clear.mp4,Clear,success,51.0,51.0,100.0,0.7888184310187737,0.7888184310187737,
04_set1_rally20_ball5_Smash.mp4,Smash,success,51.0,51.0,100.0,0.7433099983485811,0.7433099983485811,
04_set1_rally20_ball10_Smash.mp4,Smash,success,51.0,51.0,100.0,0.703393670204591,0.703393670204591,
04_set1_rally22_ball12_Smash.mp4,Smash,success,51.0,51.0,100.0,0.7019325094579749,0.7019325094579749,
04_set1_rally25_ball5_Smash.mp4,Smash,success,51.0,51.0,100.0,0.7429802024967201,0.7429802024967201,
04_set1_rally25_ball10_Smash.mp4,Smash,success,51.0,51.0,100.0,0.7630781631737469,0.7630781631737469,
04_set1_rally26_ball5_Smash.mp4,Smash,success,51.0,51.0,100.0,0.7712983767736086,0.7712983767736086,
04_set1_rally26_ball11_Smash.mp4,Smash,success,51.0,51.0,100.0,0.7583428924317807,0.7583428924317807,
04_set1_rally28_ball14_Smash.mp4,Smash,success,51.0,51.0,100.0,0.7925444467793388,0.7925444467793388,
04_set1_rally29_ball7_Smash.mp4,Smash,success,51.0,51.0,100.0,0.7904581772235448,0.7904581772235448,
04_set1_rally31_ball7_Smash.mp4,Smash,success,51.0,51.0,100.0,0.755818889282126,0.755818889282126,
04_set1_rally31_ball10_Clear.mp4,Clear,success,51.0,51.0,100.0,0.7264747562565339,0.7264747562565339,
04_set1_rally31_ball11_Smash.mp4,Smash,success,51.0,51.0,100.0,0.7326630017389801,0.7326630017389801,
04_set1_rally33_ball14_Smash.mp4,Smash,success,51.0,51.0,100.0,0.7947449382511869,0.7947449382511869,
04_set1_rally34_ball3_Smash.mp4,Smash,success,51.0,51.0,100.0,0.8352188801905335,0.8352188801905335,
04_set1_rally34_ball13_Smash.mp4,Smash,success,51.0,51.0,100.0,0.803019005309434,0.803019005309434,
04_set1_rally36_ball4_Clear.mp4,Clear,success,51.0,51.0,100.0,0.8137529839540762,0.8137529839540762,
04_set1_rally37_ball13_Smash.mp4,Smash,success,51.0,51.0,100.0,0.8150757853245,0.8150757853245,
04_set1_rally37_ball17_Clear.mp4,Clear,success,51.0,51.0,100.0,0.70237354489527,0.70237354489527,
04_set1_rally38_ball5_Smash.mp4,Smash,success,51.0,51.0,100.0,0.7938689230385099,0.7938689230385099,
04_set2_rally3_ball7_Smash.mp4,Smash,success,51.0,51.0,100.0,0.8031095839169183,0.8031095839169183,
04_set2_rally3_ball10_Clear.mp4,Clear,success,51.0,51.0,100.0,0.8187586050735154,0.8187586050735154,
04_set2_rally3_ball11_Smash.mp4,Smash,success,51.0,51.0,100.0,0.7819124926512467,0.7819124926512467,
04_set2_rally3_ball14_Smash.mp4,Smash,success,51.0,51.0,100.0,0.784401291375952,0.784401291375952,
04_set2_rally5_ball11_Smash.mp4,Smash,success,51.0,51.0,100.0,0.8053469040203648,0.8053469040203648,
04_set2_rally6_ball5_Smash.mp4,Smash,success,51.0,51.0,100.0,0.7953887111925152,0.7953887111925152,
04_set2_rally7_ball9_Clear.mp4,Clear,success,51.0,51.0,100.0,0.7880919931840484,0.7880919931840484,
04_set2_rally7_ball10_Smash.mp4,Smash,success,51.0,51.0,100.0,0.800205536102583,0.800205536102583,
04_set2_rally8_ball7_Smash.mp4,Smash,success,51.0,51.0,100.0,0.8101766668193694,0.8101766668193694,
04_set2_rally9_ball3_Smash.mp4,Smash,success,51.0,51.0,100.0,0.8439498227477004,0.8439498227477004,
04_set2_rally9_ball12_Smash.mp4,Smash,success,51.0,51.0,100.0,0.8352740238853954,0.8352740238853954,
04_set2_rally10_ball3_Smash.mp4,Smash,success,51.0,51.0,100.0,0.8340935722055425,0.8340935722055425,
04_set2_rally10_ball6_Smash.mp4,Smash,success,51.0,51.0,100.0,0.8208011984957944,0.8208011984957944,
04_set2_rally11_ball6_Smash.mp4,Smash,success,51.0,51.0,100.0,0.7996902848730573,0.7996902848730573,
04_set2_rally12_ball5_Clear.mp4,Clear,success,51.0,51.0,100.0,0.8284222021327088,0.8284222021327088,
04_set2_rally14_ball10_Smash.mp4,Smash,success,51.0,51.0,100.0,0.8179962611510967,0.8179962611510967,
04_set2_rally15_ball10_Smash.mp4,Smash,success,51.0,51.0,100.0,0.7882497556976845,0.7882497556976845,
04_set2_rally17_ball7_Smash.mp4,Smash,success,51.0,51.0,100.0,0.8144961969525207,0.8144961969525207,
04_set2_rally17_ball17_Smash.mp4,Smash,success,51.0,51.0,100.0,0.8203526734331852,0.8203526734331852,
04_set2_rally18_ball5_Clear.mp4,Clear,success,51.0,51.0,100.0,0.7718346626644449,0.7718346626644449,
04_set2_rally18_ball10_Smash.mp4,Smash,success,51.0,51.0,100.0,0.7564202690927563,0.7564202690927563,
04_set2_rally22_ball12_Smash.mp4,Smash,success,51.0,51.0,100.0,0.7888563696264035,0.7888563696264035,
04_set2_rally23_ball3_Smash.mp4,Smash,success,51.0,51.0,100.0,0.8407877676600654,0.8407877676600654,
04_set2_rally24_ball4_Clear.mp4,Clear,success,51.0,51.0,100.0,0.7960120209128072,0.7960120209128072,
04_set2_rally25_ball3_Smash.mp4,Smash,success,51.0,51.0,100.0,0.8305999409148401,0.8305999409148401,
04_set2_rally25_ball11_Smash.mp4,Smash,success,51.0,51.0,100.0,0.7446482036488526,0.7446482036488526,
04_set2_rally25_ball18_Clear.mp4,Clear,success,51.0,51.0,100.0,0.7515904488074091,0.7515904488074091,
04_set2_rally25_ball19_Smash.mp4,Smash,success,51.0,51.0,100.0,0.7768381842994753,0.7768381842994753,
04_set2_rally26_ball15_Clear.mp4,Clear,success,51.0,51.0,100.0,0.775312382400266,0.775312382400266,
04_set2_rally26_ball16_Smash.mp4,Smash,success,51.0,51.0,100.0,0.7736589306045768,0.7736589306045768,
04_set2_rally27_ball4_Smash.mp4,Smash,success,51.0,51.0,100.0,0.7360816173879647,0.7360816173879647,
04_set2_rally27_ball20_Smash.mp4,Smash,success,51.0,51.0,100.0,0.7118398538728111,0.7118398538728111,
04_set2_rally29_ball14_Clear.mp4,Clear,success,51.0,51.0,100.0,0.7486478026371959,0.7486478026371959,
04_set2_rally29_ball18_Clear.mp4,Clear,success,51.0,51.0,100.0,0.7282394281822568,0.7282394281822568,
04_set2_rally29_ball19_Smash.mp4,Smash,success,51.0,51.0,100.0,0.7176803406671052,0.7176803406671052,
04_set2_rally31_ball2_Clear.mp4,Clear,success,51.0,51.0,100.0,0.8434311190771688,0.8434311190771688,
04_set2_rally31_ball3_Smash.mp4,Smash,success,51.0,51.0,100.0,0.809760954999102,0.809760954999102,
04_set2_rally32_ball5_Smash.mp4,Smash,success,51.0,51.0,100.0,0.7642634416943105,0.7642634416943105,
04_set2_rally32_ball10_Smash.mp4,Smash,success,51.0,51.0,100.0,0.7750291890014832,0.7750291890014832,
04_set2_rally34_ball4_Smash.mp4,Smash,success,51.0,51.0,100.0,0.814310985583584,0.814310985583584,
04_set2_rally34_ball9_Smash.mp4,Smash,success,51.0,51.0,100.0,0.7893271119130717,0.7893271119130717,
04_set2_rally34_ball13_Smash.mp4,Smash,success,51.0,51.0,100.0,0.7778621553484873,0.7778621553484873,
04_set2_rally36_ball7_Smash.mp4,Smash,success,51.0,51.0,100.0,0.8061238181884098,0.8061238181884098,
04_set2_rally36_ball13_Smash.mp4,Smash,success,51.0,51.0,100.0,0.8303267609635705,0.8303267609635705,
05_set1_rally1_ball10_Clear.mp4,Clear,extraction_failed,,,,,,No poses detected in video
05_set1_rally2_ball9_Smash.mp4,Smash,success,51.0,39.0,76.47058823529412,0.7776998179264306,0.5947116254731528,
05_set1_rally2_ball12_Clear.mp4,Clear,success,51.0,39.0,76.47058823529412,0.6690485026878801,0.5116253255848494,
05_set1_rally2_ball13_Smash.mp4,Smash,success,51.0,50.0,98.0392156862745,0.7366450183996648,0.7222009984310439,
05_set1_rally3_ball10_Clear.mp4,Clear,success,51.0,51.0,100.0,0.8204781548012173,0.8204781548012173,
05_set1_rally6_ball19_Clear.mp4,Clear,success,51.0,51.0,100.0,0.9096658262410336,0.9096658262410336,
05_set1_rally6_ball25_Clear.mp4,Clear,success,51.0,51.0,100.0,0.8417713634771601,0.8417713634771601,
05_set1_rally6_ball26_Smash.mp4,Smash,extraction_failed,,,,,,No poses detected in video
05_set1_rally7_ball7_Clear.mp4,Clear,success,51.0,36.0,70.58823529411765,0.8608257681921576,0.607641718723876,
05_set1_rally7_ball17_Clear.mp4,Clear,success,51.0,22.0,43.13725490196079,0.8832900702501789,0.3810270891275282,
05_set1_rally7_ball21_Clear.mp4,Clear,success,51.0,21.0,41.17647058823529,0.6830740349009782,0.28126577907687333,
05_set1_rally7_ball26_Clear.mp4,Clear,success,51.0,6.0,11.76470588235294,0.7134387482597372,0.08393397038349848,
05_set1_rally7_ball33_Clear.mp4,Clear,success,51.0,51.0,100.0,0.8446453988653461,0.8446453988653461,
05_set1_rally8_ball10_Clear.mp4,Clear,success,51.0,51.0,100.0,0.8843241845895617,0.8843241845895617,
05_set1_rally8_ball11_Smash.mp4,Smash,success,51.0,51.0,100.0,0.8004232585160099,0.8004232585160099,
05_set1_rally9_ball9_Smash.mp4,Smash,success,51.0,51.0,100.0,0.8118409662907562,0.8118409662907562,
05_set1_rally10_ball9_Smash.mp4,Smash,success,51.0,51.0,100.0,0.8270751130471111,0.8270751130471111,
05_set1_rally11_ball5_Smash.mp4,Smash,success,51.0,2.0,3.9215686274509802,0.828798230398785,0.03250189138818765,
05_set1_rally12_ball5_Clear.mp4,Clear,success,51.0,41.0,80.3921568627451,0.6865861885099097,0.5519614456648294,
05_set1_rally12_ball6_Smash.mp4,Smash,success,51.0,21.0,41.17647058823529,0.6455395582799961,0.2658104063505866,
05_set1_rally12_ball21_Smash.mp4,Smash,extraction_failed,,,,,,No poses detected in video
05_set1_rally18_ball9_Clear.mp4,Clear,success,51.0,1.0,1.9607843137254901,0.6244707285906329,0.01224452409001241,
05_set1_rally18_ball13_Smash.mp4,Smash,success,51.0,2.0,3.9215686274509802,0.6251175784026131,0.02451441483931816,
05_set1_rally19_ball3_Clear.mp4,Clear,success,51.0,3.0,5.88235294117647,0.6282603896477006,0.036956493508688265,
05_set1_rally19_ball4_Smash.mp4,Smash,success,51.0,50.0,98.0392156862745,0.7732166282832622,0.7580555179247669,
05_set1_rally19_ball13_Smash.mp4,Smash,success,51.0,35.0,68.62745098039215,0.6508413239335173,0.44665581054260994,
05_set1_rally20_ball4_Smash.mp4,Smash,success,51.0,49.0,96.07843137254902,0.6138573289328042,0.5897844925040668,
05_set1_rally20_ball12_Clear.mp4,Clear,extraction_failed,,,,,,No poses detected in video
05_set1_rally21_ball5_Smash.mp4,Smash,success,51.0,51.0,100.0,0.8072771018427429,0.8072771018427429,
05_set1_rally21_ball10_Smash.mp4,Smash,extraction_failed,,,,,,No poses detected in video
05_set1_rally21_ball12_Smash.mp4,Smash,extraction_failed,,,,,,No poses detected in video
05_set1_rally21_ball18_Smash.mp4,Smash,success,51.0,26.0,50.98039215686274,0.8929319217071667,0.4552201953801242,
05_set1_rally21_ball21_Clear.mp4,Clear,success,51.0,51.0,100.0,0.8520786338665622,0.8520786338665622,
05_set1_rally21_ball22_Clear.mp4,Clear,success,51.0,51.0,100.0,0.855000032434064,0.855000032434064,
05_set1_rally21_ball30_Smash.mp4,Smash,success,51.0,51.0,100.0,0.8639454747850671,0.8639454747850671,
05_set1_rally21_ball34_Clear.mp4,Clear,success,51.0,25.0,49.01960784313725,0.8325346124668916,0.40810520218965274,
05_set1_rally21_ball35_Smash.mp4,Smash,success,51.0,48.0,94.11764705882352,0.8145806622747896,0.7666641527292137,
05_set1_rally23_ball4_Clear.mp4,Clear,success,51.0,50.0,98.0392156862745,0.8571859663588512,0.8403783983910306,
05_set1_rally23_ball5_Smash.mp4,Smash,success,51.0,20.0,39.21568627450981,0.7960481936837132,0.31217576222890714,
05_set1_rally24_ball7_Smash.mp4,Smash,success,51.0,51.0,100.0,0.7877063537592238,0.7877063537592238,
05_set1_rally25_ball4_Smash.mp4,Smash,success,51.0,45.0,88.23529411764706,0.837858448165033,0.7392868660279702,
05_set1_rally25_ball5_Smash.mp4,Smash,success,51.0,45.0,88.23529411764706,0.8726855753447473,0.7700166841277182,
05_set1_rally25_ball9_Smash.mp4,Smash,success,51.0,51.0,100.0,0.8484417538397099,0.8484417538397099,
05_set1_rally27_ball5_Smash.mp4,Smash,success,51.0,33.0,64.70588235294117,0.8468752331805951,0.547978092058032,
05_set1_rally29_ball3_Smash.mp4,Smash,success,51.0,36.0,70.58823529411765,0.8205172017126372,0.5791886129736263,
05_set1_rally29_ball6_Smash.mp4,Smash,success,51.0,31.0,60.78431372549019,0.776209173248835,0.4718134190336055,
05_set1_rally30_ball7_Clear.mp4,Clear,success,51.0,51.0,100.0,0.8228309169650715,0.8228309169650715,
05_set1_rally31_ball8_Clear.mp4,Clear,success,51.0,15.0,29.411764705882355,0.8062359354712747,0.2371282163150808,
05_set1_rally31_ball9_Clear.mp4,Clear,success,51.0,51.0,100.0,0.8027140237598339,0.8027140237598339,
05_set1_rally31_ball12_Smash.mp4,Smash,success,51.0,34.0,66.66666666666666,0.8338575904116488,0.5559050602744324,
05_set1_rally31_ball18_Smash.mp4,Smash,extraction_failed,,,,,,No poses detected in video
05_set1_rally31_ball23_Smash.mp4,Smash,success,51.0,31.0,60.78431372549019,0.7878861498492712,0.47891118912406677,
05_set1_rally32_ball3_Clear.mp4,Clear,success,51.0,51.0,100.0,0.8994691456207121,0.8994691456207121,
05_set1_rally32_ball4_Smash.mp4,Smash,success,51.0,51.0,100.0,0.8883954201754685,0.8883954201754685,
05_set1_rally33_ball10_Clear.mp4,Clear,success,51.0,9.0,17.647058823529413,0.8526342104781759,0.15046486067261927,
05_set1_rally34_ball5_Clear.mp4,Clear,success,51.0,32.0,62.745098039215684,0.8561348688679856,0.5371826628191282,
05_set1_rally34_ball6_Clear.mp4,Clear,success,51.0,43.0,84.31372549019608,0.7382426132167969,0.6224398503592601,
05_set1_rally34_ball7_Clear.mp4,Clear,success,51.0,27.0,52.94117647058824,0.6973585969732179,0.3691898454564095,
05_set1_rally34_ball10_Clear.mp4,Clear,success,51.0,30.0,58.82352941176471,0.7979607844713964,0.46938869674788025,
05_set1_rally34_ball11_Clear.mp4,Clear,success,51.0,51.0,100.0,0.8845834014444781,0.8845834014444781,
05_set1_rally34_ball12_Clear.mp4,Clear,success,51.0,51.0,100.0,0.8071190334250017,0.8071190334250017,
05_set1_rally34_ball13_Clear.mp4,Clear,success,51.0,51.0,100.0,0.8404776433342211,0.8404776433342211,
05_set1_rally34_ball14_Smash.mp4,Smash,success,51.0,51.0,100.0,0.7660042437272665,0.7660042437272665,
05_set2_rally1_ball3_Clear.mp4,Clear,success,51.0,51.0,100.0,0.8315793574808151,0.8315793574808151,
05_set2_rally1_ball4_Smash.mp4,Smash,success,51.0,51.0,100.0,0.7996852155365337,0.7996852155365337,
05_set2_rally3_ball10_Clear.mp4,Clear,success,51.0,50.0,98.0392156862745,0.7362826442853971,0.7218457296915658,
05_set2_rally4_ball11_Smash.mp4,Smash,success,51.0,5.0,9.803921568627452,0.6365547125989741,0.06240732476460532,
05_set2_rally6_ball9_Smash.mp4,Smash,success,51.0,51.0,100.0,0.7713277493728035,0.7713277493728035,
05_set2_rally9_ball3_Clear.mp4,Clear,success,51.0,44.0,86.27450980392157,0.8101491456640981,0.6989522041023593,
05_set2_rally9_ball4_Smash.mp4,Smash,success,51.0,41.0,80.3921568627451,0.740663760893175,0.5954355724827486,
05_set2_rally10_ball9_Clear.mp4,Clear,success,51.0,50.0,98.0392156862745,0.8012460817351486,0.7855353742501456,
05_set2_rally10_ball23_Clear.mp4,Clear,success,51.0,51.0,100.0,0.8389440161251838,0.8389440161251838,
05_set2_rally11_ball6_Clear.mp4,Clear,success,51.0,51.0,100.0,0.8610485712297601,0.8610485712297601,
05_set2_rally11_ball7_Smash.mp4,Smash,success,51.0,51.0,100.0,0.8791975055644714,0.8791975055644714,
05_set2_rally11_ball15_Clear.mp4,Clear,success,51.0,40.0,78.43137254901961,0.8423788969779945,0.660689330963133,
05_set2_rally11_ball16_Smash.mp4,Smash,success,51.0,48.0,94.11764705882352,0.7241061990516204,0.6815117167544662,
05_set2_rally11_ball22_Clear.mp4,Clear,success,51.0,1.0,1.9607843137254901,0.6383190421443997,0.01251605964989019,
05_set2_rally13_ball6_Smash.mp4,Smash,success,51.0,50.0,98.0392156862745,0.7789331410136638,0.7636599421702587,
05_set2_rally14_ball5_Smash.mp4,Smash,success,51.0,39.0,76.47058823529412,0.7124828353932754,0.54483981530074,
05_set2_rally15_ball3_Smash.mp4,Smash,success,51.0,41.0,80.3921568627451,0.7084488506118457,0.5695373112761897,
05_set2_rally16_ball4_Smash.mp4,Smash,success,51.0,3.0,5.88235294117647,0.6572551760408613,0.03866206917887419,
05_set2_rally16_ball10_Clear.mp4,Clear,success,51.0,46.0,90.19607843137256,0.6685272162060507,0.6029853322642811,
05_set2_rally18_ball3_Clear.mp4,Clear,success,51.0,50.0,98.0392156862745,0.7894347656405333,0.7739556525887581,
05_set2_rally19_ball5_Clear.mp4,Clear,success,51.0,51.0,100.0,0.8508791655603082,0.8508791655603082,
05_set2_rally19_ball9_Clear.mp4,Clear,success,51.0,36.0,70.58823529411765,0.7350232823656938,0.5188399640228427,
05_set2_rally22_ball3_Clear.mp4,Clear,extraction_failed,,,,,,No poses detected in video
05_set2_rally22_ball4_Clear.mp4,Clear,success,51.0,38.0,74.50980392156863,0.7223637587816116,0.5382318202686518,
05_set2_rally22_ball5_Clear.mp4,Clear,success,51.0,51.0,100.0,0.8073773049504289,0.8073773049504289,
05_set2_rally22_ball11_Clear.mp4,Clear,success,51.0,49.0,96.07843137254902,0.8381159635849329,0.8052486708953277,
05_set2_rally23_ball3_Clear.mp4,Clear,success,51.0,49.0,96.07843137254902,0.8423819276884786,0.8093473422889305,
05_set2_rally23_ball11_Clear.mp4,Clear,success,51.0,51.0,100.0,0.9017302192397864,0.9017302192397864,
05_set2_rally23_ball12_Clear.mp4,Clear,success,51.0,51.0,100.0,0.8221051508313972,0.8221051508313972,
05_set2_rally23_ball16_Clear.mp4,Clear,success,51.0,51.0,100.0,0.9127878019197738,0.9127878019197738,
05_set2_rally24_ball3_Clear.mp4,Clear,success,51.0,14.0,27.450980392156865,0.7911284363075292,0.21717251192755704,
05_set2_rally24_ball4_Smash.mp4,Smash,success,51.0,45.0,88.23529411764706,0.6405110836742794,0.5651568385361289,
05_set2_rally24_ball8_Clear.mp4,Clear,success,51.0,7.0,13.725490196078432,0.6519684385169635,0.08948586411017147,
05_set2_rally24_ball9_Smash.mp4,Smash,extraction_failed,,,,,,No poses detected in video
05_set2_rally25_ball5_Clear.mp4,Clear,success,51.0,32.0,62.745098039215684,0.6753046697558779,0.4237205771017273,
05_set2_rally25_ball6_Smash.mp4,Smash,success,51.0,45.0,88.23529411764706,0.6576943126331258,0.5803185111468757,
05_set2_rally25_ball9_Clear.mp4,Clear,success,51.0,47.0,92.15686274509804,0.6344103231539815,0.5846526507497476,
05_set2_rally25_ball10_Clear.mp4,Clear,success,51.0,32.0,62.745098039215684,0.6017575061135885,0.3775733371693104,
05_set2_rally25_ball14_Clear.mp4,Clear,success,51.0,44.0,86.27450980392157,0.7204685524883696,0.6215807119507503,
05_set2_rally25_ball15_Clear.mp4,Clear,success,51.0,51.0,100.0,0.8340149005510872,0.8340149005510872,
05_set2_rally25_ball16_Clear.mp4,Clear,success,51.0,51.0,100.0,0.8710349849201141,0.8710349849201141,
05_set2_rally25_ball19_Clear.mp4,Clear,success,51.0,51.0,100.0,0.8094027479374543,0.8094027479374543,
05_set2_rally25_ball20_Clear.mp4,Clear,success,51.0,51.0,100.0,0.8146360367846432,0.8146360367846432,
05_set2_rally25_ball21_Smash.mp4,Smash,success,51.0,38.0,74.50980392156863,0.7120523426525864,0.5305488043293781,
05_set2_rally27_ball3_Clear.mp4,Clear,success,51.0,49.0,96.07843137254902,0.7900546003563874,0.7590720670090781,
05_set2_rally27_ball4_Clear.mp4,Clear,success,51.0,51.0,100.0,0.9021425853686467,0.9021425853686467,
05_set2_rally27_ball5_Clear.mp4,Clear,success,51.0,51.0,100.0,0.8624540167554674,0.8624540167554674,
05_set2_rally30_ball3_Clear.mp4,Clear,success,51.0,51.0,100.0,0.8057066608426192,0.8057066608426192,
05_set2_rally30_ball10_Clear.mp4,Clear,success,51.0,46.0,90.19607843137256,0.822789403256486,0.7421237754862423,
05_set2_rally31_ball3_Clear.mp4,Clear,success,51.0,28.0,54.90196078431373,0.8107146281442601,0.4450982272164566,
05_set2_rally31_ball4_Clear.mp4,Clear,success,51.0,42.0,82.35294117647058,0.6945531107245836,0.571984914714363,
05_set2_rally31_ball5_Clear.mp4,Clear,success,51.0,48.0,94.11764705882352,0.6314609627568663,0.5943162002417564,
05_set2_rally31_ball16_Clear.mp4,Clear,success,51.0,45.0,88.23529411764706,0.633722842089606,0.5591672136084759,
05_set2_rally31_ball20_Clear.mp4,Clear,success,51.0,50.0,98.0392156862745,0.7163392133361688,0.7022933464080086,
05_set2_rally31_ball21_Clear.mp4,Clear,success,51.0,46.0,90.19607843137256,0.8376112463092614,0.7554924966710985,
05_set2_rally31_ball22_Smash.mp4,Smash,success,51.0,47.0,92.15686274509804,0.719672452200923,0.6632275539890858,
05_set2_rally32_ball10_Clear.mp4,Clear,success,51.0,33.0,64.70588235294117,0.6494453704718387,0.42022935736413086,
05_set3_rally1_ball11_Smash.mp4,Smash,success,51.0,24.0,47.05882352941176,0.6774068076342823,0.3187796741808387,
05_set3_rally2_ball9_Smash.mp4,Smash,success,51.0,30.0,58.82352941176471,0.8083057898089929,0.47547399400528995,
05_set3_rally3_ball10_Clear.mp4,Clear,success,51.0,30.0,58.82352941176471,0.7648868413946844,0.44993343611452025,
05_set3_rally3_ball14_Clear.mp4,Clear,success,51.0,51.0,100.0,0.8675347195093787,0.8675347195093787,
05_set3_rally3_ball17_Smash.mp4,Smash,success,51.0,51.0,100.0,0.8651557756954195,0.8651557756954195,
05_set3_rally3_ball22_Clear.mp4,Clear,success,51.0,22.0,43.13725490196079,0.8824997449257814,0.3806861644777881,
05_set3_rally3_ball23_Clear.mp4,Clear,success,51.0,51.0,100.0,0.8067591703423276,0.8067591703423276,
05_set3_rally4_ball3_Smash.mp4,Smash,success,51.0,44.0,86.27450980392157,0.8433495090666042,0.7275956548809919,
05_set3_rally5_ball5_Smash.mp4,Smash,success,51.0,51.0,100.0,0.8403796207334622,0.8403796207334622,
05_set3_rally6_ball3_Smash.mp4,Smash,success,51.0,43.0,84.31372549019608,0.8180071790780024,0.6896923274579235,
05_set3_rally6_ball19_Clear.mp4,Clear,extraction_failed,,,,,,No poses detected in video
05_set3_rally6_ball20_Smash.mp4,Smash,success,51.0,10.0,19.607843137254903,0.7011088758255496,0.13747232859324504,
05_set3_rally6_ball30_Clear.mp4,Clear,success,51.0,47.0,92.15686274509804,0.6469468058614465,0.5962058799115291,
05_set3_rally6_ball34_Clear.mp4,Clear,success,51.0,29.0,56.86274509803921,0.6141545198180458,0.3492251191122221,
05_set3_rally6_ball35_Smash.mp4,Smash,success,51.0,26.0,50.98039215686274,0.6996597653123166,0.3566892921200045,
05_set3_rally6_ball42_Smash.mp4,Smash,success,51.0,51.0,100.0,0.6683369166647344,0.6683369166647344,
05_set3_rally10_ball11_Smash.mp4,Smash,success,51.0,44.0,86.27450980392157,0.6196020404289375,0.5345586231151618,
05_set3_rally10_ball18_Clear.mp4,Clear,success,51.0,46.0,90.19607843137256,0.6617876573117695,0.5969065144380666,
05_set3_rally11_ball3_Clear.mp4,Clear,success,51.0,51.0,100.0,0.8048147819298215,0.8048147819298215,
05_set3_rally11_ball7_Clear.mp4,Clear,success,51.0,51.0,100.0,0.8443902016695382,0.8443902016695382,
05_set3_rally12_ball4_Smash.mp4,Smash,success,51.0,51.0,100.0,0.8601231202261829,0.8601231202261829,
05_set3_rally12_ball7_Smash.mp4,Smash,success,51.0,6.0,11.76470588235294,0.7776649949526546,0.09148999940619465,
05_set3_rally13_ball5_Smash.mp4,Smash,success,51.0,24.0,47.05882352941176,0.8054292698513077,0.3790255387535565,
05_set3_rally14_ball11_Smash.mp4,Smash,success,51.0,49.0,96.07843137254902,0.7616772582227033,0.731807561821813,
05_set3_rally15_ball12_Smash.mp4,Smash,success,51.0,39.0,76.47058823529412,0.7259263536394245,0.5551201527830892,
05_set3_rally17_ball12_Clear.mp4,Clear,success,51.0,49.0,96.07843137254902,0.8846311835352108,0.8499397645730457,
05_set3_rally17_ball13_Smash.mp4,Smash,success,51.0,40.0,78.43137254901961,0.8681780678982085,0.6809239748221244,
05_set3_rally17_ball18_Clear.mp4,Clear,success,51.0,51.0,100.0,0.867311019390662,0.867311019390662,
05_set3_rally18_ball4_Smash.mp4,Smash,success,51.0,51.0,100.0,0.8768323584549922,0.8768323584549922,
05_set3_rally18_ball8_Clear.mp4,Clear,success,51.0,6.0,11.76470588235294,0.8183866481889379,0.09628078213987504,
05_set3_rally19_ball4_Smash.mp4,Smash,success,51.0,46.0,90.19607843137256,0.8208347332892175,0.7403607398294904,
05_set3_rally22_ball5_Smash.mp4,Smash,success,51.0,43.0,84.31372549019608,0.8809213389952978,0.742737599545055,
05_set3_rally25_ball5_Smash.mp4,Smash,success,51.0,51.0,100.0,0.8135277218430507,0.8135277218430507,
05_set3_rally26_ball7_Smash.mp4,Smash,success,51.0,50.0,98.0392156862745,0.7557694474799614,0.7409504387058445,
05_set3_rally27_ball5_Smash.mp4,Smash,success,51.0,51.0,100.0,0.8168205924495939,0.8168205924495939,
05_set3_rally27_ball11_Smash.mp4,Smash,success,51.0,49.0,96.07843137254902,0.7992960498815123,0.767951106748904,
05_set3_rally27_ball17_Clear.mp4,Clear,success,51.0,51.0,100.0,0.7997591867290361,0.7997591867290361,
05_set3_rally27_ball21_Smash.mp4,Smash,success,51.0,51.0,100.0,0.8125750877038397,0.8125750877038397,
05_set3_rally27_ball28_Clear.mp4,Clear,success,51.0,50.0,98.0392156862745,0.8854562710541668,0.868094383386438,
05_set3_rally27_ball29_Smash.mp4,Smash,success,51.0,46.0,90.19607843137256,0.8018090746295548,0.7232003418227356,
05_set3_rally29_ball3_Smash.mp4,Smash,success,51.0,51.0,100.0,0.8668767573645053,0.8668767573645053,
05_set3_rally31_ball3_Clear.mp4,Clear,success,51.0,50.0,98.0392156862745,0.8178748275836308,0.8018380662584615,
05_set3_rally31_ball7_Clear.mp4,Clear,success,51.0,50.0,98.0392156862745,0.8313130428213061,0.8150127870797118,
05_set3_rally31_ball8_Smash.mp4,Smash,success,51.0,51.0,100.0,0.8768833295104054,0.8768833295104054,
05_set3_rally32_ball3_Clear.mp4,Clear,success,51.0,48.0,94.11764705882352,0.8905125323476063,0.8381294422095117,
05_set3_rally32_ball4_Clear.mp4,Clear,success,51.0,51.0,100.0,0.8296250836238647,0.8296250836238647,
05_set3_rally32_ball5_Clear.mp4,Clear,success,51.0,51.0,100.0,0.8958964280372425,0.8958964280372425,
05_set3_rally33_ball3_Clear.mp4,Clear,success,51.0,49.0,96.07843137254902,0.8414738959066649,0.8084749195965996,
05_set3_rally33_ball7_Clear.mp4,Clear,success,51.0,49.0,96.07843137254902,0.8500549838398441,0.8167194942774973,
05_set3_rally33_ball8_Smash.mp4,Smash,success,51.0,51.0,100.0,0.8778582362904125,0.8778582362904125,
05_set3_rally34_ball10_Smash.mp4,Smash,success,51.0,51.0,100.0,0.8186425641798859,0.8186425641798859,
05_set3_rally35_ball3_Clear.mp4,Clear,success,51.0,51.0,100.0,0.8257772867754323,0.8257772867754323,
05_set3_rally35_ball4_Smash.mp4,Smash,success,51.0,50.0,98.0392156862745,0.8045503184881461,0.788774822047202,
05_set3_rally36_ball12_Clear.mp4,Clear,success,51.0,51.0,100.0,0.8334013674401559,0.8334013674401559,
05_set3_rally37_ball3_Clear.mp4,Clear,success,51.0,50.0,98.0392156862745,0.8401799077558606,0.8237057919175104,
05_set3_rally37_ball10_Clear.mp4,Clear,success,51.0,44.0,86.27450980392157,0.7603073803506373,0.6559514654005498,
05_set3_rally37_ball11_Clear.mp4,Clear,success,51.0,51.0,100.0,0.8257076078433757,0.8257076078433757,
05_set3_rally37_ball18_Clear.mp4,Clear,success,51.0,23.0,45.09803921568628,0.8660147070138663,0.39055565218272403,
05_set3_rally37_ball19_Smash.mp4,Smash,success,51.0,51.0,100.0,0.8380233491557876,0.8380233491557876,
06_set1_rally1_ball3_Clear.mp4,Clear,success,51.0,51.0,100.0,0.8743588391047322,0.8743588391047322,
06_set1_rally1_ball4_Clear.mp4,Clear,success,51.0,45.0,88.23529411764706,0.6476958563108308,0.5714963438036742,
06_set1_rally1_ball5_Clear.mp4,Clear,success,51.0,51.0,100.0,0.5999164040879539,0.5999164040879539,
06_set1_rally2_ball6_Clear.mp4,Clear,success,51.0,51.0,100.0,0.574655499581704,0.574655499581704,
06_set1_rally2_ball11_Smash.mp4,Smash,success,51.0,51.0,100.0,0.5412158873445321,0.5412158873445321,
06_set1_rally3_ball2_Clear.mp4,Clear,success,51.0,51.0,100.0,0.5576978662543304,0.5576978662543304,
06_set1_rally4_ball3_Clear.mp4,Clear,success,51.0,51.0,100.0,0.5881874543459465,0.5881874543459465,
06_set1_rally4_ball6_Smash.mp4,Smash,success,51.0,51.0,100.0,0.60065194333026,0.60065194333026,
06_set1_rally4_ball13_Smash.mp4,Smash,success,51.0,51.0,100.0,0.5954988434967219,0.5954988434967219,
06_set1_rally4_ball17_Clear.mp4,Clear,success,51.0,51.0,100.0,0.5642274728143645,0.5642274728143645,
06_set1_rally4_ball21_Clear.mp4,Clear,success,51.0,51.0,100.0,0.5640731157791434,0.5640731157791434,
06_set1_rally4_ball22_Clear.mp4,Clear,success,51.0,50.0,98.0392156862745,0.5234251035501081,0.5131618662255961,
06_set1_rally4_ball23_Smash.mp4,Smash,success,51.0,51.0,100.0,0.5639632427295255,0.5639632427295255,
06_set1_rally4_ball29_Clear.mp4,Clear,success,51.0,51.0,100.0,0.6001146857848637,0.6001146857848637,
06_set1_rally4_ball30_Smash.mp4,Smash,success,51.0,51.0,100.0,0.6066459971959843,0.6066459971959843,
06_set1_rally5_ball2_Clear.mp4,Clear,success,51.0,51.0,100.0,0.5740116396636673,0.5740116396636673,
06_set1_rally5_ball11_Clear.mp4,Clear,success,51.0,51.0,100.0,0.5601364661538428,0.5601364661538428,
06_set1_rally5_ball12_Smash.mp4,Smash,success,51.0,51.0,100.0,0.570960035129417,0.570960035129417,
06_set1_rally5_ball18_Clear.mp4,Clear,success,51.0,50.0,98.0392156862745,0.6114331143778382,0.5994442297821942,
06_set1_rally6_ball2_Smash.mp4,Smash,success,51.0,50.0,98.0392156862745,0.5948519175401842,0.5831881544511609,
06_set1_rally8_ball4_Smash.mp4,Smash,success,51.0,50.0,98.0392156862745,0.5739547086645773,0.5627006947691934,
06_set1_rally9_ball2_Clear.mp4,Clear,success,51.0,51.0,100.0,0.5549099731002363,0.5549099731002363,
06_set1_rally10_ball3_Clear.mp4,Clear,success,51.0,51.0,100.0,0.5469330193877359,0.5469330193877359,
06_set1_rally10_ball4_Smash.mp4,Smash,success,51.0,43.0,84.31372549019608,0.5520671093042276,0.4654683470604272,
06_set1_rally10_ball11_Clear.mp4,Clear,success,51.0,51.0,100.0,0.5520909149683527,0.5520909149683527,
06_set1_rally10_ball23_Clear.mp4,Clear,success,51.0,51.0,100.0,0.5764350362776346,0.5764350362776346,
06_set1_rally11_ball3_Smash.mp4,Smash,success,51.0,51.0,100.0,0.5588349878778178,0.5588349878778178,
06_set1_rally11_ball8_Smash.mp4,Smash,success,51.0,51.0,100.0,0.5583231433156923,0.5583231433156923,
06_set1_rally12_ball3_Clear.mp4,Clear,success,51.0,51.0,100.0,0.6015161105696901,0.6015161105696901,
06_set1_rally15_ball16_Smash.mp4,Smash,success,51.0,49.0,96.07843137254902,0.5823831057644723,0.5595445525972381,
06_set1_rally15_ball24_Clear.mp4,Clear,success,51.0,51.0,100.0,0.5321565521257751,0.5321565521257751,
06_set1_rally15_ball33_Smash.mp4,Smash,success,51.0,51.0,100.0,0.5650198875420168,0.5650198875420168,
06_set1_rally16_ball9_Smash.mp4,Smash,success,51.0,51.0,100.0,0.538391144006993,0.538391144006993,
06_set1_rally17_ball2_Smash.mp4,Smash,success,51.0,51.0,100.0,0.575912690256119,0.575912690256119,
06_set1_rally18_ball3_Clear.mp4,Clear,success,51.0,51.0,100.0,0.5398739802532083,0.5398739802532083,
06_set1_rally18_ball7_Clear.mp4,Clear,success,51.0,51.0,100.0,0.5435298747077044,0.5435298747077044,
06_set1_rally18_ball14_Smash.mp4,Smash,success,51.0,51.0,100.0,0.5436766035431487,0.5436766035431487,
06_set1_rally18_ball17_Clear.mp4,Clear,success,51.0,51.0,100.0,0.5512383537837351,0.5512383537837351,
06_set1_rally18_ball18_Clear.mp4,Clear,success,51.0,50.0,98.0392156862745,0.5737616475902437,0.5625114192061212,
06_set1_rally18_ball30_Smash.mp4,Smash,success,51.0,49.0,96.07843137254902,0.5489685343841043,0.5274403565651199,
06_set1_rally19_ball14_Clear.mp4,Clear,success,51.0,51.0,100.0,0.5925792352744826,0.5925792352744826,
06_set1_rally22_ball13_Clear.mp4,Clear,success,51.0,51.0,100.0,0.5715894146223973,0.5715894146223973,
06_set1_rally22_ball29_Smash.mp4,Smash,success,51.0,51.0,100.0,0.5680201818398214,0.5680201818398214,
06_set1_rally22_ball33_Smash.mp4,Smash,success,51.0,51.0,100.0,0.5687998662549455,0.5687998662549455,
06_set1_rally23_ball8_Smash.mp4,Smash,success,51.0,50.0,98.0392156862745,0.5610668843894294,0.5500655729308132,
06_set1_rally25_ball10_Clear.mp4,Clear,success,51.0,51.0,100.0,0.589620056571917,0.589620056571917,
06_set1_rally25_ball19_Clear.mp4,Clear,success,51.0,51.0,100.0,0.5573357238931735,0.5573357238931735,
06_set1_rally26_ball5_Smash.mp4,Smash,success,51.0,51.0,100.0,0.5310836378429897,0.5310836378429897,
06_set1_rally27_ball12_Smash.mp4,Smash,success,51.0,51.0,100.0,0.5497249983809745,0.5497249983809745,
06_set1_rally28_ball4_Smash.mp4,Smash,success,51.0,51.0,100.0,0.5584705929157504,0.5584705929157504,
06_set1_rally31_ball3_Smash.mp4,Smash,success,51.0,50.0,98.0392156862745,0.594322099133566,0.582668724640751,
06_set1_rally32_ball3_Clear.mp4,Clear,success,51.0,51.0,100.0,0.5449029768601865,0.5449029768601865,
06_set1_rally32_ball4_Clear.mp4,Clear,success,51.0,51.0,100.0,0.5530974300642744,0.5530974300642744,
06_set1_rally32_ball5_Smash.mp4,Smash,success,51.0,51.0,100.0,0.6029376418915872,0.6029376418915872,
06_set1_rally33_ball4_Clear.mp4,Clear,success,51.0,50.0,98.0392156862745,0.5477853970269764,0.5370445068891925,
06_set1_rally33_ball5_Smash.mp4,Smash,success,51.0,50.0,98.0392156862745,0.5741942244318693,0.5629355141488914,
06_set1_rally33_ball8_Clear.mp4,Clear,success,51.0,51.0,100.0,0.5631515255002298,0.5631515255002298,
06_set1_rally33_ball9_Smash.mp4,Smash,success,51.0,51.0,100.0,0.5700952125557178,0.5700952125557178,
06_set1_rally33_ball14_Smash.mp4,Smash,success,51.0,51.0,100.0,0.6089681059280128,0.6089681059280128,
06_set1_rally34_ball16_Clear.mp4,Clear,success,51.0,51.0,100.0,0.5819018396592642,0.5819018396592642,
06_set1_rally34_ball17_Smash.mp4,Smash,success,51.0,51.0,100.0,0.5701707273879738,0.5701707273879738,
06_set1_rally34_ball26_Clear.mp4,Clear,success,51.0,51.0,100.0,0.5555895181751742,0.5555895181751742,
06_set1_rally35_ball8_Smash.mp4,Smash,success,51.0,47.0,92.15686274509804,0.5499656759030694,0.5068311130871423,
06_set1_rally36_ball4_Smash.mp4,Smash,success,51.0,49.0,96.07843137254902,0.5805180859034933,0.557752670770023,
06_set1_rally38_ball4_Clear.mp4,Clear,success,51.0,51.0,100.0,0.5575527882397332,0.5575527882397332,
06_set1_rally39_ball9_Clear.mp4,Clear,success,51.0,48.0,94.11764705882352,0.534627275694836,0.5031786124186691,
06_set1_rally39_ball10_Clear.mp4,Clear,success,51.0,51.0,100.0,0.5453312333503908,0.5453312333503908,
06_set1_rally39_ball11_Clear.mp4,Clear,success,51.0,51.0,100.0,0.5288654036242955,0.5288654036242955,
06_set1_rally40_ball5_Smash.mp4,Smash,success,51.0,50.0,98.0392156862745,0.5871356101800698,0.5756231472353625,
06_set1_rally40_ball9_Smash.mp4,Smash,success,51.0,51.0,100.0,0.5879799787814318,0.5879799787814318,
06_set2_rally2_ball8_Clear.mp4,Clear,success,51.0,50.0,98.0392156862745,0.5570618569926948,0.5461390754830341,
06_set2_rally2_ball9_Smash.mp4,Smash,success,51.0,50.0,98.0392156862745,0.6017093185088007,0.5899110965772556,
06_set2_rally3_ball20_Smash.mp4,Smash,success,51.0,51.0,100.0,0.581102381265324,0.581102381265324,
06_set2_rally4_ball18_Smash.mp4,Smash,success,51.0,51.0,100.0,0.5504485602367012,0.5504485602367012,
06_set2_rally5_ball10_Smash.mp4,Smash,success,51.0,51.0,100.0,0.5824207557807212,0.5824207557807212,
06_set2_rally6_ball4_Clear.mp4,Clear,success,51.0,47.0,92.15686274509804,0.5351823907881749,0.4932073013145925,
06_set2_rally6_ball5_Smash.mp4,Smash,success,51.0,35.0,68.62745098039215,0.553275144678521,0.3796986287009458,
06_set2_rally10_ball17_Clear.mp4,Clear,success,51.0,51.0,100.0,0.5763899160353151,0.5763899160353151,
06_set2_rally10_ball29_Clear.mp4,Clear,success,51.0,50.0,98.0392156862745,0.5684436141414151,0.557297660922956,
06_set2_rally10_ball35_Clear.mp4,Clear,success,51.0,51.0,100.0,0.5538019718456733,0.5538019718456733,
06_set2_rally10_ball36_Smash.mp4,Smash,success,51.0,51.0,100.0,0.5298370922239538,0.5298370922239538,
06_set2_rally13_ball7_Clear.mp4,Clear,success,51.0,51.0,100.0,0.5345924252271652,0.5345924252271652,
06_set2_rally14_ball2_Smash.mp4,Smash,success,51.0,51.0,100.0,0.5726711798169009,0.5726711798169009,
06_set2_rally14_ball6_Clear.mp4,Clear,success,51.0,51.0,100.0,0.5621842639448825,0.5621842639448825,
06_set2_rally14_ball10_Smash.mp4,Smash,success,51.0,51.0,100.0,0.5480655822960513,0.5480655822960513,
06_set2_rally15_ball3_Clear.mp4,Clear,success,51.0,51.0,100.0,0.5526396972481754,0.5526396972481754,
06_set2_rally15_ball4_Clear.mp4,Clear,success,51.0,51.0,100.0,0.5488106938721384,0.5488106938721384,
06_set2_rally15_ball5_Clear.mp4,Clear,success,51.0,51.0,100.0,0.7035798953946714,0.7035798953946714,
06_set2_rally16_ball3_Smash.mp4,Smash,success,51.0,51.0,100.0,0.5601400756075988,0.5601400756075988,
06_set2_rally19_ball3_Clear.mp4,Clear,success,51.0,48.0,94.11764705882352,0.5434655534230511,0.5114969914569892,
06_set2_rally19_ball4_Clear.mp4,Clear,success,51.0,51.0,100.0,0.5006751661342553,0.5006751661342553,
06_set2_rally20_ball3_Clear.mp4,Clear,success,51.0,51.0,100.0,0.5081819739296205,0.5081819739296205,
06_set2_rally20_ball4_Clear.mp4,Clear,success,51.0,48.0,94.11764705882352,0.5452943139333668,0.5132181778196393,
06_set2_rally21_ball3_Clear.mp4,Clear,success,51.0,50.0,98.0392156862745,0.536959484828619,0.5264308674790382,
06_set2_rally21_ball4_Smash.mp4,Smash,success,51.0,50.0,98.0392156862745,0.5353587397949809,0.5248615096029224,
06_set2_rally21_ball7_Smash.mp4,Smash,success,51.0,47.0,92.15686274509804,0.5345628873524384,0.4926363863836197,
06_set2_rally21_ball12_Clear.mp4,Clear,success,51.0,51.0,100.0,0.528279561609999,0.528279561609999,
06_set2_rally21_ball17_Smash.mp4,Smash,success,51.0,51.0,100.0,0.5280085982491421,0.5280085982491421,
06_set2_rally21_ball20_Clear.mp4,Clear,success,51.0,49.0,96.07843137254902,0.5176550892822436,0.49735488970254776,
06_set2_rally21_ball25_Clear.mp4,Clear,success,51.0,51.0,100.0,0.5978198724231285,0.5978198724231285,
06_set2_rally22_ball3_Clear.mp4,Clear,success,51.0,50.0,98.0392156862745,0.5434539876572524,0.5327980271149533,
06_set2_rally24_ball4_Clear.mp4,Clear,success,51.0,51.0,100.0,0.5508653221256805,0.5508653221256805,
06_set2_rally25_ball8_Clear.mp4,Clear,success,51.0,51.0,100.0,0.5351481520119264,0.5351481520119264,
06_set2_rally27_ball3_Clear.mp4,Clear,success,51.0,51.0,100.0,0.5669339020848548,0.5669339020848548,
06_set2_rally27_ball7_Clear.mp4,Clear,success,51.0,48.0,94.11764705882352,0.556710499270267,0.5239628228426041,
06_set2_rally29_ball14_Clear.mp4,Clear,success,51.0,51.0,100.0,0.5929193910905463,0.5929193910905463,
06_set2_rally30_ball7_Smash.mp4,Smash,success,51.0,51.0,100.0,0.57922228154811,0.57922228154811,
06_set2_rally31_ball13_Clear.mp4,Clear,success,51.0,49.0,96.07843137254902,0.5864044971307835,0.563408242341341,
06_set2_rally32_ball3_Clear.mp4,Clear,success,51.0,49.0,96.07843137254902,0.5477183796411642,0.5262392274983735,
06_set2_rally32_ball4_Clear.mp4,Clear,success,51.0,47.0,92.15686274509804,0.517895551916892,0.47727629294301804,
06_set2_rally32_ball8_Clear.mp4,Clear,success,51.0,50.0,98.0392156862745,0.528287637389103,0.5179290562638265,
06_set2_rally33_ball3_Clear.mp4,Clear,success,51.0,51.0,100.0,0.5281017177258477,0.5281017177258477,
06_set2_rally35_ball3_Clear.mp4,Clear,success,51.0,46.0,90.19607843137256,0.5224508256387648,0.4712301564584937,
06_set2_rally35_ball8_Smash.mp4,Smash,success,51.0,49.0,96.07843137254902,0.5344154550109332,0.5134579861869751,
06_set3_rally1_ball9_Clear.mp4,Clear,success,51.0,29.0,56.86274509803921,0.5362272334227152,0.30491352488742623,
06_set3_rally1_ball10_Clear.mp4,Clear,success,51.0,50.0,98.0392156862745,0.5438045388082499,0.5331417047139704,
06_set3_rally1_ball11_Clear.mp4,Clear,success,51.0,51.0,100.0,0.5961081154787083,0.5961081154787083,
06_set3_rally1_ball24_Smash.mp4,Smash,success,51.0,51.0,100.0,0.5739389476277738,0.5739389476277738,
06_set3_rally1_ball28_Clear.mp4,Clear,success,51.0,48.0,94.11764705882352,0.5587455482419694,0.5258781630512652,
06_set3_rally1_ball29_Smash.mp4,Smash,success,51.0,51.0,100.0,0.5684659621269375,0.5684659621269375,
06_set3_rally2_ball11_Smash.mp4,Smash,success,51.0,51.0,100.0,0.5514389916957254,0.5514389916957254,
06_set3_rally5_ball5_Clear.mp4,Clear,success,51.0,51.0,100.0,0.5869040889463899,0.5869040889463899,
06_set3_rally6_ball5_Clear.mp4,Clear,success,51.0,51.0,100.0,0.5450582118479139,0.5450582118479139,
06_set3_rally6_ball6_Smash.mp4,Smash,success,51.0,44.0,86.27450980392157,0.5265214149404577,0.4542537697525517,
06_set3_rally9_ball3_Smash.mp4,Smash,success,51.0,50.0,98.0392156862745,0.5361338524335576,0.5256214239544682,
06_set3_rally11_ball4_Clear.mp4,Clear,success,51.0,50.0,98.0392156862745,0.5522460295269987,0.5414176760068615,
06_set3_rally11_ball14_Smash.mp4,Smash,success,51.0,51.0,100.0,0.514806900232083,0.514806900232083,
06_set3_rally12_ball5_Smash.mp4,Smash,success,51.0,51.0,100.0,0.5257106831909306,0.5257106831909306,
06_set3_rally13_ball5_Smash.mp4,Smash,success,51.0,51.0,100.0,0.5462180718184839,0.5462180718184839,
06_set3_rally13_ball20_Smash.mp4,Smash,success,51.0,51.0,100.0,0.5682721640637993,0.5682721640637993,
06_set3_rally13_ball24_Smash.mp4,Smash,success,51.0,45.0,88.23529411764706,0.49227567821465157,0.4343608925423396,
06_set3_rally13_ball38_Clear.mp4,Clear,success,51.0,27.0,52.94117647058824,0.5810071039196484,0.307591996192755,
06_set3_rally13_ball42_Smash.mp4,Smash,success,51.0,51.0,100.0,0.5740008264215607,0.5740008264215607,
06_set3_rally17_ball3_Clear.mp4,Clear,success,51.0,51.0,100.0,0.5472340219672405,0.5472340219672405,
06_set3_rally17_ball7_Smash.mp4,Smash,success,51.0,51.0,100.0,0.5506130969755028,0.5506130969755028,
06_set3_rally18_ball9_Smash.mp4,Smash,success,51.0,51.0,100.0,0.5312410081076573,0.5312410081076573,
06_set3_rally18_ball13_Clear.mp4,Clear,success,51.0,51.0,100.0,0.5704287813901149,0.5704287813901149,
06_set3_rally18_ball14_Smash.mp4,Smash,success,51.0,51.0,100.0,0.5819206312206623,0.5819206312206623,
06_set3_rally18_ball26_Clear.mp4,Clear,success,51.0,51.0,100.0,0.5712181331896385,0.5712181331896385,
06_set3_rally19_ball3_Clear.mp4,Clear,success,51.0,50.0,98.0392156862745,0.5510658511158192,0.5402606383488423,
06_set3_rally19_ball4_Smash.mp4,Smash,success,51.0,47.0,92.15686274509804,0.5600887420828696,0.5161602132920563,
06_set3_rally20_ball7_Smash.mp4,Smash,extraction_failed,,,,,,No poses detected in video
06_set3_rally21_ball17_Clear.mp4,Clear,success,51.0,42.0,82.35294117647058,0.5605551246228678,0.46163363204236174,
06_set3_rally22_ball18_Clear.mp4,Clear,success,51.0,51.0,100.0,0.5601777458267118,0.5601777458267118,
06_set3_rally22_ball23_Clear.mp4,Clear,success,51.0,51.0,100.0,0.5440649842515558,0.5440649842515558,
06_set3_rally22_ball24_Smash.mp4,Smash,success,51.0,51.0,100.0,0.5419309039707437,0.5419309039707437,
06_set3_rally23_ball4_Smash.mp4,Smash,success,51.0,51.0,100.0,0.5375135326287662,0.5375135326287662,
06_set3_rally23_ball7_Clear.mp4,Clear,success,51.0,51.0,100.0,0.5652888109681733,0.5652888109681733,
06_set3_rally23_ball8_Smash.mp4,Smash,success,51.0,51.0,100.0,0.5533267628514406,0.5533267628514406,
06_set3_rally23_ball33_Smash.mp4,Smash,success,51.0,51.0,100.0,0.5563713972734153,0.5563713972734153,
06_set3_rally23_ball37_Clear.mp4,Clear,success,51.0,51.0,100.0,0.5423671786362926,0.5423671786362926,
06_set3_rally23_ball45_Clear.mp4,Clear,success,51.0,51.0,100.0,0.5486732765530065,0.5486732765530065,
06_set3_rally24_ball3_Clear.mp4,Clear,success,51.0,47.0,92.15686274509804,0.5885928148812981,0.5424286725376668,
06_set3_rally24_ball4_Smash.mp4,Smash,success,51.0,43.0,84.31372549019608,0.5705962585605155,0.4810909631000425,
06_set3_rally24_ball9_Smash.mp4,Smash,success,51.0,50.0,98.0392156862745,0.5438247256597719,0.5331614957448744,
06_set3_rally27_ball7_Smash.mp4,Smash,success,51.0,51.0,100.0,0.5567334424569923,0.5567334424569923,
06_set3_rally28_ball4_Clear.mp4,Clear,success,51.0,50.0,98.0392156862745,0.5591206853994818,0.5481575347053743,
06_set3_rally28_ball5_Smash.mp4,Smash,success,51.0,27.0,52.94117647058824,0.5408423880510258,0.28632832308583717,
06_set3_rally29_ball9_Smash.mp4,Smash,success,51.0,51.0,100.0,0.5632527685602723,0.5632527685602723,
06_set3_rally30_ball10_Smash.mp4,Smash,success,51.0,51.0,100.0,0.5497043172890277,0.5497043172890277,
06_set3_rally33_ball6_Smash.mp4,Smash,success,51.0,50.0,98.0392156862745,0.5847600787219088,0.5732941948254008,
06_set3_rally33_ball11_Clear.mp4,Clear,success,51.0,49.0,96.07843137254902,0.5627531219658545,0.5406843720848405,
06_set3_rally34_ball3_Clear.mp4,Clear,success,51.0,51.0,100.0,0.551954771177974,0.551954771177974,
06_set3_rally34_ball4_Smash.mp4,Smash,success,51.0,50.0,98.0392156862745,0.5080821241631552,0.4981197295717208,
06_set3_rally35_ball6_Smash.mp4,Smash,success,51.0,48.0,94.11764705882352,0.5354634838975239,0.5039656319035518,
06_set3_rally35_ball11_Clear.mp4,Clear,success,51.0,51.0,100.0,0.5615692529919242,0.5615692529919242,
06_set3_rally35_ball12_Smash.mp4,Smash,success,51.0,51.0,100.0,0.5468866129348127,0.5468866129348127,
07_set1_rally1_ball3_Smash.mp4,Smash,success,51.0,51.0,100.0,0.6203774285792006,0.6203774285792006,
07_set1_rally1_ball8_Smash.mp4,Smash,success,51.0,47.0,92.15686274509804,0.574202377250962,0.5291668966822591,
07_set1_rally1_ball14_Smash.mp4,Smash,success,51.0,51.0,100.0,0.5239825143960382,0.5239825143960382,
07_set1_rally2_ball2_Smash.mp4,Smash,success,51.0,51.0,100.0,0.6946588214406388,0.6946588214406388,
07_set1_rally3_ball3_Clear.mp4,Clear,success,51.0,51.0,100.0,0.9058886388193902,0.9058886388193902,
07_set1_rally3_ball8_Smash.mp4,Smash,success,51.0,50.0,98.0392156862745,0.5792075236299724,0.5678505133627181,
07_set1_rally3_ball14_Clear.mp4,Clear,success,51.0,51.0,100.0,0.5349482333966245,0.5349482333966245,
07_set1_rally3_ball25_Smash.mp4,Smash,success,51.0,51.0,100.0,0.8794176213031574,0.8794176213031574,
07_set1_rally4_ball3_Clear.mp4,Clear,success,51.0,50.0,98.0392156862745,0.63622648207812,0.6237514530177647,
07_set1_rally4_ball4_Clear.mp4,Clear,success,51.0,50.0,98.0392156862745,0.5327713529596274,0.522324855842772,
07_set1_rally4_ball5_Clear.mp4,Clear,success,51.0,51.0,100.0,0.5720647454350679,0.5720647454350679,
07_set1_rally4_ball11_Smash.mp4,Smash,success,51.0,51.0,100.0,0.7868267410260996,0.7868267410260996,
07_set1_rally5_ball4_Smash.mp4,Smash,success,51.0,39.0,76.47058823529412,0.8135995856994978,0.6221643890643218,
07_set1_rally5_ball6_Smash.mp4,Smash,success,51.0,51.0,100.0,0.8413067346818377,0.8413067346818377,
07_set1_rally5_ball9_Clear.mp4,Clear,success,51.0,51.0,100.0,0.8394495253044442,0.8394495253044442,
07_set1_rally6_ball3_Clear.mp4,Clear,success,51.0,26.0,50.98039215686274,0.7017992050766876,0.3577799869018407,
07_set1_rally6_ball10_Clear.mp4,Clear,success,51.0,51.0,100.0,0.5159655407423748,0.5159655407423748,
07_set1_rally6_ball11_Smash.mp4,Smash,success,51.0,50.0,98.0392156862745,0.45913932671869234,0.4501365948222474,
07_set1_rally7_ball4_Clear.mp4,Clear,success,51.0,48.0,94.11764705882352,0.5278124901638931,0.49676469662484046,
07_set1_rally9_ball5_Smash.mp4,Smash,success,51.0,51.0,100.0,0.5363076767141018,0.5363076767141018,
07_set1_rally10_ball3_Clear.mp4,Clear,success,51.0,51.0,100.0,0.5697755401373201,0.5697755401373201,
07_set1_rally10_ball4_Clear.mp4,Clear,success,51.0,51.0,100.0,0.8305310655570378,0.8305310655570378,
07_set1_rally11_ball3_Smash.mp4,Smash,success,51.0,51.0,100.0,0.8797970484816029,0.8797970484816029,
07_set1_rally11_ball10_Smash.mp4,Smash,success,51.0,51.0,100.0,0.8971208060205654,0.8971208060205654,
07_set1_rally11_ball20_Smash.mp4,Smash,success,51.0,45.0,88.23529411764706,0.599658140024603,0.5291101235511203,
07_set1_rally11_ball28_Clear.mp4,Clear,success,51.0,51.0,100.0,0.6852670938845302,0.6852670938845302,
07_set1_rally12_ball2_Smash.mp4,Smash,success,51.0,30.0,58.82352941176471,0.7810727224807548,0.4594545426357381,
07_set1_rally13_ball6_Clear.mp4,Clear,success,51.0,51.0,100.0,0.8217078829300383,0.8217078829300383,
07_set1_rally13_ball11_Clear.mp4,Clear,success,51.0,47.0,92.15686274509804,0.8603358507963397,0.7928585291652541,
07_set1_rally13_ball19_Smash.mp4,Smash,success,51.0,51.0,100.0,0.8291417204565189,0.8291417204565189,
07_set1_rally13_ball28_Smash.mp4,Smash,success,51.0,50.0,98.0392156862745,0.567061855395635,0.5559429954859166,
07_set1_rally13_ball31_Clear.mp4,Clear,success,51.0,51.0,100.0,0.7475397476924478,0.7475397476924478,
07_set1_rally13_ball32_Clear.mp4,Clear,success,51.0,51.0,100.0,0.8945652745659693,0.8945652745659693,
07_set1_rally13_ball33_Clear.mp4,Clear,success,51.0,50.0,98.0392156862745,0.6126839672756202,0.6006705561525688,
07_set1_rally13_ball34_Smash.mp4,Smash,success,51.0,51.0,100.0,0.5405331847350339,0.5405331847350339,
07_set1_rally14_ball24_Clear.mp4,Clear,success,51.0,51.0,100.0,0.5603491501407881,0.5603491501407881,
07_set1_rally14_ball25_Smash.mp4,Smash,success,51.0,51.0,100.0,0.7183984076074654,0.7183984076074654,
07_set1_rally14_ball28_Clear.mp4,Clear,success,51.0,51.0,100.0,0.8653259102921366,0.8653259102921366,
07_set1_rally14_ball29_Clear.mp4,Clear,success,51.0,51.0,100.0,0.8907495145102166,0.8907495145102166,
07_set1_rally14_ball33_Clear.mp4,Clear,success,51.0,49.0,96.07843137254902,0.5961523046466506,0.5727737828958016,
07_set1_rally14_ball37_Clear.mp4,Clear,success,51.0,51.0,100.0,0.637642511316141,0.637642511316141,
07_set1_rally14_ball45_Clear.mp4,Clear,success,51.0,51.0,100.0,0.896131754886587,0.896131754886587,
07_set1_rally15_ball5_Clear.mp4,Clear,success,51.0,51.0,100.0,0.8651690249083939,0.8651690249083939,
07_set1_rally15_ball20_Smash.mp4,Smash,success,51.0,51.0,100.0,0.9075112822894461,0.9075112822894461,
07_set1_rally16_ball3_Smash.mp4,Smash,success,51.0,51.0,100.0,0.8910739344435852,0.8910739344435852,
07_set1_rally16_ball9_Smash.mp4,Smash,success,51.0,47.0,92.15686274509804,0.5775432776357875,0.5322457656643531,
07_set1_rally18_ball5_Smash.mp4,Smash,success,51.0,51.0,100.0,0.7412731649175567,0.7412731649175567,
07_set1_rally19_ball7_Clear.mp4,Clear,success,51.0,47.0,92.15686274509804,0.804034611492446,0.7409730733361757,
07_set1_rally19_ball8_Smash.mp4,Smash,success,51.0,51.0,100.0,0.9663008866888103,0.9663008866888103,
07_set1_rally19_ball11_Clear.mp4,Clear,success,51.0,51.0,100.0,0.9106447608589204,0.9106447608589204,
07_set1_rally19_ball14_Smash.mp4,Smash,success,51.0,51.0,100.0,0.884482175572175,0.884482175572175,
07_set1_rally19_ball16_Clear.mp4,Clear,success,51.0,51.0,100.0,0.9199407108557486,0.9199407108557486,
07_set1_rally19_ball17_Clear.mp4,Clear,success,51.0,51.0,100.0,0.9422958546710454,0.9422958546710454,
07_set1_rally19_ball20_Smash.mp4,Smash,success,51.0,51.0,100.0,0.9030677838404831,0.9030677838404831,
07_set1_rally19_ball23_Clear.mp4,Clear,success,51.0,50.0,98.0392156862745,0.5994937371053366,0.5877389579464084,
07_set1_rally20_ball6_Smash.mp4,Smash,success,51.0,51.0,100.0,0.551208911803551,0.551208911803551,
07_set1_rally21_ball13_Smash.mp4,Smash,success,51.0,51.0,100.0,0.5071681326172404,0.5071681326172404,
07_set1_rally22_ball5_Smash.mp4,Smash,success,51.0,51.0,100.0,0.7051715925834291,0.7051715925834291,
07_set1_rally22_ball14_Smash.mp4,Smash,success,51.0,51.0,100.0,0.8922276060034388,0.8922276060034388,
07_set1_rally23_ball3_Smash.mp4,Smash,success,51.0,49.0,96.07843137254902,0.6641871361038891,0.6381405817468739,
07_set1_rally24_ball3_Clear.mp4,Clear,success,51.0,51.0,100.0,0.5832450923866682,0.5832450923866682,
07_set1_rally25_ball3_Smash.mp4,Smash,success,51.0,51.0,100.0,0.5175235466951704,0.5175235466951704,
07_set1_rally26_ball4_Smash.mp4,Smash,success,51.0,51.0,100.0,0.5814803251336244,0.5814803251336244,
07_set1_rally26_ball8_Smash.mp4,Smash,success,51.0,51.0,100.0,0.5232958386083446,0.5232958386083446,
07_set1_rally26_ball10_Smash.mp4,Smash,success,51.0,51.0,100.0,0.43666442240232495,0.43666442240232495,
07_set1_rally27_ball3_Clear.mp4,Clear,success,51.0,51.0,100.0,0.7771410791990769,0.7771410791990769,
07_set1_rally27_ball4_Smash.mp4,Smash,success,51.0,51.0,100.0,0.7849468482092679,0.7849468482092679,
07_set1_rally28_ball3_Clear.mp4,Clear,success,51.0,50.0,98.0392156862745,0.8140159139014556,0.7980548175504466,
07_set1_rally28_ball4_Smash.mp4,Smash,success,51.0,42.0,82.35294117647058,0.6728166205154041,0.5540842757185681,
07_set1_rally29_ball3_Clear.mp4,Clear,success,51.0,51.0,100.0,0.529678431837042,0.529678431837042,
07_set1_rally29_ball4_Smash.mp4,Smash,success,51.0,51.0,100.0,0.4911453524288742,0.4911453524288742,
07_set1_rally31_ball4_Smash.mp4,Smash,success,51.0,51.0,100.0,0.6640208346384692,0.6640208346384692,
07_set1_rally33_ball8_Smash.mp4,Smash,success,51.0,35.0,68.62745098039215,0.8884761043957303,0.6097385030166776,
07_set1_rally34_ball9_Clear.mp4,Clear,success,51.0,51.0,100.0,0.9025748872856121,0.9025748872856121,
07_set1_rally34_ball10_Clear.mp4,Clear,success,51.0,51.0,100.0,0.9265986690192584,0.9265986690192584,
07_set1_rally34_ball11_Smash.mp4,Smash,success,51.0,51.0,100.0,0.796385826707878,0.796385826707878,
07_set1_rally34_ball28_Clear.mp4,Clear,success,51.0,32.0,62.745098039215684,0.9015068697997115,0.5656513692860935,
07_set1_rally34_ball32_Smash.mp4,Smash,success,51.0,26.0,50.98039215686274,0.8635956836226103,0.4402644661605464,
07_set1_rally34_ball38_Smash.mp4,Smash,success,51.0,40.0,78.43137254901961,0.8911212747408583,0.6989186468555753,
07_set1_rally34_ball41_Clear.mp4,Clear,success,51.0,51.0,100.0,0.8667371028760892,0.8667371028760892,
07_set1_rally35_ball2_Smash.mp4,Smash,success,51.0,32.0,62.745098039215684,0.9031602806609237,0.5666888035519521,
07_set1_rally35_ball5_Smash.mp4,Smash,success,51.0,51.0,100.0,0.8348570077177038,0.8348570077177038,
07_set1_rally36_ball4_Smash.mp4,Smash,success,51.0,32.0,62.745098039215684,0.8882988879852223,0.5573640081475905,
07_set1_rally36_ball12_Clear.mp4,Clear,success,51.0,50.0,98.0392156862745,0.8596970340158001,0.842840229427255,
07_set1_rally36_ball16_Smash.mp4,Smash,success,51.0,46.0,90.19607843137256,0.8669329406362279,0.7819395150836566,
07_set1_rally36_ball19_Clear.mp4,Clear,success,51.0,51.0,100.0,0.931378353371623,0.931378353371623,
07_set1_rally36_ball20_Clear.mp4,Clear,success,51.0,51.0,100.0,0.9339039699172803,0.9339039699172803,
07_set1_rally38_ball3_Clear.mp4,Clear,success,51.0,51.0,100.0,0.8768098780125007,0.8768098780125007,
07_set1_rally38_ball4_Clear.mp4,Clear,success,51.0,48.0,94.11764705882352,0.8795278510925444,0.8277909186753358,
07_set1_rally38_ball8_Smash.mp4,Smash,success,51.0,51.0,100.0,0.8494785753606121,0.8494785753606121,
07_set1_rally39_ball6_Smash.mp4,Smash,success,51.0,51.0,100.0,0.8303201449188319,0.8303201449188319,
07_set1_rally39_ball15_Smash.mp4,Smash,success,51.0,51.0,100.0,0.9005123133894525,0.9005123133894525,
07_set1_rally39_ball22_Clear.mp4,Clear,success,51.0,47.0,92.15686274509804,0.8701573282979825,0.8019096947059838,
07_set1_rally39_ball23_Clear.mp4,Clear,success,51.0,50.0,98.0392156862745,0.8774633119232728,0.860258148944385,
07_set1_rally39_ball26_Smash.mp4,Smash,success,51.0,51.0,100.0,0.8267508570328399,0.8267508570328399,
07_set1_rally39_ball31_Smash.mp4,Smash,success,51.0,51.0,100.0,0.8898007313162531,0.8898007313162531,
07_set1_rally39_ball34_Clear.mp4,Clear,success,51.0,50.0,98.0392156862745,0.8876539143649015,0.8702489356518641,
07_set1_rally39_ball35_Smash.mp4,Smash,success,51.0,49.0,96.07843137254902,0.8832823321748533,0.8486438093444669,
07_set1_rally40_ball15_Clear.mp4,Clear,success,51.0,40.0,78.43137254901961,0.8687950150533155,0.6814078549437769,
07_set1_rally40_ball22_Clear.mp4,Clear,success,51.0,50.0,98.0392156862745,0.873336131265669,0.8562118933977146,
07_set1_rally40_ball26_Smash.mp4,Smash,success,51.0,44.0,86.27450980392157,0.82975287489162,0.7158652253966917,
07_set2_rally1_ball9_Clear.mp4,Clear,success,51.0,30.0,58.82352941176471,0.8737427656698709,0.5139663327469829,
07_set2_rally1_ball10_Smash.mp4,Smash,success,51.0,37.0,72.54901960784314,0.8442466054340545,0.6124926353149023,
07_set2_rally1_ball14_Clear.mp4,Clear,success,51.0,45.0,88.23529411764706,0.6273183843014316,0.5535162214424396,
07_set2_rally2_ball4_Smash.mp4,Smash,success,51.0,51.0,100.0,0.6013632643467343,0.6013632643467343,
07_set2_rally3_ball4_Clear.mp4,Clear,success,51.0,51.0,100.0,0.5389654721295686,0.5389654721295686,
07_set2_rally3_ball12_Smash.mp4,Smash,success,51.0,51.0,100.0,0.5884441389484786,0.5884441389484786,
07_set2_rally4_ball7_Clear.mp4,Clear,success,51.0,51.0,100.0,0.6417660914485017,0.6417660914485017,
07_set2_rally4_ball8_Smash.mp4,Smash,success,51.0,51.0,100.0,0.6346889660292927,0.6346889660292927,
07_set2_rally5_ball10_Clear.mp4,Clear,success,51.0,51.0,100.0,0.6762109136136204,0.6762109136136204,
07_set2_rally5_ball11_Clear.mp4,Clear,success,51.0,51.0,100.0,0.8258098524628263,0.8258098524628263,
07_set2_rally6_ball3_Smash.mp4,Smash,success,51.0,43.0,84.31372549019608,0.8715857115952879,0.7348663842862231,
07_set2_rally6_ball6_Smash.mp4,Smash,success,51.0,51.0,100.0,0.8190683877439778,0.8190683877439778,
07_set2_rally7_ball4_Smash.mp4,Smash,success,51.0,25.0,49.01960784313725,0.6435508331882231,0.3154660947001094,
07_set2_rally7_ball16_Clear.mp4,Clear,success,51.0,51.0,100.0,0.5395843249155409,0.5395843249155409,
07_set2_rally7_ball17_Clear.mp4,Clear,success,51.0,51.0,100.0,0.5804394518596713,0.5804394518596713,
07_set2_rally8_ball3_Clear.mp4,Clear,success,51.0,51.0,100.0,0.5776335550003245,0.5776335550003245,
07_set2_rally9_ball11_Clear.mp4,Clear,success,51.0,51.0,100.0,0.575668295645155,0.575668295645155,
07_set2_rally9_ball12_Smash.mp4,Smash,success,51.0,51.0,100.0,0.5830496336245653,0.5830496336245653,
07_set2_rally10_ball3_Smash.mp4,Smash,success,51.0,51.0,100.0,0.555704959840618,0.555704959840618,
07_set2_rally10_ball14_Clear.mp4,Clear,success,51.0,29.0,56.86274509803921,0.4703656637624136,0.26746282841392144,
07_set2_rally10_ball15_Smash.mp4,Smash,success,51.0,26.0,50.98039215686274,0.6544731279566998,0.3336529671936116,
07_set2_rally10_ball18_Clear.mp4,Clear,success,51.0,17.0,33.33333333333333,0.8281138373303116,0.2760379457767705,
07_set2_rally11_ball3_Clear.mp4,Clear,success,51.0,47.0,92.15686274509804,0.8804450867292882,0.8113905701230695,
07_set2_rally11_ball4_Clear.mp4,Clear,success,51.0,24.0,47.05882352941176,0.7167333092897978,0.33728626319519894,
07_set2_rally12_ball20_Smash.mp4,Smash,success,51.0,51.0,100.0,0.5524667299873308,0.5524667299873308,
07_set2_rally12_ball24_Clear.mp4,Clear,success,51.0,51.0,100.0,0.5806027322014836,0.5806027322014836,
07_set2_rally12_ball28_Clear.mp4,Clear,success,51.0,51.0,100.0,0.48302809811950914,0.48302809811950914,
07_set2_rally12_ball29_Smash.mp4,Smash,success,51.0,51.0,100.0,0.5205148206908109,0.5205148206908109,
07_set2_rally13_ball8_Smash.mp4,Smash,success,51.0,51.0,100.0,0.5775383909301256,0.5775383909301256,
07_set2_rally13_ball15_Clear.mp4,Clear,success,51.0,51.0,100.0,0.5532474037143402,0.5532474037143402,
07_set2_rally14_ball2_Clear.mp4,Clear,success,51.0,51.0,100.0,0.46674555880807794,0.46674555880807794,
07_set2_rally14_ball3_Clear.mp4,Clear,success,51.0,50.0,98.0392156862745,0.7966039563399372,0.780984270921507,
07_set2_rally14_ball8_Smash.mp4,Smash,success,51.0,51.0,100.0,0.9074929174892405,0.9074929174892405,
07_set2_rally15_ball4_Smash.mp4,Smash,success,51.0,51.0,100.0,0.8813599405884388,0.8813599405884388,
07_set2_rally15_ball8_Smash.mp4,Smash,success,51.0,51.0,100.0,0.883309863467905,0.883309863467905,
07_set2_rally15_ball11_Clear.mp4,Clear,success,51.0,51.0,100.0,0.9041205388109242,0.9041205388109242,
07_set2_rally15_ball23_Smash.mp4,Smash,success,51.0,51.0,100.0,0.8323497004581222,0.8323497004581222,
07_set2_rally16_ball13_Smash.mp4,Smash,success,51.0,40.0,78.43137254901961,0.5294250722268992,0.4152353507661955,
07_set2_rally16_ball17_Clear.mp4,Clear,success,51.0,51.0,100.0,0.4633190170273133,0.4633190170273133,
07_set2_rally16_ball18_Smash.mp4,Smash,success,51.0,51.0,100.0,0.46178818306865876,0.46178818306865876,
07_set2_rally17_ball3_Clear.mp4,Clear,success,51.0,51.0,100.0,0.7859452408827001,0.7859452408827001,
07_set2_rally17_ball4_Clear.mp4,Clear,success,51.0,51.0,100.0,0.8495544426661125,0.8495544426661125,
07_set2_rally17_ball7_Smash.mp4,Smash,success,51.0,51.0,100.0,0.867427478747501,0.867427478747501,
07_set2_rally17_ball9_Smash.mp4,Smash,success,51.0,51.0,100.0,0.8349234569226782,0.8349234569226782,
07_set2_rally18_ball3_Clear.mp4,Clear,success,51.0,43.0,84.31372549019608,0.8669579678055601,0.7309645610909624,
07_set2_rally18_ball4_Smash.mp4,Smash,success,51.0,38.0,74.50980392156863,0.8431085665640459,0.6281985397928185,
07_set2_rally20_ball2_Clear.mp4,Clear,success,51.0,50.0,98.0392156862745,0.6241983714313105,0.6119591876777554,
07_set2_rally20_ball3_Clear.mp4,Clear,success,51.0,51.0,100.0,0.5835656373986677,0.5835656373986677,
07_set2_rally22_ball5_Clear.mp4,Clear,success,51.0,51.0,100.0,0.612424869561652,0.612424869561652,
07_set2_rally22_ball9_Clear.mp4,Clear,success,51.0,51.0,100.0,0.6289108759212152,0.6289108759212152,
07_set2_rally22_ball10_Smash.mp4,Smash,success,51.0,51.0,100.0,0.6303715831901024,0.6303715831901024,
07_set2_rally23_ball15_Smash.mp4,Smash,success,51.0,51.0,100.0,0.6491609612084699,0.6491609612084699,
07_set2_rally23_ball21_Clear.mp4,Clear,success,51.0,51.0,100.0,0.8943396245554949,0.8943396245554949,
07_set2_rally23_ball26_Clear.mp4,Clear,success,51.0,50.0,98.0392156862745,0.8716910302368077,0.8545990492517722,
07_set2_rally23_ball27_Smash.mp4,Smash,success,51.0,51.0,100.0,0.9081126635388399,0.9081126635388399,
07_set2_rally25_ball7_Smash.mp4,Smash,success,51.0,41.0,80.3921568627451,0.8488178708909269,0.6823829942456471,
07_set2_rally25_ball10_Clear.mp4,Clear,success,51.0,51.0,100.0,0.9012416343089023,0.9012416343089023,
07_set2_rally25_ball14_Clear.mp4,Clear,success,51.0,9.0,17.647058823529413,0.7199828102432115,0.1270557900429197,
07_set2_rally25_ball15_Smash.mp4,Smash,success,51.0,49.0,96.07843137254902,0.6043171580735739,0.5806184459922573,
07_set2_rally27_ball6_Smash.mp4,Smash,success,51.0,28.0,54.90196078431373,0.6090294261708921,0.33436909672127413,
07_set2_rally27_ball10_Smash.mp4,Smash,success,51.0,51.0,100.0,0.7409959620811695,0.7409959620811695,
07_set2_rally27_ball13_Smash.mp4,Smash,success,51.0,23.0,45.09803921568628,0.8847151117126933,0.39898916802729306,
07_set2_rally28_ball4_Smash.mp4,Smash,success,51.0,49.0,96.07843137254902,0.8517951788213713,0.8183914463185725,
07_set2_rally29_ball8_Smash.mp4,Smash,success,51.0,36.0,70.58823529411765,0.8099280402114497,0.571713910737494,
07_set2_rally31_ball6_Clear.mp4,Clear,success,51.0,32.0,62.745098039215684,0.900439102964645,0.5649813979386008,
07_set2_rally31_ball14_Smash.mp4,Smash,success,51.0,50.0,98.0392156862745,0.5920698409684086,0.5804606284004006,
07_set2_rally32_ball3_Clear.mp4,Clear,success,51.0,51.0,100.0,0.5418639258051884,0.5418639258051884,
08_set1_rally1_ball10_Smash.mp4,Smash,extraction_failed,,,,,,No poses detected in video
08_set1_rally1_ball16_Clear.mp4,Clear,extraction_failed,,,,,,No poses detected in video
08_set1_rally1_ball19_Smash.mp4,Smash,extraction_failed,,,,,,No poses detected in video
08_set1_rally2_ball5_Smash.mp4,Smash,extraction_failed,,,,,,No poses detected in video
08_set1_rally2_ball9_Clear.mp4,Clear,extraction_failed,,,,,,No poses detected in video
08_set1_rally2_ball10_Smash.mp4,Smash,extraction_failed,,,,,,No poses detected in video
08_set1_rally2_ball19_Smash.mp4,Smash,success,51.0,3.0,5.88235294117647,0.7944904538718137,0.04673473258069492,
08_set1_rally2_ball23_Clear.mp4,Clear,success,51.0,42.0,82.35294117647058,0.8819020475014978,0.7262722744129981,
08_set1_rally2_ball24_Smash.mp4,Smash,success,51.0,51.0,100.0,0.8776709954793865,0.8776709954793865,
08_set1_rally2_ball28_Smash.mp4,Smash,success,51.0,51.0,100.0,0.9132681703432926,0.9132681703432926,
08_set1_rally2_ball31_Clear.mp4,Clear,success,51.0,51.0,100.0,0.8388459264027951,0.8388459264027951,
08_set1_rally2_ball32_Smash.mp4,Smash,success,51.0,51.0,100.0,0.8625902566999036,0.8625902566999036,
08_set1_rally3_ball4_Clear.mp4,Clear,success,51.0,51.0,100.0,0.81151275717738,0.81151275717738,
08_set1_rally4_ball3_Clear.mp4,Clear,success,51.0,51.0,100.0,0.81259222727311,0.81259222727311,
08_set1_rally5_ball4_Clear.mp4,Clear,extraction_failed,,,,,,No poses detected in video
08_set1_rally7_ball5_Clear.mp4,Clear,extraction_failed,,,,,,No poses detected in video
08_set1_rally7_ball6_Smash.mp4,Smash,extraction_failed,,,,,,No poses detected in video
08_set1_rally9_ball7_Smash.mp4,Smash,extraction_failed,,,,,,No poses detected in video
08_set1_rally11_ball7_Clear.mp4,Clear,extraction_failed,,,,,,No poses detected in video
08_set1_rally11_ball8_Clear.mp4,Clear,extraction_failed,,,,,,No poses detected in video
08_set1_rally11_ball9_Clear.mp4,Clear,extraction_failed,,,,,,No poses detected in video
08_set1_rally11_ball13_Clear.mp4,Clear,extraction_failed,,,,,,No poses detected in video
08_set1_rally11_ball14_Clear.mp4,Clear,extraction_failed,,,,,,No poses detected in video
08_set1_rally11_ball18_Clear.mp4,Clear,extraction_failed,,,,,,No poses detected in video
08_set1_rally11_ball19_Clear.mp4,Clear,extraction_failed,,,,,,No poses detected in video
08_set1_rally11_ball24_Clear.mp4,Clear,success,51.0,23.0,45.09803921568628,0.799018742146071,0.36034178567371833,
08_set1_rally11_ball25_Clear.mp4,Clear,success,51.0,51.0,100.0,0.8715523760976073,0.8715523760976073,
08_set1_rally14_ball2_Smash.mp4,Smash,extraction_failed,,,,,,No poses detected in video
08_set1_rally14_ball4_Smash.mp4,Smash,success,51.0,26.0,50.98039215686274,0.6799777822269426,0.34665533995883346,
08_set1_rally15_ball6_Smash.mp4,Smash,extraction_failed,,,,,,No poses detected in video
08_set1_rally16_ball2_Clear.mp4,Clear,extraction_failed,,,,,,No poses detected in video
08_set1_rally16_ball3_Clear.mp4,Clear,extraction_failed,,,,,,No poses detected in video
08_set1_rally17_ball8_Smash.mp4,Smash,extraction_failed,,,,,,No poses detected in video
08_set1_rally18_ball3_Clear.mp4,Clear,success,51.0,1.0,1.9607843137254901,0.7528400059902307,0.014761568744906485,
08_set1_rally18_ball6_Clear.mp4,Clear,extraction_failed,,,,,,No poses detected in video
08_set1_rally19_ball4_Clear.mp4,Clear,extraction_failed,,,,,,No poses detected in video
08_set1_rally19_ball10_Smash.mp4,Smash,extraction_failed,,,,,,No poses detected in video
08_set1_rally22_ball2_Clear.mp4,Clear,extraction_failed,,,,,,No poses detected in video
08_set1_rally22_ball3_Clear.mp4,Clear,extraction_failed,,,,,,No poses detected in video
08_set1_rally23_ball4_Clear.mp4,Clear,extraction_failed,,,,,,No poses detected in video
08_set1_rally23_ball5_Clear.mp4,Clear,extraction_failed,,,,,,No poses detected in video
08_set1_rally23_ball6_Clear.mp4,Clear,extraction_failed,,,,,,No poses detected in video
08_set1_rally23_ball11_Clear.mp4,Clear,extraction_failed,,,,,,No poses detected in video
08_set1_rally23_ball12_Clear.mp4,Clear,extraction_failed,,,,,,No poses detected in video
08_set1_rally24_ball2_Clear.mp4,Clear,extraction_failed,,,,,,No poses detected in video
08_set1_rally25_ball5_Clear.mp4,Clear,extraction_failed,,,,,,No poses detected in video
08_set1_rally25_ball8_Smash.mp4,Smash,extraction_failed,,,,,,No poses detected in video
08_set1_rally25_ball16_Clear.mp4,Clear,extraction_failed,,,,,,No poses detected in video
08_set1_rally25_ball17_Clear.mp4,Clear,extraction_failed,,,,,,No poses detected in video
08_set1_rally26_ball4_Clear.mp4,Clear,extraction_failed,,,,,,No poses detected in video
08_set1_rally26_ball5_Smash.mp4,Smash,extraction_failed,,,,,,No poses detected in video
08_set1_rally27_ball9_Clear.mp4,Clear,success,51.0,8.0,15.686274509803921,0.7287407993818774,0.11431228225598077,
08_set1_rally28_ball4_Clear.mp4,Clear,extraction_failed,,,,,,No poses detected in video
08_set1_rally28_ball9_Smash.mp4,Smash,success,51.0,27.0,52.94117647058824,0.659986265714455,0.349404493613535,
08_set1_rally28_ball11_Smash.mp4,Smash,success,51.0,51.0,100.0,0.776293952947685,0.776293952947685,
08_set1_rally29_ball3_Clear.mp4,Clear,success,51.0,51.0,100.0,0.7910677464418799,0.7910677464418799,
08_set1_rally29_ball4_Clear.mp4,Clear,extraction_failed,,,,,,No poses detected in video
08_set1_rally30_ball3_Clear.mp4,Clear,success,51.0,2.0,3.9215686274509802,0.8070979470556433,0.03165089988453503,
08_set1_rally30_ball4_Smash.mp4,Smash,extraction_failed,,,,,,No poses detected in video
08_set2_rally3_ball15_Clear.mp4,Clear,success,51.0,24.0,47.05882352941176,0.715409477702295,0.3366632836246094,
08_set2_rally3_ball16_Clear.mp4,Clear,success,51.0,28.0,54.90196078431373,0.7110367098239938,0.39037309558964367,
08_set2_rally3_ball22_Clear.mp4,Clear,success,51.0,17.0,33.33333333333333,0.7507134919064212,0.25023783063547367,
08_set2_rally3_ball23_Smash.mp4,Smash,success,51.0,25.0,49.01960784313725,0.6696472587265493,0.32825846016007315,
08_set2_rally3_ball26_Clear.mp4,Clear,extraction_failed,,,,,,No poses detected in video
08_set2_rally3_ball30_Clear.mp4,Clear,success,51.0,31.0,60.78431372549019,0.6973904388307621,0.4239039922304632,
08_set2_rally3_ball31_Clear.mp4,Clear,extraction_failed,,,,,,No poses detected in video
08_set2_rally3_ball32_Clear.mp4,Clear,success,51.0,2.0,3.9215686274509802,0.7680011104905244,0.030117690607471548,
08_set2_rally3_ball33_Clear.mp4,Clear,success,51.0,28.0,54.90196078431373,0.7268145717116017,0.39903545113578137,
08_set2_rally3_ball34_Clear.mp4,Clear,success,51.0,33.0,64.70588235294117,0.6856773998830226,0.44367361168901454,
08_set2_rally3_ball38_Smash.mp4,Smash,success,51.0,27.0,52.94117647058824,0.6857608316924034,0.3630498520724489,
08_set2_rally3_ball40_Smash.mp4,Smash,success,51.0,24.0,47.05882352941176,0.7130674643692,0.33556115970315287,
08_set2_rally4_ball6_Smash.mp4,Smash,success,51.0,1.0,1.9607843137254901,0.7229504025343693,0.014175498088909201,
08_set2_rally5_ball6_Smash.mp4,Smash,success,51.0,38.0,74.50980392156863,0.7417123347821862,0.5526484063082956,
08_set2_rally5_ball8_Smash.mp4,Smash,success,51.0,1.0,1.9607843137254901,0.7523651059829828,0.014752256980058486,
08_set2_rally8_ball5_Smash.mp4,Smash,success,51.0,3.0,5.88235294117647,0.7604858303310896,0.04473446060771115,
08_set2_rally8_ball11_Clear.mp4,Clear,success,51.0,38.0,74.50980392156863,0.7140128707225053,0.532009589950102,
08_set2_rally8_ball12_Clear.mp4,Clear,success,51.0,51.0,100.0,0.6646634247234632,0.6646634247234632,
08_set2_rally8_ball13_Smash.mp4,Smash,success,51.0,51.0,100.0,0.7950005129293004,0.7950005129293004,
08_set2_rally9_ball6_Clear.mp4,Clear,success,51.0,2.0,3.9215686274509802,0.746319673278115,0.029267438167769215,
08_set2_rally9_ball7_Smash.mp4,Smash,success,51.0,3.0,5.88235294117647,0.7174745743924921,0.04220438672897012,
08_set2_rally9_ball11_Clear.mp4,Clear,success,51.0,42.0,82.35294117647058,0.8127751692398458,0.6693442570210495,
08_set2_rally9_ball16_Smash.mp4,Smash,success,51.0,31.0,60.78431372549019,0.7051798174831745,0.4286387125878119,
08_set2_rally9_ball18_Smash.mp4,Smash,success,51.0,3.0,5.88235294117647,0.6431397375735369,0.03783174926903158,
08_set2_rally10_ball4_Smash.mp4,Smash,success,51.0,46.0,90.19607843137256,0.7757978021843315,0.6997391941270441,
08_set2_rally10_ball11_Smash.mp4,Smash,extraction_failed,,,,,,No poses detected in video
08_set2_rally11_ball8_Clear.mp4,Clear,success,51.0,49.0,96.07843137254902,0.7877670058817894,0.7568741821217192,
08_set2_rally12_ball2_Clear.mp4,Clear,success,51.0,41.0,80.3921568627451,0.6978256885583202,0.5609971221743358,
08_set2_rally14_ball4_Clear.mp4,Clear,success,51.0,11.0,21.568627450980394,0.6831653263450653,0.14734938411364154,
08_set2_rally14_ball7_Smash.mp4,Smash,success,51.0,28.0,54.90196078431373,0.7371281972437194,0.40469783378086555,
08_set2_rally14_ball11_Clear.mp4,Clear,success,51.0,51.0,100.0,0.8006385665960206,0.8006385665960206,
08_set2_rally14_ball12_Smash.mp4,Smash,success,51.0,51.0,100.0,0.8581315703464275,0.8581315703464275,
08_set2_rally14_ball15_Smash.mp4,Smash,success,51.0,51.0,100.0,0.7865439487141969,0.7865439487141969,
08_set2_rally15_ball8_Clear.mp4,Clear,success,51.0,36.0,70.58823529411765,0.6814258437829487,0.4810064779644344,
08_set2_rally15_ball9_Clear.mp4,Clear,success,51.0,50.0,98.0392156862745,0.6707571708163954,0.6576050694278386,
08_set2_rally15_ball14_Smash.mp4,Smash,success,51.0,28.0,54.90196078431373,0.6926657261722016,0.380287065349444,
08_set2_rally19_ball13_Clear.mp4,Clear,extraction_failed,,,,,,No poses detected in video
08_set2_rally19_ball14_Clear.mp4,Clear,extraction_failed,,,,,,No poses detected in video
08_set2_rally19_ball15_Smash.mp4,Smash,success,51.0,2.0,3.9215686274509802,0.6640478137767676,0.026041090736343826,
08_set2_rally20_ball11_Smash.mp4,Smash,success,51.0,47.0,92.15686274509804,0.8000699937593392,0.7373194060135086,
08_set2_rally20_ball15_Clear.mp4,Clear,success,51.0,10.0,19.607843137254903,0.7911851852229146,0.15513435004370876,
08_set2_rally20_ball16_Clear.mp4,Clear,success,51.0,51.0,100.0,0.8362673484785034,0.8362673484785034,
08_set2_rally20_ball17_Smash.mp4,Smash,success,51.0,51.0,100.0,0.8479856426472899,0.8479856426472899,
08_set2_rally20_ball22_Smash.mp4,Smash,success,51.0,1.0,1.9607843137254901,0.8003282917268348,0.015692711602486958,
08_set2_rally21_ball5_Clear.mp4,Clear,success,51.0,51.0,100.0,0.7341706666581157,0.7341706666581157,
08_set2_rally21_ball9_Clear.mp4,Clear,success,51.0,33.0,64.70588235294117,0.7807259039185374,0.5051755848884653,
08_set2_rally22_ball3_Clear.mp4,Clear,success,51.0,25.0,49.01960784313725,0.8213164867054332,0.40260612093403586,
08_set2_rally22_ball7_Clear.mp4,Clear,success,51.0,51.0,100.0,0.7971908981583691,0.7971908981583691,
08_set2_rally22_ball8_Clear.mp4,Clear,success,51.0,42.0,82.35294117647058,0.7625158965487271,0.6279542677460105,
08_set2_rally22_ball18_Clear.mp4,Clear,success,51.0,50.0,98.0392156862745,0.736210082177863,0.7217745903704539,
08_set2_rally22_ball22_Clear.mp4,Clear,success,51.0,45.0,88.23529411764706,0.8526652763788947,0.7523517144519659,
08_set2_rally22_ball23_Clear.mp4,Clear,success,51.0,17.0,33.33333333333333,0.7591347513776837,0.2530449171258945,
08_set2_rally25_ball4_Smash.mp4,Smash,success,51.0,50.0,98.0392156862745,0.8047568123810218,0.7889772670402174,
08_set2_rally28_ball4_Clear.mp4,Clear,success,51.0,46.0,90.19607843137256,0.8634594121759089,0.7788065286292513,
08_set2_rally28_ball5_Smash.mp4,Smash,success,51.0,51.0,100.0,0.8750161866276164,0.8750161866276164,
08_set2_rally28_ball9_Clear.mp4,Clear,success,51.0,51.0,100.0,0.8559590609289321,0.8559590609289321,
08_set2_rally28_ball10_Clear.mp4,Clear,success,51.0,51.0,100.0,0.8455242796948081,0.8455242796948081,
08_set2_rally29_ball3_Clear.mp4,Clear,success,51.0,49.0,96.07843137254902,0.808202733596166,0.7765085087492576,
08_set2_rally29_ball10_Clear.mp4,Clear,success,51.0,50.0,98.0392156862745,0.7065100950444879,0.6926569559259685,
08_set2_rally29_ball11_Clear.mp4,Clear,success,51.0,50.0,98.0392156862745,0.7320964121858681,0.7177415805743804,
08_set2_rally29_ball12_Clear.mp4,Clear,success,51.0,46.0,90.19607843137256,0.6954680539223842,0.627284911380974,
08_set2_rally29_ball13_Clear.mp4,Clear,success,51.0,50.0,98.0392156862745,0.7206889636234031,0.7065578074739245,
08_set2_rally29_ball14_Clear.mp4,Clear,success,51.0,51.0,100.0,0.6670831890782591,0.6670831890782591,
08_set2_rally33_ball3_Smash.mp4,Smash,success,51.0,7.0,13.725490196078432,0.7139565478284639,0.09799403597645583,
08_set2_rally33_ball11_Clear.mp4,Clear,success,51.0,45.0,88.23529411764706,0.8568057760847135,0.7560050965453354,
08_set2_rally33_ball12_Clear.mp4,Clear,success,51.0,47.0,92.15686274509804,0.7774389875055563,0.7164633806423754,
08_set2_rally33_ball13_Clear.mp4,Clear,success,51.0,34.0,66.66666666666666,0.6720849257116476,0.4480566171410983,
09_set1_rally1_ball4_Smash.mp4,Smash,extraction_failed,,,,,,No poses detected in video
09_set1_rally1_ball7_Clear.mp4,Clear,extraction_failed,,,,,,No poses detected in video
09_set1_rally3_ball3_Clear.mp4,Clear,extraction_failed,,,,,,No poses detected in video
09_set1_rally3_ball4_Clear.mp4,Clear,extraction_failed,,,,,,No poses detected in video
09_set1_rally3_ball5_Clear.mp4,Clear,extraction_failed,,,,,,No poses detected in video
09_set1_rally3_ball9_Clear.mp4,Clear,extraction_failed,,,,,,No poses detected in video
09_set1_rally4_ball3_Smash.mp4,Smash,extraction_failed,,,,,,No poses detected in video
09_set1_rally6_ball5_Clear.mp4,Clear,extraction_failed,,,,,,No poses detected in video
09_set1_rally6_ball6_Smash.mp4,Smash,extraction_failed,,,,,,No poses detected in video
09_set1_rally7_ball4_Clear.mp4,Clear,extraction_failed,,,,,,No poses detected in video
09_set1_rally7_ball10_Clear.mp4,Clear,extraction_failed,,,,,,No poses detected in video
09_set1_rally8_ball5_Smash.mp4,Smash,extraction_failed,,,,,,No poses detected in video
09_set1_rally9_ball3_Clear.mp4,Clear,success,51.0,51.0,100.0,0.7953907363470899,0.7953907363470899,
09_set1_rally9_ball4_Smash.mp4,Smash,success,51.0,51.0,100.0,0.7390813094080134,0.7390813094080134,
09_set1_rally10_ball2_Clear.mp4,Clear,success,51.0,51.0,100.0,0.5715538592438036,0.5715538592438036,
09_set1_rally10_ball3_Smash.mp4,Smash,success,51.0,51.0,100.0,0.5664016410096399,0.5664016410096399,
09_set1_rally11_ball4_Smash.mp4,Smash,success,51.0,50.0,98.0392156862745,0.7354051999736465,0.7209854901702416,
09_set1_rally11_ball12_Clear.mp4,Clear,success,51.0,51.0,100.0,0.5724549152095931,0.5724549152095931,
09_set1_rally11_ball13_Clear.mp4,Clear,success,51.0,51.0,100.0,0.5913752348696097,0.5913752348696097,
09_set1_rally14_ball11_Clear.mp4,Clear,success,51.0,49.0,96.07843137254902,0.866059733887624,0.8320966070685015,
09_set1_rally14_ball12_Smash.mp4,Smash,success,51.0,51.0,100.0,0.6384251757225755,0.6384251757225755,
09_set1_rally15_ball8_Clear.mp4,Clear,success,51.0,51.0,100.0,0.6317571696407641,0.6317571696407641,
09_set1_rally16_ball4_Clear.mp4,Clear,success,51.0,50.0,98.0392156862745,0.7400822187920636,0.7255708027373172,
09_set1_rally16_ball5_Smash.mp4,Smash,success,51.0,51.0,100.0,0.688039587252008,0.688039587252008,
09_set1_rally16_ball9_Clear.mp4,Clear,success,51.0,51.0,100.0,0.5977122386121614,0.5977122386121614,
09_set1_rally17_ball4_Smash.mp4,Smash,success,51.0,50.0,98.0392156862745,0.6393904611885999,0.6268533933221567,
09_set1_rally18_ball2_Clear.mp4,Clear,success,51.0,51.0,100.0,0.5828571404119056,0.5828571404119056,
09_set1_rally18_ball3_Clear.mp4,Clear,success,51.0,51.0,100.0,0.8215747737346204,0.8215747737346204,
09_set1_rally19_ball3_Clear.mp4,Clear,success,51.0,50.0,98.0392156862745,0.6593952226017912,0.6464659045115599,
09_set1_rally19_ball11_Clear.mp4,Clear,success,51.0,51.0,100.0,0.5981510286349239,0.5981510286349239,
09_set1_rally20_ball10_Clear.mp4,Clear,success,51.0,51.0,100.0,0.5677782342102247,0.5677782342102247,
09_set1_rally20_ball15_Smash.mp4,Smash,success,51.0,51.0,100.0,0.6540924298373813,0.6540924298373813,
09_set1_rally20_ball19_Smash.mp4,Smash,success,51.0,51.0,100.0,0.42541077236884395,0.42541077236884395,
09_set1_rally21_ball6_Clear.mp4,Clear,success,51.0,51.0,100.0,0.6542353097010742,0.6542353097010742,
09_set1_rally22_ball3_Clear.mp4,Clear,success,51.0,44.0,86.27450980392157,0.6208953646886529,0.5356744322804065,
09_set1_rally22_ball4_Clear.mp4,Clear,success,51.0,51.0,100.0,0.6011500704050756,0.6011500704050756,
09_set1_rally22_ball11_Smash.mp4,Smash,success,51.0,50.0,98.0392156862745,0.48677756677131223,0.4772329085993257,
09_set1_rally22_ball13_Clear.mp4,Clear,success,51.0,51.0,100.0,0.518531736553339,0.518531736553339,
09_set1_rally22_ball14_Smash.mp4,Smash,success,51.0,50.0,98.0392156862745,0.8617080316896709,0.8448117957741872,
09_set1_rally23_ball3_Clear.mp4,Clear,success,51.0,51.0,100.0,0.6784612786421022,0.6784612786421022,
09_set1_rally23_ball7_Clear.mp4,Clear,success,51.0,51.0,100.0,0.6529651729326941,0.6529651729326941,
09_set1_rally23_ball8_Clear.mp4,Clear,success,51.0,51.0,100.0,0.6608998331493647,0.6608998331493647,
09_set1_rally23_ball9_Clear.mp4,Clear,success,51.0,51.0,100.0,0.5699716300655995,0.5699716300655995,
09_set1_rally23_ball10_Clear.mp4,Clear,success,51.0,51.0,100.0,0.5686667920430581,0.5686667920430581,
09_set1_rally23_ball13_Clear.mp4,Clear,success,51.0,51.0,100.0,0.6490706625980127,0.6490706625980127,
09_set1_rally23_ball14_Smash.mp4,Smash,success,51.0,51.0,100.0,0.8624451224710425,0.8624451224710425,
09_set1_rally24_ball3_Clear.mp4,Clear,success,51.0,35.0,68.62745098039215,0.4222852279420023,0.2898035878033349,
09_set1_rally24_ball7_Clear.mp4,Clear,success,51.0,51.0,100.0,0.47136001861315563,0.47136001861315563,
09_set1_rally24_ball8_Smash.mp4,Smash,success,51.0,51.0,100.0,0.5817078151695865,0.5817078151695865,
09_set1_rally26_ball3_Clear.mp4,Clear,success,51.0,51.0,100.0,0.4815753644469871,0.4815753644469871,
09_set1_rally26_ball8_Clear.mp4,Clear,success,51.0,50.0,98.0392156862745,0.8544459333835226,0.8376920915524732,
09_set1_rally26_ball12_Clear.mp4,Clear,success,51.0,51.0,100.0,0.8387627429582857,0.8387627429582857,
09_set1_rally26_ball13_Smash.mp4,Smash,success,51.0,51.0,100.0,0.43362299916595914,0.43362299916595914,
09_set1_rally27_ball3_Clear.mp4,Clear,success,51.0,51.0,100.0,0.3633785273030287,0.3633785273030287,
09_set1_rally28_ball4_Smash.mp4,Smash,success,51.0,50.0,98.0392156862745,0.5621314337600919,0.5511092487844038,
09_set1_rally29_ball3_Smash.mp4,Smash,success,51.0,50.0,98.0392156862745,0.6309630456439812,0.6185912212195894,
09_set1_rally29_ball8_Smash.mp4,Smash,success,51.0,51.0,100.0,0.4294235981943831,0.4294235981943831,
09_set1_rally30_ball2_Clear.mp4,Clear,success,51.0,51.0,100.0,0.5888390661011418,0.5888390661011418,
09_set2_rally2_ball8_Smash.mp4,Smash,success,51.0,51.0,100.0,0.6917661266940219,0.6917661266940219,
09_set2_rally3_ball6_Clear.mp4,Clear,success,51.0,50.0,98.0392156862745,0.5881956916595951,0.5766624428035245,
09_set2_rally4_ball4_Smash.mp4,Smash,success,51.0,51.0,100.0,0.8369286156694093,0.8369286156694093,
09_set2_rally6_ball4_Smash.mp4,Smash,extraction_failed,,,,,,No poses detected in video
09_set2_rally7_ball4_Clear.mp4,Clear,success,51.0,51.0,100.0,0.9136971211192583,0.9136971211192583,
09_set2_rally7_ball5_Smash.mp4,Smash,success,51.0,51.0,100.0,0.8420864018792562,0.8420864018792562,
09_set2_rally7_ball10_Smash.mp4,Smash,success,51.0,51.0,100.0,0.5959860349040139,0.5959860349040139,
09_set2_rally7_ball13_Smash.mp4,Smash,success,51.0,51.0,100.0,0.5671090736037698,0.5671090736037698,
09_set2_rally8_ball7_Clear.mp4,Clear,success,51.0,51.0,100.0,0.6226625792063503,0.6226625792063503,
09_set2_rally8_ball8_Smash.mp4,Smash,success,51.0,51.0,100.0,0.6477329919573455,0.6477329919573455,
09_set2_rally10_ball3_Smash.mp4,Smash,success,51.0,51.0,100.0,0.6275896858263471,0.6275896858263471,
09_set2_rally10_ball7_Clear.mp4,Clear,success,51.0,51.0,100.0,0.5582435174720097,0.5582435174720097,
09_set2_rally10_ball14_Clear.mp4,Clear,success,51.0,51.0,100.0,0.5111844701479691,0.5111844701479691,
09_set2_rally10_ball15_Clear.mp4,Clear,success,51.0,51.0,100.0,0.5213661901035805,0.5213661901035805,
09_set2_rally10_ball16_Clear.mp4,Clear,success,51.0,51.0,100.0,0.587451976863695,0.587451976863695,
09_set2_rally10_ball17_Smash.mp4,Smash,success,51.0,51.0,100.0,0.5635541876479463,0.5635541876479463,
09_set2_rally11_ball6_Clear.mp4,Clear,success,51.0,51.0,100.0,0.4325376198221988,0.4325376198221988,
09_set2_rally11_ball7_Clear.mp4,Clear,success,51.0,51.0,100.0,0.45533014872261895,0.45533014872261895,
09_set2_rally11_ball8_Smash.mp4,Smash,success,51.0,51.0,100.0,0.6206744548944071,0.6206744548944071,
09_set2_rally12_ball4_Clear.mp4,Clear,success,51.0,51.0,100.0,0.6688843695368533,0.6688843695368533,
09_set2_rally12_ball8_Clear.mp4,Clear,success,51.0,50.0,98.0392156862745,0.7761377802716963,0.7609193924232317,
09_set2_rally14_ball3_Clear.mp4,Clear,success,51.0,50.0,98.0392156862745,0.8193783000517975,0.8033120588743112,
09_set2_rally14_ball4_Smash.mp4,Smash,success,51.0,51.0,100.0,0.8205857591585112,0.8205857591585112,
09_set2_rally14_ball9_Smash.mp4,Smash,success,51.0,47.0,92.15686274509804,0.8548257504256596,0.7877805935295293,
09_set2_rally15_ball3_Clear.mp4,Clear,success,51.0,51.0,100.0,0.7997714119010996,0.7997714119010996,
09_set2_rally15_ball8_Smash.mp4,Smash,success,51.0,51.0,100.0,0.6579966538752287,0.6579966538752287,
09_set2_rally16_ball2_Smash.mp4,Smash,success,51.0,51.0,100.0,0.6176613839058204,0.6176613839058204,
09_set2_rally17_ball4_Smash.mp4,Smash,success,51.0,51.0,100.0,0.5795381341321284,0.5795381341321284,
09_set2_rally18_ball3_Clear.mp4,Clear,success,51.0,51.0,100.0,0.7067955271450973,0.7067955271450973,
09_set2_rally21_ball5_Clear.mp4,Clear,success,51.0,50.0,98.0392156862745,0.65802560236305,0.6451231395716176,
09_set2_rally21_ball6_Smash.mp4,Smash,success,51.0,51.0,100.0,0.6200251049955336,0.6200251049955336,
09_set2_rally21_ball10_Clear.mp4,Clear,success,51.0,51.0,100.0,0.6176458546292509,0.6176458546292509,
09_set2_rally23_ball3_Smash.mp4,Smash,success,51.0,50.0,98.0392156862745,0.6223350832357326,0.6101324345448359,
09_set2_rally24_ball5_Clear.mp4,Clear,success,51.0,51.0,100.0,0.6794915573579601,0.6794915573579601,
09_set2_rally25_ball4_Clear.mp4,Clear,success,51.0,51.0,100.0,0.47612398927728355,0.47612398927728355,
09_set2_rally25_ball5_Smash.mp4,Smash,success,51.0,51.0,100.0,0.4198693523193979,0.4198693523193979,
09_set2_rally25_ball12_Clear.mp4,Clear,success,51.0,51.0,100.0,0.648656684256511,0.648656684256511,
09_set2_rally26_ball2_Smash.mp4,Smash,success,51.0,33.0,64.70588235294117,0.7268012101574706,0.4702831359842456,
09_set2_rally28_ball3_Clear.mp4,Clear,success,51.0,51.0,100.0,0.7170761295259643,0.7170761295259643,
09_set2_rally28_ball4_Smash.mp4,Smash,success,51.0,47.0,92.15686274509804,0.8525876293810317,0.7857180113903626,
09_set2_rally29_ball3_Clear.mp4,Clear,success,51.0,50.0,98.0392156862745,0.6366469439344876,0.6241636705240075,
09_set2_rally29_ball4_Clear.mp4,Clear,success,51.0,51.0,100.0,0.5484467606800063,0.5484467606800063,
09_set2_rally29_ball5_Smash.mp4,Smash,success,51.0,51.0,100.0,0.5320338761894363,0.5320338761894363,
09_set2_rally30_ball7_Smash.mp4,Smash,success,51.0,51.0,100.0,0.5554877611021587,0.5554877611021587,
09_set2_rally32_ball4_Clear.mp4,Clear,success,51.0,50.0,98.0392156862745,0.8473573693678236,0.8307425189880623,
09_set2_rally32_ball5_Clear.mp4,Clear,success,51.0,51.0,100.0,0.8040100638414343,0.8040100638414343,
09_set2_rally33_ball4_Smash.mp4,Smash,success,51.0,50.0,98.0392156862745,0.5023070129815658,0.49245785586428015,
09_set2_rally33_ball8_Clear.mp4,Clear,success,51.0,51.0,100.0,0.4976599829948485,0.4976599829948485,
09_set2_rally33_ball9_Smash.mp4,Smash,success,51.0,51.0,100.0,0.6233267750285579,0.6233267750285579,
09_set2_rally34_ball2_Smash.mp4,Smash,success,51.0,51.0,100.0,0.563676539378197,0.563676539378197,
09_set2_rally34_ball9_Clear.mp4,Clear,success,51.0,51.0,100.0,0.6654001741816162,0.6654001741816162,
09_set2_rally34_ball10_Smash.mp4,Smash,success,51.0,51.0,100.0,0.76723519029772,0.76723519029772,
10_set1_rally1_ball3_Clear.mp4,Clear,success,51.0,44.0,86.27450980392157,0.6040215084865465,0.5211165955570205,
10_set1_rally1_ball7_Clear.mp4,Clear,success,51.0,5.0,9.803921568627452,0.5545677734219066,0.05436938955116732,
10_set1_rally1_ball8_Clear.mp4,Clear,success,51.0,36.0,70.58823529411765,0.5284769906464851,0.37304258163281306,
10_set1_rally2_ball5_Clear.mp4,Clear,extraction_failed,,,,,,No poses detected in video
10_set1_rally3_ball2_Clear.mp4,Clear,success,51.0,38.0,74.50980392156863,0.5054220628332008,0.3765889879933653,
10_set1_rally3_ball3_Clear.mp4,Clear,success,51.0,17.0,33.33333333333333,0.4755093689217712,0.1585031229739237,
10_set1_rally3_ball10_Clear.mp4,Clear,extraction_failed,,,,,,No poses detected in video
10_set1_rally3_ball19_Clear.mp4,Clear,success,51.0,50.0,98.0392156862745,0.4639375914009787,0.4548407758833124,
10_set1_rally4_ball3_Clear.mp4,Clear,success,51.0,45.0,88.23529411764706,0.49606143954125315,0.43770127018345867,
10_set1_rally4_ball4_Smash.mp4,Smash,success,51.0,32.0,62.745098039215684,0.5417095560467604,0.33989619202933985,
10_set1_rally4_ball7_Clear.mp4,Clear,extraction_failed,,,,,,No poses detected in video
10_set1_rally4_ball8_Smash.mp4,Smash,extraction_failed,,,,,,No poses detected in video
10_set1_rally4_ball11_Smash.mp4,Smash,extraction_failed,,,,,,No poses detected in video
10_set1_rally4_ball17_Clear.mp4,Clear,success,51.0,42.0,82.35294117647058,0.534738789498806,0.4403731207637226,
10_set1_rally4_ball18_Clear.mp4,Clear,success,51.0,30.0,58.82352941176471,0.4689047345383601,0.2758263144343295,
10_set1_rally7_ball3_Clear.mp4,Clear,success,51.0,51.0,100.0,0.5435432833915469,0.5435432833915469,
10_set1_rally8_ball6_Smash.mp4,Smash,success,51.0,51.0,100.0,0.52015599673221,0.52015599673221,
10_set1_rally9_ball4_Clear.mp4,Clear,success,51.0,51.0,100.0,0.5821775928993537,0.5821775928993537,
10_set1_rally9_ball5_Clear.mp4,Clear,success,51.0,51.0,100.0,0.6285326976566485,0.6285326976566485,
10_set1_rally11_ball4_Smash.mp4,Smash,success,51.0,51.0,100.0,0.6715045351890678,0.6715045351890678,
10_set1_rally11_ball9_Clear.mp4,Clear,success,51.0,51.0,100.0,0.6586480324460382,0.6586480324460382,
10_set1_rally11_ball10_Clear.mp4,Clear,success,51.0,51.0,100.0,0.677314677181091,0.677314677181091,
10_set1_rally11_ball11_Clear.mp4,Clear,success,51.0,51.0,100.0,0.6384060882879681,0.6384060882879681,
10_set1_rally12_ball3_Clear.mp4,Clear,success,51.0,51.0,100.0,0.7166694954139488,0.7166694954139488,
10_set1_rally12_ball4_Smash.mp4,Smash,success,51.0,51.0,100.0,0.716424418183069,0.716424418183069,
10_set1_rally12_ball7_Clear.mp4,Clear,success,51.0,51.0,100.0,0.6913686787684196,0.6913686787684196,
10_set1_rally12_ball8_Clear.mp4,Clear,success,51.0,51.0,100.0,0.5909484300925452,0.5909484300925452,
10_set1_rally12_ball12_Clear.mp4,Clear,success,51.0,51.0,100.0,0.7511286278450623,0.7511286278450623,
10_set1_rally12_ball19_Clear.mp4,Clear,success,51.0,51.0,100.0,0.7306880406781908,0.7306880406781908,
10_set1_rally12_ball20_Smash.mp4,Smash,success,51.0,51.0,100.0,0.7062417604316931,0.7062417604316931,
10_set1_rally12_ball23_Clear.mp4,Clear,success,51.0,51.0,100.0,0.9088035267869049,0.9088035267869049,
10_set1_rally13_ball4_Smash.mp4,Smash,success,51.0,51.0,100.0,0.9363633936234549,0.9363633936234549,
10_set1_rally15_ball3_Smash.mp4,Smash,success,51.0,50.0,98.0392156862745,0.6518797334684342,0.6390977779102296,
10_set1_rally15_ball8_Smash.mp4,Smash,success,51.0,51.0,100.0,0.4929184852534849,0.4929184852534849,
10_set1_rally16_ball6_Clear.mp4,Clear,success,51.0,51.0,100.0,0.8078054462272323,0.8078054462272323,
10_set1_rally16_ball11_Smash.mp4,Smash,success,51.0,50.0,98.0392156862745,0.8713899687022875,0.8543038908845955,
10_set1_rally19_ball4_Clear.mp4,Clear,success,51.0,50.0,98.0392156862745,0.34886968738596996,0.3420291052803627,
10_set1_rally19_ball15_Clear.mp4,Clear,success,51.0,51.0,100.0,0.5170496062738617,0.5170496062738617,
10_set1_rally20_ball4_Clear.mp4,Clear,success,51.0,49.0,96.07843137254902,0.8277672174983948,0.7953057579886538,
10_set1_rally20_ball5_Smash.mp4,Smash,success,51.0,51.0,100.0,0.844642456627572,0.844642456627572,
10_set1_rally21_ball3_Smash.mp4,Smash,success,51.0,50.0,98.0392156862745,0.7379298190580623,0.723460606919669,
10_set1_rally21_ball6_Clear.mp4,Clear,success,51.0,51.0,100.0,0.7688063166313984,0.7688063166313984,
10_set1_rally21_ball7_Smash.mp4,Smash,success,51.0,51.0,100.0,0.8375714798184003,0.8375714798184003,
10_set1_rally21_ball15_Clear.mp4,Clear,success,51.0,50.0,98.0392156862745,0.682109161932655,0.6687344724829951,
10_set1_rally21_ball16_Smash.mp4,Smash,success,51.0,51.0,100.0,0.643473692741898,0.643473692741898,
10_set1_rally23_ball3_Clear.mp4,Clear,success,51.0,51.0,100.0,0.6256909221207554,0.6256909221207554,
10_set1_rally25_ball7_Clear.mp4,Clear,success,51.0,51.0,100.0,0.4619127575925646,0.4619127575925646,
10_set1_rally25_ball14_Smash.mp4,Smash,success,51.0,51.0,100.0,0.41981509441647635,0.41981509441647635,
10_set1_rally25_ball16_Smash.mp4,Smash,success,51.0,51.0,100.0,0.43041568551977855,0.43041568551977855,
10_set1_rally26_ball7_Clear.mp4,Clear,success,51.0,51.0,100.0,0.39858784504215394,0.39858784504215394,
10_set1_rally26_ball8_Clear.mp4,Clear,success,51.0,51.0,100.0,0.7786839719213197,0.7786839719213197,
10_set1_rally26_ball11_Clear.mp4,Clear,success,51.0,51.0,100.0,0.85997962636903,0.85997962636903,
10_set1_rally26_ball12_Clear.mp4,Clear,success,51.0,51.0,100.0,0.780662829157981,0.780662829157981,
10_set1_rally26_ball13_Clear.mp4,Clear,success,51.0,51.0,100.0,0.5371421698416653,0.5371421698416653,
10_set1_rally26_ball14_Clear.mp4,Clear,success,51.0,39.0,76.47058823529412,0.4803212513172422,0.3673044863014205,
10_set1_rally27_ball3_Clear.mp4,Clear,success,51.0,51.0,100.0,0.7825801486168246,0.7825801486168246,
10_set1_rally27_ball9_Clear.mp4,Clear,success,51.0,50.0,98.0392156862745,0.6693996577371251,0.6562741742520833,
10_set1_rally28_ball4_Clear.mp4,Clear,success,51.0,50.0,98.0392156862745,0.46021018661064744,0.45118645746141905,
10_set1_rally28_ball5_Clear.mp4,Clear,success,51.0,51.0,100.0,0.43900525645692945,0.43900525645692945,
10_set1_rally28_ball6_Clear.mp4,Clear,success,51.0,51.0,100.0,0.6196633379107348,0.6196633379107348,
10_set1_rally28_ball11_Clear.mp4,Clear,success,51.0,51.0,100.0,0.6341336451504953,0.6341336451504953,
10_set1_rally28_ball12_Clear.mp4,Clear,success,51.0,51.0,100.0,0.6638880898273478,0.6638880898273478,
10_set1_rally29_ball3_Clear.mp4,Clear,success,51.0,51.0,100.0,0.5276702308133067,0.5276702308133067,
10_set1_rally29_ball7_Clear.mp4,Clear,success,51.0,46.0,90.19607843137256,0.6629046848592111,0.597914029480857,
10_set1_rally29_ball8_Clear.mp4,Clear,success,51.0,51.0,100.0,0.6120592767462096,0.6120592767462096,
10_set1_rally29_ball9_Clear.mp4,Clear,success,51.0,51.0,100.0,0.6769096820515071,0.6769096820515071,
10_set1_rally29_ball14_Smash.mp4,Smash,success,51.0,51.0,100.0,0.6894844319400463,0.6894844319400463,
10_set1_rally29_ball16_Smash.mp4,Smash,success,51.0,51.0,100.0,0.6841905017002126,0.6841905017002126,
10_set1_rally30_ball3_Smash.mp4,Smash,success,51.0,51.0,100.0,0.731689064024214,0.731689064024214,
10_set1_rally31_ball4_Clear.mp4,Clear,success,51.0,51.0,100.0,0.8131368953404827,0.8131368953404827,
10_set1_rally31_ball8_Smash.mp4,Smash,success,51.0,49.0,96.07843137254902,0.8478804965472988,0.8146302809964243,
10_set1_rally32_ball3_Smash.mp4,Smash,success,51.0,50.0,98.0392156862745,0.7561105057025809,0.7412848095123341,
10_set1_rally33_ball6_Smash.mp4,Smash,success,51.0,50.0,98.0392156862745,0.6117870436591858,0.5997912192737115,
10_set1_rally33_ball11_Smash.mp4,Smash,success,51.0,51.0,100.0,0.598569347698018,0.598569347698018,
10_set1_rally33_ball17_Smash.mp4,Smash,success,51.0,12.0,23.52941176470588,0.5735725743607397,0.13495825279076226,
10_set1_rally35_ball3_Smash.mp4,Smash,success,51.0,51.0,100.0,0.6267299542593119,0.6267299542593119,
10_set1_rally35_ball10_Clear.mp4,Clear,success,51.0,51.0,100.0,0.4263957838776322,0.4263957838776322,
10_set1_rally36_ball3_Clear.mp4,Clear,success,51.0,51.0,100.0,0.7173025140175103,0.7173025140175103,
10_set1_rally36_ball4_Clear.mp4,Clear,success,51.0,51.0,100.0,0.7378708250949019,0.7378708250949019,
10_set1_rally36_ball7_Clear.mp4,Clear,success,51.0,51.0,100.0,0.6856289695454756,0.6856289695454756,
10_set1_rally36_ball8_Clear.mp4,Clear,success,51.0,51.0,100.0,0.6589216134813628,0.6589216134813628,
10_set2_rally5_ball5_Clear.mp4,Clear,success,51.0,50.0,98.0392156862745,0.4711391787683577,0.46190115565525264,
10_set2_rally5_ball6_Smash.mp4,Smash,success,51.0,51.0,100.0,0.39561748495807225,0.39561748495807225,
10_set2_rally6_ball4_Clear.mp4,Clear,success,51.0,51.0,100.0,0.5440033438917918,0.5440033438917918,
10_set2_rally6_ball10_Smash.mp4,Smash,success,51.0,51.0,100.0,0.5345930067667822,0.5345930067667822,
10_set2_rally8_ball5_Smash.mp4,Smash,success,51.0,50.0,98.0392156862745,0.8617434657703746,0.8448465350689948,
10_set2_rally9_ball6_Smash.mp4,Smash,success,51.0,51.0,100.0,0.897347646459397,0.897347646459397,
10_set2_rally9_ball11_Clear.mp4,Clear,success,51.0,50.0,98.0392156862745,0.8776303292630296,0.8604218914343428,
10_set2_rally9_ball12_Smash.mp4,Smash,success,51.0,51.0,100.0,0.83221849439244,0.83221849439244,
10_set2_rally10_ball6_Clear.mp4,Clear,success,51.0,51.0,100.0,0.9464472168552966,0.9464472168552966,
10_set2_rally10_ball10_Smash.mp4,Smash,success,51.0,51.0,100.0,0.9519908996968487,0.9519908996968487,
10_set2_rally11_ball3_Clear.mp4,Clear,success,51.0,51.0,100.0,0.8005256060465719,0.8005256060465719,
10_set2_rally11_ball4_Clear.mp4,Clear,success,51.0,51.0,100.0,0.6285470249601687,0.6285470249601687,
10_set2_rally11_ball8_Clear.mp4,Clear,success,51.0,51.0,100.0,0.7188981965027054,0.7188981965027054,
10_set2_rally11_ball18_Smash.mp4,Smash,success,51.0,51.0,100.0,0.7552675672918028,0.7552675672918028,
10_set2_rally11_ball20_Smash.mp4,Smash,success,51.0,51.0,100.0,0.7129990611390271,0.7129990611390271,
10_set2_rally11_ball24_Clear.mp4,Clear,success,51.0,51.0,100.0,0.7009069812735869,0.7009069812735869,
10_set2_rally11_ball25_Clear.mp4,Clear,success,51.0,51.0,100.0,0.7252733850713367,0.7252733850713367,
10_set2_rally11_ball29_Clear.mp4,Clear,success,51.0,51.0,100.0,0.6390037978000483,0.6390037978000483,
10_set2_rally17_ball3_Clear.mp4,Clear,success,51.0,51.0,100.0,0.599969496585836,0.599969496585836,
10_set2_rally18_ball4_Smash.mp4,Smash,success,51.0,50.0,98.0392156862745,0.6157349257961368,0.6036616919569968,
10_set2_rally20_ball3_Clear.mp4,Clear,success,51.0,50.0,98.0392156862745,0.7528431044226822,0.7380814749241982,
10_set2_rally20_ball4_Smash.mp4,Smash,success,51.0,46.0,90.19607843137256,0.6871132603272646,0.6197492151971407,
10_set2_rally20_ball9_Smash.mp4,Smash,success,51.0,51.0,100.0,0.5838574993542263,0.5838574993542263,
10_set2_rally21_ball5_Smash.mp4,Smash,success,51.0,51.0,100.0,0.570860356857211,0.570860356857211,
10_set2_rally22_ball3_Smash.mp4,Smash,success,51.0,51.0,100.0,0.6570195273321235,0.6570195273321235,
10_set2_rally26_ball15_Clear.mp4,Clear,success,51.0,50.0,98.0392156862745,0.8488703127295681,0.8322257967936942,
10_set2_rally28_ball6_Clear.mp4,Clear,success,51.0,51.0,100.0,0.6021825291284991,0.6021825291284991,
10_set2_rally28_ball9_Clear.mp4,Clear,success,51.0,51.0,100.0,0.5757174019292561,0.5757174019292561,
10_set2_rally30_ball3_Clear.mp4,Clear,success,51.0,50.0,98.0392156862745,0.6477962458395102,0.6350943586661865,
10_set2_rally30_ball4_Clear.mp4,Clear,success,51.0,51.0,100.0,0.617906821391626,0.617906821391626,
10_set2_rally30_ball9_Smash.mp4,Smash,success,51.0,51.0,100.0,0.7982180584962904,0.7982180584962904,
10_set2_rally32_ball7_Clear.mp4,Clear,success,51.0,51.0,100.0,0.5350810264508155,0.5350810264508155,
10_set2_rally32_ball8_Smash.mp4,Smash,success,51.0,51.0,100.0,0.49226482071115824,0.49226482071115824,
10_set2_rally33_ball6_Clear.mp4,Clear,success,51.0,51.0,100.0,0.5897947026113274,0.5897947026113274,
10_set2_rally33_ball7_Clear.mp4,Clear,success,51.0,51.0,100.0,0.7518127961300062,0.7518127961300062,
10_set2_rally33_ball8_Clear.mp4,Clear,success,51.0,51.0,100.0,0.8083894850882084,0.8083894850882084,
10_set2_rally34_ball3_Clear.mp4,Clear,success,51.0,50.0,98.0392156862745,0.5487047846175053,0.537945867272064,
10_set2_rally34_ball8_Clear.mp4,Clear,success,51.0,51.0,100.0,0.5311406719545649,0.5311406719545649,
10_set2_rally34_ball9_Clear.mp4,Clear,success,51.0,51.0,100.0,0.5716934337972956,0.5716934337972956,
10_set2_rally34_ball10_Smash.mp4,Smash,success,51.0,51.0,100.0,0.6168682777272473,0.6168682777272473,
10_set2_rally35_ball9_Smash.mp4,Smash,success,51.0,51.0,100.0,0.8052998414867077,0.8052998414867077,
10_set2_rally36_ball3_Clear.mp4,Clear,success,51.0,51.0,100.0,0.8086274645725885,0.8086274645725885,
10_set2_rally36_ball11_Clear.mp4,Clear,success,51.0,51.0,100.0,0.7017877282230577,0.7017877282230577,
10_set2_rally36_ball12_Clear.mp4,Clear,success,51.0,51.0,100.0,0.7111167195604464,0.7111167195604464,
10_set2_rally36_ball13_Clear.mp4,Clear,success,51.0,51.0,100.0,0.5911063029601243,0.5911063029601243,
10_set2_rally36_ball14_Smash.mp4,Smash,success,51.0,51.0,100.0,0.496576122769702,0.496576122769702,
11_set1_rally1_ball10_Clear.mp4,Clear,success,51.0,7.0,13.725490196078432,0.5402523133040958,0.07415227829664062,
11_set1_rally1_ball11_Clear.mp4,Clear,extraction_failed,,,,,,No poses detected in video
11_set1_rally1_ball12_Clear.mp4,Clear,extraction_failed,,,,,,No poses detected in video
11_set1_rally2_ball9_Smash.mp4,Smash,extraction_failed,,,,,,No poses detected in video
11_set1_rally3_ball5_Smash.mp4,Smash,extraction_failed,,,,,,No poses detected in video
11_set1_rally4_ball3_Clear.mp4,Clear,extraction_failed,,,,,,No poses detected in video
11_set1_rally4_ball4_Smash.mp4,Smash,extraction_failed,,,,,,No poses detected in video
11_set1_rally5_ball10_Smash.mp4,Smash,extraction_failed,,,,,,No poses detected in video
11_set1_rally6_ball5_Smash.mp4,Smash,extraction_failed,,,,,,No poses detected in video
11_set1_rally9_ball8_Smash.mp4,Smash,extraction_failed,,,,,,No poses detected in video
11_set1_rally10_ball8_Smash.mp4,Smash,extraction_failed,,,,,,No poses detected in video
11_set1_rally11_ball2_Clear.mp4,Clear,success,51.0,5.0,9.803921568627452,0.6083639395282123,0.05964352348315808,
11_set1_rally12_ball3_Smash.mp4,Smash,extraction_failed,,,,,,No poses detected in video
11_set1_rally13_ball5_Clear.mp4,Clear,extraction_failed,,,,,,No poses detected in video
11_set1_rally14_ball5_Clear.mp4,Clear,extraction_failed,,,,,,No poses detected in video
11_set1_rally16_ball6_Smash.mp4,Smash,extraction_failed,,,,,,No poses detected in video
11_set1_rally17_ball8_Clear.mp4,Clear,extraction_failed,,,,,,No poses detected in video
11_set1_rally17_ball13_Clear.mp4,Clear,extraction_failed,,,,,,No poses detected in video
11_set1_rally17_ball14_Clear.mp4,Clear,extraction_failed,,,,,,No poses detected in video
11_set1_rally17_ball15_Clear.mp4,Clear,extraction_failed,,,,,,No poses detected in video
11_set1_rally19_ball4_Clear.mp4,Clear,extraction_failed,,,,,,No poses detected in video
11_set1_rally20_ball11_Clear.mp4,Clear,extraction_failed,,,,,,No poses detected in video
11_set1_rally20_ball12_Smash.mp4,Smash,extraction_failed,,,,,,No poses detected in video
11_set1_rally20_ball15_Clear.mp4,Clear,extraction_failed,,,,,,No poses detected in video
11_set1_rally22_ball12_Smash.mp4,Smash,extraction_failed,,,,,,No poses detected in video
11_set1_rally23_ball12_Smash.mp4,Smash,extraction_failed,,,,,,No poses detected in video
11_set1_rally24_ball5_Smash.mp4,Smash,extraction_failed,,,,,,No poses detected in video
11_set1_rally25_ball14_Smash.mp4,Smash,extraction_failed,,,,,,No poses detected in video
11_set1_rally28_ball7_Clear.mp4,Clear,extraction_failed,,,,,,No poses detected in video
11_set1_rally28_ball8_Smash.mp4,Smash,extraction_failed,,,,,,No poses detected in video
11_set1_rally29_ball11_Smash.mp4,Smash,extraction_failed,,,,,,No poses detected in video
11_set1_rally31_ball4_Clear.mp4,Clear,extraction_failed,,,,,,No poses detected in video
11_set1_rally31_ball5_Clear.mp4,Clear,extraction_failed,,,,,,No poses detected in video
11_set1_rally31_ball6_Smash.mp4,Smash,extraction_failed,,,,,,No poses detected in video
11_set1_rally32_ball10_Clear.mp4,Clear,extraction_failed,,,,,,No poses detected in video
11_set1_rally33_ball5_Smash.mp4,Smash,extraction_failed,,,,,,No poses detected in video
11_set1_rally33_ball13_Clear.mp4,Clear,extraction_failed,,,,,,No poses detected in video
11_set1_rally33_ball14_Smash.mp4,Smash,extraction_failed,,,,,,No poses detected in video
11_set1_rally34_ball6_Smash.mp4,Smash,extraction_failed,,,,,,No poses detected in video
11_set1_rally34_ball16_Clear.mp4,Clear,extraction_failed,,,,,,No poses detected in video
11_set1_rally34_ball17_Clear.mp4,Clear,extraction_failed,,,,,,No poses detected in video
11_set1_rally34_ball18_Clear.mp4,Clear,extraction_failed,,,,,,No poses detected in video
11_set1_rally34_ball19_Clear.mp4,Clear,extraction_failed,,,,,,No poses detected in video
11_set1_rally34_ball20_Clear.mp4,Clear,extraction_failed,,,,,,No poses detected in video
11_set1_rally35_ball7_Smash.mp4,Smash,extraction_failed,,,,,,No poses detected in video
11_set1_rally35_ball12_Clear.mp4,Clear,extraction_failed,,,,,,No poses detected in video
11_set1_rally35_ball17_Smash.mp4,Smash,extraction_failed,,,,,,No poses detected in video
11_set1_rally37_ball14_Smash.mp4,Smash,extraction_failed,,,,,,No poses detected in video
11_set2_rally3_ball8_Clear.mp4,Clear,extraction_failed,,,,,,No poses detected in video
11_set2_rally3_ball9_Smash.mp4,Smash,extraction_failed,,,,,,No poses detected in video
11_set2_rally3_ball11_Smash.mp4,Smash,extraction_failed,,,,,,No poses detected in video
11_set2_rally3_ball13_Smash.mp4,Smash,extraction_failed,,,,,,No poses detected in video
11_set2_rally4_ball7_Clear.mp4,Clear,extraction_failed,,,,,,No poses detected in video
11_set2_rally4_ball12_Clear.mp4,Clear,extraction_failed,,,,,,No poses detected in video
11_set2_rally4_ball13_Smash.mp4,Smash,success,51.0,45.0,88.23529411764706,0.7991776225843817,0.7051567258097485,
11_set2_rally6_ball3_Clear.mp4,Clear,success,51.0,20.0,39.21568627450981,0.5897043172834497,0.23125659501311757,
11_set2_rally6_ball7_Clear.mp4,Clear,extraction_failed,,,,,,No poses detected in video
11_set2_rally6_ball8_Smash.mp4,Smash,extraction_failed,,,,,,No poses detected in video
11_set2_rally7_ball6_Smash.mp4,Smash,extraction_failed,,,,,,No poses detected in video
11_set2_rally10_ball5_Smash.mp4,Smash,extraction_failed,,,,,,No poses detected in video
11_set2_rally11_ball2_Smash.mp4,Smash,success,51.0,43.0,84.31372549019608,0.41477661868301374,0.34971361967391357,
11_set2_rally11_ball6_Clear.mp4,Clear,extraction_failed,,,,,,No poses detected in video
11_set2_rally11_ball7_Smash.mp4,Smash,extraction_failed,,,,,,No poses detected in video
11_set2_rally11_ball13_Smash.mp4,Smash,extraction_failed,,,,,,No poses detected in video
11_set2_rally11_ball19_Smash.mp4,Smash,extraction_failed,,,,,,No poses detected in video
11_set2_rally12_ball3_Smash.mp4,Smash,extraction_failed,,,,,,No poses detected in video
11_set2_rally14_ball6_Smash.mp4,Smash,extraction_failed,,,,,,No poses detected in video
11_set2_rally15_ball4_Smash.mp4,Smash,extraction_failed,,,,,,No poses detected in video
11_set2_rally15_ball10_Smash.mp4,Smash,extraction_failed,,,,,,No poses detected in video
11_set2_rally16_ball7_Smash.mp4,Smash,extraction_failed,,,,,,No poses detected in video
11_set2_rally18_ball5_Smash.mp4,Smash,extraction_failed,,,,,,No poses detected in video
11_set2_rally18_ball10_Smash.mp4,Smash,extraction_failed,,,,,,No poses detected in video
11_set2_rally18_ball14_Smash.mp4,Smash,extraction_failed,,,,,,No poses detected in video
11_set2_rally21_ball8_Clear.mp4,Clear,extraction_failed,,,,,,No poses detected in video
11_set2_rally21_ball9_Smash.mp4,Smash,extraction_failed,,,,,,No poses detected in video
11_set2_rally21_ball18_Smash.mp4,Smash,extraction_failed,,,,,,No poses detected in video
11_set2_rally24_ball22_Smash.mp4,Smash,extraction_failed,,,,,,No poses detected in video
11_set2_rally25_ball5_Smash.mp4,Smash,extraction_failed,,,,,,No poses detected in video
11_set2_rally25_ball10_Smash.mp4,Smash,extraction_failed,,,,,,No poses detected in video
11_set2_rally27_ball4_Smash.mp4,Smash,extraction_failed,,,,,,No poses detected in video
11_set2_rally28_ball2_Clear.mp4,Clear,success,51.0,1.0,1.9607843137254901,0.33658004219107557,0.0065996086704132465,
11_set2_rally28_ball11_Smash.mp4,Smash,extraction_failed,,,,,,No poses detected in video
11_set2_rally29_ball11_Clear.mp4,Clear,extraction_failed,,,,,,No poses detected in video
11_set2_rally29_ball12_Clear.mp4,Clear,extraction_failed,,,,,,No poses detected in video
11_set2_rally29_ball13_Clear.mp4,Clear,extraction_failed,,,,,,No poses detected in video
11_set2_rally29_ball14_Clear.mp4,Clear,extraction_failed,,,,,,No poses detected in video
11_set2_rally31_ball5_Smash.mp4,Smash,extraction_failed,,,,,,No poses detected in video
11_set2_rally32_ball13_Clear.mp4,Clear,extraction_failed,,,,,,No poses detected in video
11_set2_rally32_ball17_Smash.mp4,Smash,extraction_failed,,,,,,No poses detected in video
11_set2_rally32_ball22_Smash.mp4,Smash,extraction_failed,,,,,,No poses detected in video
11_set2_rally33_ball6_Smash.mp4,Smash,success,51.0,3.0,5.88235294117647,0.38666854003877055,0.022745208237574734,
11_set2_rally35_ball15_Clear.mp4,Clear,extraction_failed,,,,,,No poses detected in video
11_set2_rally35_ball28_Smash.mp4,Smash,extraction_failed,,,,,,No poses detected in video
11_set2_rally35_ball34_Smash.mp4,Smash,extraction_failed,,,,,,No poses detected in video
11_set2_rally35_ball40_Clear.mp4,Clear,extraction_failed,,,,,,No poses detected in video
11_set2_rally35_ball44_Clear.mp4,Clear,extraction_failed,,,,,,No poses detected in video
11_set2_rally36_ball2_Smash.mp4,Smash,success,51.0,8.0,15.686274509803921,0.4671894604989299,0.0732846212547341,
11_set2_rally36_ball8_Smash.mp4,Smash,extraction_failed,,,,,,No poses detected in video
11_set2_rally36_ball15_Clear.mp4,Clear,extraction_failed,,,,,,No poses detected in video
11_set2_rally36_ball16_Clear.mp4,Clear,extraction_failed,,,,,,No poses detected in video
11_set2_rally36_ball17_Clear.mp4,Clear,extraction_failed,,,,,,No poses detected in video
11_set2_rally36_ball24_Clear.mp4,Clear,extraction_failed,,,,,,No poses detected in video
11_set2_rally36_ball28_Clear.mp4,Clear,extraction_failed,,,,,,No poses detected in video
11_set2_rally37_ball6_Smash.mp4,Smash,extraction_failed,,,,,,No poses detected in video
11_set3_rally1_ball8_Clear.mp4,Clear,extraction_failed,,,,,,No poses detected in video
11_set3_rally1_ball9_Smash.mp4,Smash,extraction_failed,,,,,,No poses detected in video
11_set3_rally1_ball18_Clear.mp4,Clear,extraction_failed,,,,,,No poses detected in video
11_set3_rally2_ball10_Clear.mp4,Clear,extraction_failed,,,,,,No poses detected in video
11_set3_rally2_ball11_Clear.mp4,Clear,extraction_failed,,,,,,No poses detected in video
11_set3_rally2_ball12_Smash.mp4,Smash,extraction_failed,,,,,,No poses detected in video
11_set3_rally3_ball4_Smash.mp4,Smash,extraction_failed,,,,,,No poses detected in video
11_set3_rally4_ball3_Smash.mp4,Smash,extraction_failed,,,,,,No poses detected in video
11_set3_rally5_ball4_Clear.mp4,Clear,extraction_failed,,,,,,No poses detected in video
11_set3_rally5_ball5_Smash.mp4,Smash,extraction_failed,,,,,,No poses detected in video
11_set3_rally6_ball16_Clear.mp4,Clear,extraction_failed,,,,,,No poses detected in video
11_set3_rally6_ball20_Clear.mp4,Clear,extraction_failed,,,,,,No poses detected in video
11_set3_rally6_ball21_Smash.mp4,Smash,extraction_failed,,,,,,No poses detected in video
11_set3_rally7_ball10_Smash.mp4,Smash,extraction_failed,,,,,,No poses detected in video
11_set3_rally7_ball13_Clear.mp4,Clear,extraction_failed,,,,,,No poses detected in video
11_set3_rally7_ball14_Clear.mp4,Clear,extraction_failed,,,,,,No poses detected in video
11_set3_rally7_ball15_Smash.mp4,Smash,extraction_failed,,,,,,No poses detected in video
11_set3_rally7_ball18_Clear.mp4,Clear,extraction_failed,,,,,,No poses detected in video
11_set3_rally10_ball9_Smash.mp4,Smash,extraction_failed,,,,,,No poses detected in video
11_set3_rally10_ball13_Smash.mp4,Smash,extraction_failed,,,,,,No poses detected in video
11_set3_rally10_ball18_Smash.mp4,Smash,extraction_failed,,,,,,No poses detected in video
11_set3_rally13_ball10_Smash.mp4,Smash,extraction_failed,,,,,,No poses detected in video
11_set3_rally13_ball14_Clear.mp4,Clear,extraction_failed,,,,,,No poses detected in video
11_set3_rally13_ball15_Clear.mp4,Clear,extraction_failed,,,,,,No poses detected in video
11_set3_rally14_ball4_Clear.mp4,Clear,extraction_failed,,,,,,No poses detected in video
11_set3_rally14_ball5_Clear.mp4,Clear,extraction_failed,,,,,,No poses detected in video
11_set3_rally14_ball6_Smash.mp4,Smash,extraction_failed,,,,,,No poses detected in video
11_set3_rally14_ball10_Clear.mp4,Clear,extraction_failed,,,,,,No poses detected in video
11_set3_rally14_ball11_Smash.mp4,Smash,extraction_failed,,,,,,No poses detected in video
11_set3_rally14_ball13_Clear.mp4,Clear,extraction_failed,,,,,,No poses detected in video
11_set3_rally14_ball14_Clear.mp4,Clear,extraction_failed,,,,,,No poses detected in video
11_set3_rally14_ball22_Clear.mp4,Clear,extraction_failed,,,,,,No poses detected in video
11_set3_rally14_ball23_Smash.mp4,Smash,extraction_failed,,,,,,No poses detected in video
11_set3_rally16_ball3_Smash.mp4,Smash,extraction_failed,,,,,,No poses detected in video
11_set3_rally17_ball10_Clear.mp4,Clear,extraction_failed,,,,,,No poses detected in video
11_set3_rally17_ball16_Clear.mp4,Clear,extraction_failed,,,,,,No poses detected in video
11_set3_rally17_ball17_Clear.mp4,Clear,extraction_failed,,,,,,No poses detected in video
11_set3_rally20_ball4_Smash.mp4,Smash,extraction_failed,,,,,,No poses detected in video
11_set3_rally20_ball14_Smash.mp4,Smash,extraction_failed,,,,,,No poses detected in video
11_set3_rally21_ball7_Clear.mp4,Clear,success,51.0,1.0,1.9607843137254901,0.4941422212304491,0.009689063161381354,
11_set3_rally21_ball8_Clear.mp4,Clear,extraction_failed,,,,,,No poses detected in video
11_set3_rally21_ball9_Clear.mp4,Clear,success,51.0,2.0,3.9215686274509802,0.48792148020231363,0.019134175694208378,
11_set3_rally21_ball10_Smash.mp4,Smash,extraction_failed,,,,,,No poses detected in video
11_set3_rally24_ball3_Clear.mp4,Clear,success,51.0,51.0,100.0,0.39347904348067786,0.39347904348067786,
11_set3_rally24_ball4_Smash.mp4,Smash,success,51.0,6.0,11.76470588235294,0.35563003906458057,0.04183882812524477,
11_set3_rally25_ball4_Smash.mp4,Smash,extraction_failed,,,,,,No poses detected in video
11_set3_rally27_ball7_Clear.mp4,Clear,success,51.0,1.0,1.9607843137254901,0.34152628356506204,0.006696593795393373,
11_set3_rally27_ball8_Smash.mp4,Smash,extraction_failed,,,,,,No poses detected in video
11_set3_rally27_ball12_Smash.mp4,Smash,extraction_failed,,,,,,No poses detected in video
11_set3_rally27_ball15_Clear.mp4,Clear,extraction_failed,,,,,,No poses detected in video
11_set3_rally27_ball16_Smash.mp4,Smash,extraction_failed,,,,,,No poses detected in video
11_set3_rally28_ball3_Clear.mp4,Clear,extraction_failed,,,,,,No poses detected in video
11_set3_rally29_ball5_Smash.mp4,Smash,extraction_failed,,,,,,No poses detected in video
11_set3_rally30_ball2_Smash.mp4,Smash,success,51.0,19.0,37.254901960784316,0.3813799357643659,0.1420827211671167,
11_set3_rally31_ball3_Smash.mp4,Smash,extraction_failed,,,,,,No poses detected in video
11_set3_rally32_ball4_Clear.mp4,Clear,extraction_failed,,,,,,No poses detected in video
11_set3_rally32_ball13_Clear.mp4,Clear,extraction_failed,,,,,,No poses detected in video
11_set3_rally32_ball14_Smash.mp4,Smash,extraction_failed,,,,,,No poses detected in video
11_set3_rally32_ball30_Clear.mp4,Clear,extraction_failed,,,,,,No poses detected in video
11_set3_rally32_ball34_Clear.mp4,Clear,extraction_failed,,,,,,No poses detected in video
11_set3_rally32_ball35_Smash.mp4,Smash,extraction_failed,,,,,,No poses detected in video
11_set3_rally32_ball48_Clear.mp4,Clear,extraction_failed,,,,,,No poses detected in video
11_set3_rally33_ball7_Smash.mp4,Smash,extraction_failed,,,,,,No poses detected in video
11_set3_rally33_ball11_Clear.mp4,Clear,success,51.0,1.0,1.9607843137254901,0.34419776050543244,0.00674897569618495,
11_set3_rally33_ball12_Smash.mp4,Smash,extraction_failed,,,,,,No poses detected in video
11_set3_rally34_ball6_Clear.mp4,Clear,extraction_failed,,,,,,No poses detected in video
11_set3_rally34_ball7_Smash.mp4,Smash,extraction_failed,,,,,,No poses detected in video
13_set1_rally2_ball24_Clear.mp4,Clear,extraction_failed,,,,,,No poses detected in video
13_set1_rally2_ball25_Smash.mp4,Smash,success,51.0,11.0,21.568627450980394,0.5489160823058491,0.1183936648110655,
13_set1_rally4_ball8_Clear.mp4,Clear,extraction_failed,,,,,,No poses detected in video
13_set1_rally4_ball9_Smash.mp4,Smash,extraction_failed,,,,,,No poses detected in video
13_set1_rally9_ball3_Clear.mp4,Clear,success,51.0,37.0,72.54901960784314,0.8011235405952593,0.5812072745495018,
13_set1_rally9_ball13_Clear.mp4,Clear,success,51.0,51.0,100.0,0.8849927209100764,0.8849927209100764,
13_set1_rally9_ball20_Clear.mp4,Clear,extraction_failed,,,,,,No poses detected in video
13_set1_rally9_ball24_Clear.mp4,Clear,success,51.0,3.0,5.88235294117647,0.8395291900996006,0.04938407000585885,
13_set1_rally9_ball25_Smash.mp4,Smash,success,51.0,51.0,100.0,0.8254622166541384,0.8254622166541384,
13_set1_rally10_ball13_Clear.mp4,Clear,success,51.0,51.0,100.0,0.8966327800470238,0.8966327800470238,
13_set1_rally10_ball14_Clear.mp4,Clear,success,51.0,51.0,100.0,0.851302470106563,0.851302470106563,
13_set1_rally10_ball15_Clear.mp4,Clear,success,51.0,51.0,100.0,0.8428831794434762,0.8428831794434762,
13_set1_rally10_ball16_Clear.mp4,Clear,success,51.0,37.0,72.54901960784314,0.8443674138525195,0.6125802806381023,
13_set1_rally10_ball23_Clear.mp4,Clear,success,51.0,51.0,100.0,0.8635202623589435,0.8635202623589435,
13_set1_rally10_ball25_Smash.mp4,Smash,success,51.0,51.0,100.0,0.8242597483094081,0.8242597483094081,
13_set1_rally11_ball23_Clear.mp4,Clear,extraction_failed,,,,,,No poses detected in video
13_set1_rally11_ball24_Clear.mp4,Clear,success,51.0,40.0,78.43137254901961,0.8292737060762716,0.6504107498637425,
13_set1_rally11_ball25_Clear.mp4,Clear,success,51.0,51.0,100.0,0.8651017568080255,0.8651017568080255,
13_set1_rally11_ball26_Clear.mp4,Clear,success,51.0,51.0,100.0,0.8368521926308132,0.8368521926308132,
13_set1_rally11_ball27_Clear.mp4,Clear,success,51.0,51.0,100.0,0.8877874872936639,0.8877874872936639,
13_set1_rally13_ball11_Clear.mp4,Clear,extraction_failed,,,,,,No poses detected in video
13_set1_rally22_ball7_Clear.mp4,Clear,extraction_failed,,,,,,No poses detected in video
13_set1_rally23_ball6_Clear.mp4,Clear,extraction_failed,,,,,,No poses detected in video
13_set1_rally23_ball7_Smash.mp4,Smash,success,51.0,30.0,58.82352941176471,0.8211191313393812,0.4830112537290478,
13_set1_rally23_ball15_Clear.mp4,Clear,success,51.0,42.0,82.35294117647058,0.8449697069511957,0.695857405724514,
13_set1_rally23_ball25_Clear.mp4,Clear,success,51.0,51.0,100.0,0.8263167814438498,0.8263167814438498,
13_set1_rally26_ball3_Clear.mp4,Clear,success,51.0,51.0,100.0,0.9044982710553291,0.9044982710553291,
13_set1_rally26_ball4_Clear.mp4,Clear,success,51.0,51.0,100.0,0.8788312665068955,0.8788312665068955,
13_set1_rally26_ball21_Clear.mp4,Clear,success,51.0,43.0,84.31372549019608,0.7911718230703216,0.6670664390592908,
13_set1_rally26_ball22_Smash.mp4,Smash,success,51.0,41.0,80.3921568627451,0.8467763245149796,0.6807417510806699,
13_set1_rally26_ball37_Clear.mp4,Clear,extraction_failed,,,,,,No poses detected in video
13_set1_rally26_ball41_Clear.mp4,Clear,extraction_failed,,,,,,No poses detected in video
13_set1_rally26_ball52_Clear.mp4,Clear,success,51.0,26.0,50.98039215686274,0.9113814737343844,0.4646258493547842,
13_set1_rally26_ball59_Clear.mp4,Clear,success,51.0,51.0,100.0,0.9373636210134747,0.9373636210134747,
13_set1_rally27_ball4_Clear.mp4,Clear,success,51.0,7.0,13.725490196078432,0.9313046805786364,0.1278261326284403,
13_set1_rally27_ball5_Clear.mp4,Clear,success,51.0,38.0,74.50980392156863,0.884510035209203,0.6590466929009748,
13_set1_rally27_ball12_Clear.mp4,Clear,success,51.0,51.0,100.0,0.8595370930252654,0.8595370930252654,
13_set1_rally27_ball13_Clear.mp4,Clear,success,51.0,51.0,100.0,0.852518289271249,0.852518289271249,
13_set1_rally28_ball7_Clear.mp4,Clear,success,51.0,7.0,13.725490196078432,0.8931927345531844,0.12259508121318217,
13_set1_rally32_ball4_Clear.mp4,Clear,success,51.0,12.0,23.52941176470588,0.8614006542196179,0.20268250687520417,
13_set1_rally35_ball17_Clear.mp4,Clear,success,51.0,51.0,100.0,0.8568772277836281,0.8568772277836281,
13_set1_rally35_ball23_Clear.mp4,Clear,success,51.0,47.0,92.15686274509804,0.6746108958378749,0.6217002373407866,
13_set1_rally40_ball2_Clear.mp4,Clear,success,51.0,51.0,100.0,0.7021729400859734,0.7021729400859734,
13_set1_rally41_ball3_Smash.mp4,Smash,success,51.0,51.0,100.0,0.9156990815009379,0.9156990815009379,
13_set1_rally45_ball3_Smash.mp4,Smash,success,51.0,51.0,100.0,0.9118696390803342,0.9118696390803342,
13_set2_rally3_ball7_Clear.mp4,Clear,extraction_failed,,,,,,No poses detected in video
13_set2_rally3_ball8_Clear.mp4,Clear,extraction_failed,,,,,,No poses detected in video
13_set2_rally3_ball9_Smash.mp4,Smash,success,51.0,3.0,5.88235294117647,0.7897224223071878,0.04645426013571692,
13_set2_rally7_ball3_Smash.mp4,Smash,extraction_failed,,,,,,No poses detected in video
13_set2_rally9_ball12_Smash.mp4,Smash,extraction_failed,,,,,,No poses detected in video
13_set2_rally9_ball15_Smash.mp4,Smash,extraction_failed,,,,,,No poses detected in video
13_set2_rally10_ball27_Clear.mp4,Clear,success,51.0,28.0,54.90196078431373,0.7698380034900717,0.4226561587788629,
13_set2_rally13_ball4_Smash.mp4,Smash,success,51.0,51.0,100.0,0.8857841100267052,0.8857841100267052,
13_set2_rally14_ball6_Smash.mp4,Smash,extraction_failed,,,,,,No poses detected in video
13_set2_rally18_ball6_Smash.mp4,Smash,success,51.0,11.0,21.568627450980394,0.8417125421450485,0.18154584242344185,
13_set2_rally27_ball12_Clear.mp4,Clear,success,51.0,33.0,64.70588235294117,0.5799625238713264,0.3752698683873288,
13_set2_rally27_ball22_Smash.mp4,Smash,extraction_failed,,,,,,No poses detected in video
13_set2_rally27_ball37_Clear.mp4,Clear,success,51.0,5.0,9.803921568627452,0.5126026037967566,0.050255157234976144,
13_set2_rally27_ball40_Clear.mp4,Clear,success,51.0,51.0,100.0,0.4730353576512438,0.4730353576512438,
13_set2_rally27_ball41_Clear.mp4,Clear,success,51.0,51.0,100.0,0.48449696620579846,0.48449696620579846,
13_set2_rally27_ball42_Clear.mp4,Clear,success,51.0,8.0,15.686274509803921,0.47572087334243185,0.07462288209293048,
13_set2_rally27_ball49_Clear.mp4,Clear,success,51.0,50.0,98.0392156862745,0.49238264978844287,0.48272808802788514,
13_set2_rally27_ball50_Clear.mp4,Clear,success,51.0,26.0,50.98039215686274,0.4602113187677793,0.23461753505808355,
13_set2_rally27_ball54_Clear.mp4,Clear,success,51.0,51.0,100.0,0.508759728370807,0.508759728370807,
13_set2_rally27_ball59_Clear.mp4,Clear,success,51.0,51.0,100.0,0.5129593046476142,0.5129593046476142,
13_set2_rally27_ball60_Clear.mp4,Clear,success,51.0,51.0,100.0,0.4975991755066261,0.4975991755066261,
13_set2_rally27_ball61_Clear.mp4,Clear,success,51.0,37.0,72.54901960784314,0.5066234029091156,0.36755031191445636,
13_set2_rally27_ball62_Clear.mp4,Clear,extraction_failed,,,,,,No poses detected in video
13_set2_rally27_ball63_Clear.mp4,Clear,extraction_failed,,,,,,No poses detected in video
13_set2_rally28_ball13_Clear.mp4,Clear,extraction_failed,,,,,,No poses detected in video
13_set2_rally28_ball14_Clear.mp4,Clear,extraction_failed,,,,,,No poses detected in video
13_set2_rally28_ball23_Clear.mp4,Clear,extraction_failed,,,,,,No poses detected in video
13_set2_rally29_ball3_Smash.mp4,Smash,extraction_failed,,,,,,No poses detected in video
13_set2_rally32_ball6_Clear.mp4,Clear,extraction_failed,,,,,,No poses detected in video
13_set2_rally32_ball7_Clear.mp4,Clear,extraction_failed,,,,,,No poses detected in video
14_set1_rally8_ball8_Clear.mp4,Clear,success,51.0,1.0,1.9607843137254901,0.5060983916575258,0.00992349787563776,
14_set1_rally14_ball7_Smash.mp4,Smash,extraction_failed,,,,,,No poses detected in video
14_set1_rally14_ball14_Smash.mp4,Smash,extraction_failed,,,,,,No poses detected in video
14_set1_rally14_ball19_Smash.mp4,Smash,success,51.0,1.0,1.9607843137254901,0.521120046350089,0.01021804012451155,
14_set1_rally17_ball4_Clear.mp4,Clear,success,51.0,1.0,1.9607843137254901,0.5282854875831893,0.010358538972219397,
14_set1_rally17_ball11_Clear.mp4,Clear,success,51.0,22.0,43.13725490196079,0.4379694627928528,0.18892800355770123,
14_set1_rally18_ball9_Clear.mp4,Clear,extraction_failed,,,,,,No poses detected in video
14_set1_rally21_ball10_Clear.mp4,Clear,extraction_failed,,,,,,No poses detected in video
14_set1_rally21_ball27_Clear.mp4,Clear,extraction_failed,,,,,,No poses detected in video
14_set1_rally21_ball28_Clear.mp4,Clear,extraction_failed,,,,,,No poses detected in video
14_set1_rally25_ball24_Clear.mp4,Clear,extraction_failed,,,,,,No poses detected in video
14_set1_rally25_ball27_Smash.mp4,Smash,extraction_failed,,,,,,No poses detected in video
14_set1_rally25_ball32_Clear.mp4,Clear,extraction_failed,,,,,,No poses detected in video
14_set1_rally25_ball33_Clear.mp4,Clear,extraction_failed,,,,,,No poses detected in video
14_set1_rally27_ball7_Clear.mp4,Clear,success,51.0,1.0,1.9607843137254901,0.4821231970281312,0.009453396020159436,
14_set1_rally32_ball4_Clear.mp4,Clear,extraction_failed,,,,,,No poses detected in video
14_set1_rally34_ball7_Clear.mp4,Clear,success,51.0,31.0,60.78431372549019,0.5684532105265899,0.34553038286910365,
14_set1_rally35_ball8_Clear.mp4,Clear,success,51.0,2.0,3.9215686274509802,0.5060122561725703,0.019843617889120403,
14_set2_rally2_ball6_Clear.mp4,Clear,success,51.0,1.0,1.9607843137254901,0.49526030773466284,0.00971098642616986,
14_set2_rally12_ball15_Clear.mp4,Clear,extraction_failed,,,,,,No poses detected in video
14_set2_rally12_ball28_Clear.mp4,Clear,extraction_failed,,,,,,No poses detected in video
14_set2_rally13_ball2_Clear.mp4,Clear,extraction_failed,,,,,,No poses detected in video
14_set2_rally13_ball10_Clear.mp4,Clear,extraction_failed,,,,,,No poses detected in video
14_set2_rally14_ball13_Clear.mp4,Clear,extraction_failed,,,,,,No poses detected in video
14_set2_rally14_ball14_Clear.mp4,Clear,success,51.0,2.0,3.9215686274509802,0.48565539333856467,0.01904530954268881,
14_set2_rally21_ball5_Smash.mp4,Smash,success,51.0,17.0,33.33333333333333,0.44122485515002474,0.14707495171667487,
14_set2_rally29_ball2_Clear.mp4,Clear,extraction_failed,,,,,,No poses detected in video
14_set2_rally30_ball3_Clear.mp4,Clear,extraction_failed,,,,,,No poses detected in video
14_set3_rally1_ball8_Clear.mp4,Clear,success,51.0,51.0,100.0,0.4291418503963967,0.4291418503963967,
14_set3_rally4_ball26_Clear.mp4,Clear,success,51.0,1.0,1.9607843137254901,0.4175806621258909,0.008187856120115508,
14_set3_rally9_ball12_Clear.mp4,Clear,extraction_failed,,,,,,No poses detected in video
14_set3_rally11_ball16_Clear.mp4,Clear,extraction_failed,,,,,,No poses detected in video
14_set3_rally11_ball23_Clear.mp4,Clear,extraction_failed,,,,,,No poses detected in video
14_set3_rally11_ball24_Clear.mp4,Clear,success,51.0,1.0,1.9607843137254901,0.44049125097014685,0.00863708335235582,
14_set3_rally11_ball28_Clear.mp4,Clear,extraction_failed,,,,,,No poses detected in video
14_set3_rally11_ball32_Clear.mp4,Clear,extraction_failed,,,,,,No poses detected in video
14_set3_rally13_ball4_Clear.mp4,Clear,extraction_failed,,,,,,No poses detected in video
14_set3_rally13_ball5_Clear.mp4,Clear,success,51.0,1.0,1.9607843137254901,0.46062883870168164,0.009031938013758463,
14_set3_rally14_ball3_Clear.mp4,Clear,extraction_failed,,,,,,No poses detected in video
14_set3_rally14_ball13_Clear.mp4,Clear,extraction_failed,,,,,,No poses detected in video
14_set3_rally14_ball14_Clear.mp4,Clear,extraction_failed,,,,,,No poses detected in video
14_set3_rally15_ball13_Clear.mp4,Clear,success,51.0,8.0,15.686274509803921,0.5642255096498765,0.08850596229801984,
14_set3_rally15_ball14_Clear.mp4,Clear,extraction_failed,,,,,,No poses detected in video
14_set3_rally16_ball13_Clear.mp4,Clear,extraction_failed,,,,,,No poses detected in video
14_set3_rally16_ball19_Clear.mp4,Clear,extraction_failed,,,,,,No poses detected in video
14_set3_rally17_ball18_Clear.mp4,Clear,extraction_failed,,,,,,No poses detected in video
14_set3_rally17_ball27_Clear.mp4,Clear,extraction_failed,,,,,,No poses detected in video
14_set3_rally17_ball31_Clear.mp4,Clear,extraction_failed,,,,,,No poses detected in video
14_set3_rally21_ball8_Clear.mp4,Clear,extraction_failed,,,,,,No poses detected in video
14_set3_rally24_ball8_Clear.mp4,Clear,extraction_failed,,,,,,No poses detected in video
14_set3_rally24_ball12_Clear.mp4,Clear,extraction_failed,,,,,,No poses detected in video
14_set3_rally24_ball15_Clear.mp4,Clear,extraction_failed,,,,,,No poses detected in video
14_set3_rally25_ball14_Clear.mp4,Clear,extraction_failed,,,,,,No poses detected in video
14_set3_rally33_ball10_Clear.mp4,Clear,success,51.0,1.0,1.9607843137254901,0.6572021327235482,0.01288631632791271,
15_set1_rally1_ball7_Clear.mp4,Clear,success,51.0,47.0,92.15686274509804,0.6338125729782258,0.5841017829407179,
15_set1_rally2_ball8_Smash.mp4,Smash,success,51.0,15.0,29.411764705882355,0.5971430991635179,0.17563032328338762,
15_set1_rally7_ball12_Clear.mp4,Clear,success,51.0,40.0,78.43137254901961,0.620864399621171,0.4869524702911146,
15_set1_rally9_ball3_Clear.mp4,Clear,success,51.0,31.0,60.78431372549019,0.5670782247501791,0.34469460720108924,
15_set1_rally9_ball4_Smash.mp4,Smash,success,51.0,48.0,94.11764705882352,0.6561406566810659,0.6175441474645326,
15_set1_rally9_ball8_Clear.mp4,Clear,success,51.0,41.0,80.3921568627451,0.7328378171793879,0.5891441275363707,
15_set1_rally11_ball4_Smash.mp4,Smash,success,51.0,51.0,100.0,0.7380936640230092,0.7380936640230092,
15_set1_rally12_ball9_Smash.mp4,Smash,success,51.0,45.0,88.23529411764706,0.6430101908130563,0.5673619330703438,
15_set1_rally12_ball12_Smash.mp4,Smash,success,51.0,50.0,98.0392156862745,0.611182130045361,0.5991981667111382,
15_set1_rally12_ball16_Smash.mp4,Smash,success,51.0,38.0,74.50980392156863,0.6583036958321318,0.49050079297296095,
15_set1_rally13_ball2_Clear.mp4,Clear,success,51.0,40.0,78.43137254901961,0.6343125752728394,0.49750005903752115,
15_set1_rally13_ball7_Smash.mp4,Smash,success,51.0,48.0,94.11764705882352,0.8824435338622543,0.8305350906938863,
15_set1_rally20_ball8_Clear.mp4,Clear,success,51.0,51.0,100.0,0.8683335843429066,0.8683335843429066,
15_set1_rally22_ball8_Clear.mp4,Clear,success,51.0,50.0,98.0392156862745,0.6666345877005135,0.6535633212750133,
15_set1_rally22_ball15_Clear.mp4,Clear,success,51.0,39.0,76.47058823529412,0.6116687709070516,0.4677467071642159,
15_set1_rally22_ball20_Clear.mp4,Clear,success,51.0,43.0,84.31372549019608,0.6780864412250873,0.5717199406407599,
15_set1_rally22_ball21_Clear.mp4,Clear,success,51.0,42.0,82.35294117647058,0.6683641180589601,0.5504175089897319,
15_set1_rally22_ball24_Smash.mp4,Smash,success,51.0,47.0,92.15686274509804,0.6737852399272731,0.6209393387565065,
15_set1_rally23_ball6_Smash.mp4,Smash,success,51.0,50.0,98.0392156862745,0.6361274958348296,0.6236544076812055,
15_set1_rally24_ball2_Smash.mp4,Smash,success,51.0,50.0,98.0392156862745,0.628802488507537,0.6164730279485656,
15_set1_rally27_ball8_Clear.mp4,Clear,success,51.0,40.0,78.43137254901961,0.6545469851631985,0.5133701844417244,
15_set1_rally27_ball9_Clear.mp4,Clear,success,51.0,49.0,96.07843137254902,0.589539555005439,0.5664203567699316,
15_set1_rally27_ball10_Smash.mp4,Smash,success,51.0,46.0,90.19607843137256,0.6170075330942678,0.5565165984771827,
15_set1_rally28_ball2_Smash.mp4,Smash,success,51.0,36.0,70.58823529411765,0.6194554362839466,0.43726266090631527,
15_set1_rally29_ball15_Smash.mp4,Smash,success,51.0,51.0,100.0,0.6513084984077457,0.6513084984077457,
15_set1_rally32_ball2_Smash.mp4,Smash,success,51.0,42.0,82.35294117647058,0.6351876135802631,0.5230956817719814,
15_set1_rally34_ball2_Smash.mp4,Smash,success,51.0,28.0,54.90196078431373,0.6121402758524404,0.33607701419349667,
15_set1_rally36_ball17_Clear.mp4,Clear,success,51.0,2.0,3.9215686274509802,0.7067274541565867,0.027714802123787713,
15_set1_rally36_ball18_Smash.mp4,Smash,success,51.0,26.0,50.98039215686274,0.7170380511405794,0.3655488103853934,
15_set1_rally36_ball22_Clear.mp4,Clear,success,51.0,41.0,80.3921568627451,0.692827552846266,0.5569790130724883,
15_set1_rally36_ball27_Clear.mp4,Clear,success,51.0,45.0,88.23529411764706,0.6867743153764745,0.6059773370968893,
15_set1_rally36_ball28_Clear.mp4,Clear,success,51.0,51.0,100.0,0.7841929837214675,0.7841929837214675,
15_set1_rally38_ball2_Smash.mp4,Smash,success,51.0,51.0,100.0,0.8215052375765833,0.8215052375765833,
15_set2_rally1_ball4_Smash.mp4,Smash,success,51.0,26.0,50.98039215686274,0.7382343411897169,0.37635476217514974,
15_set2_rally2_ball5_Smash.mp4,Smash,success,51.0,24.0,47.05882352941176,0.7862824144545925,0.37001525386098466,
15_set2_rally4_ball4_Clear.mp4,Clear,success,51.0,46.0,90.19607843137256,0.6927599310609321,0.6248422907608407,
15_set2_rally4_ball5_Smash.mp4,Smash,success,51.0,50.0,98.0392156862745,0.7350501981196981,0.7206374491369588,
15_set2_rally7_ball3_Clear.mp4,Clear,success,51.0,34.0,66.66666666666666,0.8409333611820258,0.560622240788017,
15_set2_rally7_ball4_Smash.mp4,Smash,success,51.0,51.0,100.0,0.8649181531595462,0.8649181531595462,
15_set2_rally8_ball6_Smash.mp4,Smash,success,51.0,44.0,86.27450980392157,0.7973253431086244,0.6878885313094014,
15_set2_rally8_ball12_Smash.mp4,Smash,success,51.0,34.0,66.66666666666666,0.7428755099236062,0.4952503399490707,
15_set2_rally11_ball14_Clear.mp4,Clear,success,51.0,50.0,98.0392156862745,0.7468377710592867,0.7321938931953791,
15_set2_rally11_ball15_Clear.mp4,Clear,success,51.0,51.0,100.0,0.8227863515407928,0.8227863515407928,
15_set2_rally11_ball26_Clear.mp4,Clear,success,51.0,51.0,100.0,0.8554658792404967,0.8554658792404967,
15_set2_rally12_ball6_Smash.mp4,Smash,success,51.0,51.0,100.0,0.8628497422715418,0.8628497422715418,
15_set2_rally14_ball6_Smash.mp4,Smash,success,51.0,40.0,78.43137254901961,0.7369203439902985,0.5779767403845479,
15_set2_rally14_ball17_Smash.mp4,Smash,success,51.0,25.0,49.01960784313725,0.647869132919745,0.31758290829399266,
15_set2_rally15_ball8_Smash.mp4,Smash,success,51.0,51.0,100.0,0.7927242282845757,0.7927242282845757,
15_set2_rally16_ball5_Smash.mp4,Smash,success,51.0,51.0,100.0,0.8968549670648233,0.8968549670648233,
15_set2_rally16_ball9_Clear.mp4,Clear,success,51.0,51.0,100.0,0.8691188253891731,0.8691188253891731,
15_set2_rally18_ball3_Clear.mp4,Clear,success,51.0,51.0,100.0,0.8293866066973758,0.8293866066973758,
15_set2_rally20_ball17_Clear.mp4,Clear,success,51.0,51.0,100.0,0.8399392091583369,0.8399392091583369,
15_set2_rally21_ball4_Smash.mp4,Smash,success,51.0,50.0,98.0392156862745,0.8893517046805584,0.8719134359613316,
15_set2_rally23_ball2_Smash.mp4,Smash,success,51.0,51.0,100.0,0.9145428886317243,0.9145428886317243,
15_set2_rally24_ball10_Smash.mp4,Smash,success,51.0,1.0,1.9607843137254901,0.8356463222792654,0.01638522200547579,
15_set2_rally25_ball4_Clear.mp4,Clear,success,51.0,40.0,78.43137254901961,0.805155658730134,0.6314946342981443,
15_set2_rally31_ball16_Smash.mp4,Smash,success,51.0,50.0,98.0392156862745,0.8511520169991437,0.8344627617638664,
15_set2_rally32_ball3_Smash.mp4,Smash,extraction_failed,,,,,,No poses detected in video
15_set2_rally34_ball4_Clear.mp4,Clear,success,51.0,38.0,74.50980392156863,0.7830803009523514,0.5834715967880265,
15_set2_rally36_ball15_Clear.mp4,Clear,success,51.0,51.0,100.0,0.8767488416609706,0.8767488416609706,
15_set2_rally36_ball16_Clear.mp4,Clear,success,51.0,51.0,100.0,0.9079656849039217,0.9079656849039217,
15_set3_rally1_ball14_Smash.mp4,Smash,success,51.0,51.0,100.0,0.8461470055619096,0.8461470055619096,
15_set3_rally2_ball4_Smash.mp4,Smash,success,51.0,37.0,72.54901960784314,0.9115857268473516,0.6613465077127845,
15_set3_rally6_ball7_Clear.mp4,Clear,success,51.0,6.0,11.76470588235294,0.8165701343254609,0.09606707462652479,
15_set3_rally6_ball8_Smash.mp4,Smash,success,51.0,41.0,80.3921568627451,0.7203127254139293,0.5790749361170805,
15_set3_rally6_ball10_Smash.mp4,Smash,success,51.0,50.0,98.0392156862745,0.6670114606108433,0.6539328045204346,
15_set3_rally7_ball2_Clear.mp4,Clear,success,51.0,42.0,82.35294117647058,0.6168063288308124,0.5079581531547867,
15_set3_rally13_ball6_Smash.mp4,Smash,success,51.0,26.0,50.98039215686274,0.6171550395872752,0.31462805939743443,
15_set3_rally16_ball6_Clear.mp4,Clear,success,51.0,50.0,98.0392156862745,0.7184149646416222,0.7043283967074727,
15_set3_rally16_ball7_Clear.mp4,Clear,success,51.0,51.0,100.0,0.686388948060853,0.686388948060853,
15_set3_rally16_ball20_Clear.mp4,Clear,success,51.0,44.0,86.27450980392157,0.7550703227710115,0.6514332196455785,
15_set3_rally16_ball21_Clear.mp4,Clear,success,51.0,47.0,92.15686274509804,0.7633228434901429,0.7034543851771905,
15_set3_rally16_ball26_Clear.mp4,Clear,success,51.0,49.0,96.07843137254902,0.708572104769576,0.6807849634060632,
15_set3_rally16_ball27_Clear.mp4,Clear,success,51.0,51.0,100.0,0.6837311471100609,0.6837311471100609,
15_set3_rally16_ball28_Clear.mp4,Clear,success,51.0,33.0,64.70588235294117,0.7657583612384218,0.49549070433074344,
15_set3_rally16_ball29_Clear.mp4,Clear,success,51.0,22.0,43.13725490196079,0.7812935342760782,0.33702858341321024,
15_set3_rally21_ball8_Clear.mp4,Clear,success,51.0,3.0,5.88235294117647,0.7545843219215219,0.044387313054207164,
15_set3_rally21_ball13_Clear.mp4,Clear,success,51.0,51.0,100.0,0.8368021396923405,0.8368021396923405,
15_set3_rally22_ball3_Clear.mp4,Clear,success,51.0,51.0,100.0,0.8684033007580682,0.8684033007580682,
15_set3_rally24_ball2_Smash.mp4,Smash,success,51.0,21.0,41.17647058823529,0.7879877478787394,0.3244655432441868,
15_set3_rally27_ball7_Clear.mp4,Clear,success,51.0,29.0,56.86274509803921,0.7416819080879743,0.4217406928343383,
15_set3_rally28_ball3_Clear.mp4,Clear,success,51.0,38.0,74.50980392156863,0.6735909215190956,0.5018912748573654,
16_set1_rally1_ball15_Smash.mp4,Smash,success,51.0,14.0,27.450980392156865,0.5681597459873166,0.1559654204671065,
16_set1_rally3_ball2_Clear.mp4,Clear,success,51.0,51.0,100.0,0.48921662968216517,0.48921662968216517,
16_set1_rally3_ball11_Smash.mp4,Smash,success,51.0,6.0,11.76470588235294,0.4934957717554737,0.05805832608887925,
16_set1_rally3_ball15_Smash.mp4,Smash,success,51.0,6.0,11.76470588235294,0.44719848687751124,0.0526115866914719,
16_set1_rally4_ball4_Smash.mp4,Smash,extraction_failed,,,,,,No poses detected in video
16_set1_rally4_ball7_Smash.mp4,Smash,extraction_failed,,,,,,No poses detected in video
16_set1_rally6_ball3_Smash.mp4,Smash,extraction_failed,,,,,,No poses detected in video
16_set1_rally6_ball11_Smash.mp4,Smash,success,51.0,20.0,39.21568627450981,0.4340953335278865,0.17023346412858295,
16_set1_rally8_ball4_Smash.mp4,Smash,success,51.0,30.0,58.82352941176471,0.5865085492777758,0.345005028986927,
16_set1_rally8_ball12_Smash.mp4,Smash,extraction_failed,,,,,,No poses detected in video
16_set1_rally8_ball16_Smash.mp4,Smash,success,51.0,2.0,3.9215686274509802,0.6647327813235197,0.026067952208765476,
16_set1_rally11_ball3_Smash.mp4,Smash,extraction_failed,,,,,,No poses detected in video
16_set1_rally11_ball7_Smash.mp4,Smash,success,51.0,4.0,7.8431372549019605,0.5997391822888996,0.047038367238345064,
16_set1_rally11_ball13_Smash.mp4,Smash,extraction_failed,,,,,,No poses detected in video
16_set1_rally11_ball16_Smash.mp4,Smash,success,51.0,15.0,29.411764705882355,0.5084284215262442,0.14953777103713067,
16_set1_rally11_ball20_Clear.mp4,Clear,extraction_failed,,,,,,No poses detected in video
16_set1_rally15_ball9_Smash.mp4,Smash,success,51.0,12.0,23.52941176470588,0.5763369328021675,0.13560869007109821,
16_set1_rally19_ball7_Smash.mp4,Smash,extraction_failed,,,,,,No poses detected in video
16_set1_rally24_ball6_Smash.mp4,Smash,extraction_failed,,,,,,No poses detected in video
16_set1_rally27_ball4_Smash.mp4,Smash,success,51.0,16.0,31.372549019607842,0.5507128453314907,0.17277265735889905,
16_set1_rally27_ball8_Smash.mp4,Smash,success,51.0,17.0,33.33333333333333,0.49239364458304463,0.16413121486101484,
16_set1_rally27_ball11_Smash.mp4,Smash,extraction_failed,,,,,,No poses detected in video
16_set1_rally28_ball13_Smash.mp4,Smash,extraction_failed,,,,,,No poses detected in video
16_set1_rally29_ball4_Smash.mp4,Smash,extraction_failed,,,,,,No poses detected in video
16_set1_rally30_ball5_Smash.mp4,Smash,extraction_failed,,,,,,No poses detected in video
16_set1_rally32_ball5_Smash.mp4,Smash,extraction_failed,,,,,,No poses detected in video
16_set1_rally32_ball12_Smash.mp4,Smash,extraction_failed,,,,,,No poses detected in video
16_set1_rally33_ball5_Smash.mp4,Smash,success,51.0,6.0,11.76470588235294,0.5208755594988664,0.06127947758810193,
16_set1_rally33_ball21_Smash.mp4,Smash,extraction_failed,,,,,,No poses detected in video
16_set1_rally34_ball4_Smash.mp4,Smash,extraction_failed,,,,,,No poses detected in video
16_set1_rally35_ball5_Smash.mp4,Smash,success,51.0,27.0,52.94117647058824,0.5297899292123438,0.2804770213477114,
16_set1_rally36_ball4_Smash.mp4,Smash,extraction_failed,,,,,,No poses detected in video
16_set1_rally38_ball9_Smash.mp4,Smash,extraction_failed,,,,,,No poses detected in video
16_set1_rally40_ball4_Smash.mp4,Smash,extraction_failed,,,,,,No poses detected in video
16_set1_rally42_ball4_Smash.mp4,Smash,extraction_failed,,,,,,No poses detected in video
16_set2_rally4_ball2_Smash.mp4,Smash,extraction_failed,,,,,,No poses detected in video
16_set2_rally5_ball9_Smash.mp4,Smash,extraction_failed,,,,,,No poses detected in video
16_set2_rally5_ball11_Smash.mp4,Smash,success,51.0,2.0,3.9215686274509802,0.5296612270176411,0.02077102851049573,
16_set2_rally5_ball14_Clear.mp4,Clear,success,51.0,11.0,21.568627450980394,0.7283010337881476,0.1570845366994044,
16_set2_rally6_ball4_Smash.mp4,Smash,success,51.0,51.0,100.0,0.8794076488227697,0.8794076488227697,
16_set2_rally8_ball6_Smash.mp4,Smash,success,51.0,24.0,47.05882352941176,0.8296910727660011,0.39044285777223575,
16_set2_rally8_ball9_Smash.mp4,Smash,extraction_failed,,,,,,No poses detected in video
16_set2_rally8_ball15_Clear.mp4,Clear,extraction_failed,,,,,,No poses detected in video
16_set2_rally10_ball3_Smash.mp4,Smash,success,51.0,27.0,52.94117647058824,0.8457132687606127,0.44773055404973616,
16_set2_rally10_ball6_Smash.mp4,Smash,success,51.0,51.0,100.0,0.8399565256622953,0.8399565256622953,
16_set2_rally11_ball5_Smash.mp4,Smash,success,51.0,51.0,100.0,0.8767245820924346,0.8767245820924346,
16_set2_rally11_ball8_Clear.mp4,Clear,extraction_failed,,,,,,No poses detected in video
16_set2_rally12_ball2_Smash.mp4,Smash,extraction_failed,,,,,,No poses detected in video
16_set2_rally12_ball5_Smash.mp4,Smash,extraction_failed,,,,,,No poses detected in video
16_set2_rally13_ball4_Smash.mp4,Smash,extraction_failed,,,,,,No poses detected in video
16_set2_rally16_ball3_Smash.mp4,Smash,success,51.0,2.0,3.9215686274509802,0.8156797041495641,0.03198743937841428,
16_set2_rally17_ball4_Smash.mp4,Smash,extraction_failed,,,,,,No poses detected in video
16_set2_rally17_ball8_Smash.mp4,Smash,extraction_failed,,,,,,No poses detected in video
16_set2_rally17_ball20_Clear.mp4,Clear,extraction_failed,,,,,,No poses detected in video
16_set2_rally17_ball24_Smash.mp4,Smash,extraction_failed,,,,,,No poses detected in video
16_set2_rally18_ball4_Smash.mp4,Smash,extraction_failed,,,,,,No poses detected in video
16_set2_rally25_ball4_Smash.mp4,Smash,success,51.0,27.0,52.94117647058824,0.7535848365814397,0.398956678190174,
16_set2_rally29_ball5_Smash.mp4,Smash,success,51.0,51.0,100.0,0.8275666430247233,0.8275666430247233,
16_set2_rally31_ball3_Smash.mp4,Smash,success,51.0,51.0,100.0,0.8751260871095312,0.8751260871095312,
16_set2_rally31_ball6_Smash.mp4,Smash,success,51.0,51.0,100.0,0.6315766125164851,0.6315766125164851,
16_set2_rally31_ball9_Smash.mp4,Smash,success,51.0,51.0,100.0,0.4109715869996971,0.4109715869996971,
17_set1_rally2_ball5_Smash.mp4,Smash,success,51.0,51.0,100.0,0.45203568279893713,0.45203568279893713,
17_set1_rally3_ball5_Smash.mp4,Smash,success,51.0,51.0,100.0,0.5991503460319725,0.5991503460319725,
17_set1_rally4_ball4_Smash.mp4,Smash,success,51.0,51.0,100.0,0.8292393447013393,0.8292393447013393,
17_set1_rally6_ball4_Smash.mp4,Smash,success,51.0,37.0,72.54901960784314,0.5663033122830217,0.41084750106807455,
17_set1_rally8_ball5_Clear.mp4,Clear,success,51.0,39.0,76.47058823529412,0.55737296695059,0.42622638649162764,
17_set1_rally8_ball6_Clear.mp4,Clear,extraction_failed,,,,,,No poses detected in video
17_set1_rally8_ball10_Smash.mp4,Smash,extraction_failed,,,,,,No poses detected in video
17_set1_rally8_ball17_Clear.mp4,Clear,success,51.0,32.0,62.745098039215684,0.538792407619908,0.3380658243889619,
17_set1_rally8_ball18_Smash.mp4,Smash,success,51.0,13.0,25.49019607843137,0.5079403432793829,0.1294749894633721,
17_set1_rally9_ball5_Smash.mp4,Smash,success,51.0,28.0,54.90196078431373,0.5541710577324613,0.3042507767942925,
17_set1_rally9_ball10_Clear.mp4,Clear,extraction_failed,,,,,,No poses detected in video
17_set1_rally9_ball11_Smash.mp4,Smash,extraction_failed,,,,,,No poses detected in video
17_set1_rally9_ball13_Clear.mp4,Clear,success,51.0,35.0,68.62745098039215,0.5385918305413183,0.36962184448914004,
17_set1_rally9_ball14_Clear.mp4,Clear,success,51.0,6.0,11.76470588235294,0.5958854233977772,0.07010416745856202,
17_set1_rally9_ball15_Clear.mp4,Clear,extraction_failed,,,,,,No poses detected in video
17_set1_rally12_ball8_Smash.mp4,Smash,extraction_failed,,,,,,No poses detected in video
17_set1_rally13_ball3_Smash.mp4,Smash,extraction_failed,,,,,,No poses detected in video
17_set1_rally14_ball13_Smash.mp4,Smash,success,51.0,11.0,21.568627450980394,0.5306026021393205,0.11444369850063776,
17_set1_rally15_ball4_Clear.mp4,Clear,success,51.0,51.0,100.0,0.551879403124377,0.551879403124377,
17_set1_rally15_ball11_Clear.mp4,Clear,success,51.0,51.0,100.0,0.5273983483722452,0.5273983483722452,
17_set1_rally18_ball3_Smash.mp4,Smash,success,51.0,51.0,100.0,0.5540771425673454,0.5540771425673454,
17_set1_rally19_ball5_Clear.mp4,Clear,success,51.0,51.0,100.0,0.5021280994562894,0.5021280994562894,
17_set1_rally21_ball6_Smash.mp4,Smash,success,51.0,51.0,100.0,0.525208426346294,0.525208426346294,
17_set1_rally22_ball9_Smash.mp4,Smash,success,51.0,51.0,100.0,0.7317872531458635,0.7317872531458635,
17_set1_rally24_ball8_Smash.mp4,Smash,success,51.0,14.0,27.450980392156865,0.7081121387548776,0.19438372436408405,
17_set1_rally25_ball7_Smash.mp4,Smash,success,51.0,20.0,39.21568627450981,0.5629205169777076,0.22075314391282655,
17_set1_rally25_ball13_Smash.mp4,Smash,extraction_failed,,,,,,No poses detected in video
17_set1_rally26_ball3_Clear.mp4,Clear,success,51.0,37.0,72.54901960784314,0.539522854020906,0.39141854115242203,
17_set1_rally26_ball4_Smash.mp4,Smash,success,51.0,17.0,33.33333333333333,0.5480574368102453,0.18268581227008174,
17_set1_rally26_ball12_Clear.mp4,Clear,success,51.0,51.0,100.0,0.5172110022372239,0.5172110022372239,
17_set1_rally26_ball13_Clear.mp4,Clear,success,51.0,51.0,100.0,0.5497339614714035,0.5497339614714035,
17_set1_rally26_ball14_Clear.mp4,Clear,success,51.0,51.0,100.0,0.5644667022586041,0.5644667022586041,
17_set1_rally27_ball6_Smash.mp4,Smash,extraction_failed,,,,,,No poses detected in video
17_set1_rally27_ball10_Smash.mp4,Smash,extraction_failed,,,,,,No poses detected in video
17_set1_rally28_ball4_Clear.mp4,Clear,success,51.0,20.0,39.21568627450981,0.5825644627665028,0.22845665206529522,
17_set1_rally30_ball5_Smash.mp4,Smash,success,51.0,13.0,25.49019607843137,0.5181667590607898,0.13208172289784836,
17_set1_rally31_ball10_Smash.mp4,Smash,success,51.0,51.0,100.0,0.5450545500615857,0.5450545500615857,
17_set1_rally31_ball16_Clear.mp4,Clear,success,51.0,12.0,23.52941176470588,0.5341754271225495,0.12568833579354105,
17_set1_rally33_ball3_Smash.mp4,Smash,extraction_failed,,,,,,No poses detected in video
17_set1_rally34_ball9_Smash.mp4,Smash,success,51.0,33.0,64.70588235294117,0.47932379082515764,0.3101506881809843,
17_set1_rally35_ball5_Smash.mp4,Smash,success,51.0,51.0,100.0,0.49462186734880803,0.49462186734880803,
17_set1_rally36_ball7_Clear.mp4,Clear,success,51.0,3.0,5.88235294117647,0.5687454374450626,0.033455613967356614,
17_set1_rally36_ball8_Smash.mp4,Smash,extraction_failed,,,,,,No poses detected in video
17_set1_rally36_ball11_Smash.mp4,Smash,success,51.0,13.0,25.49019607843137,0.5624736337499184,0.14337563213233215,
17_set2_rally1_ball3_Smash.mp4,Smash,success,51.0,42.0,82.35294117647058,0.5851955371339179,0.4819257364632265,
17_set2_rally1_ball7_Smash.mp4,Smash,success,51.0,1.0,1.9607843137254901,0.5984108240315409,0.0117335455692459,
17_set2_rally2_ball5_Clear.mp4,Clear,success,51.0,24.0,47.05882352941176,0.5589219638231125,0.26302210062264114,
17_set2_rally2_ball6_Clear.mp4,Clear,success,51.0,2.0,3.9215686274509802,0.5566506239049362,0.021829436231566128,
17_set2_rally3_ball7_Clear.mp4,Clear,success,51.0,22.0,43.13725490196079,0.5217857762924896,0.2250840603614661,
17_set2_rally3_ball15_Smash.mp4,Smash,success,51.0,45.0,88.23529411764706,0.5744378795627793,0.5068569525553934,
17_set2_rally4_ball8_Clear.mp4,Clear,success,51.0,11.0,21.568627450980394,0.5242547305203338,0.113074549720072,
17_set2_rally4_ball9_Smash.mp4,Smash,success,51.0,35.0,68.62745098039215,0.5558815001894073,0.381487304051554,
17_set2_rally4_ball15_Clear.mp4,Clear,success,51.0,1.0,1.9607843137254901,0.5226926681670275,0.010248875846412304,
17_set2_rally6_ball3_Clear.mp4,Clear,extraction_failed,,,,,,No poses detected in video
17_set2_rally12_ball4_Smash.mp4,Smash,extraction_failed,,,,,,No poses detected in video
17_set2_rally13_ball7_Smash.mp4,Smash,success,51.0,15.0,29.411764705882355,0.5105858648967262,0.15017231320491947,
17_set2_rally14_ball4_Smash.mp4,Smash,success,51.0,45.0,88.23529411764706,0.5797256257347387,0.5115226109424165,
17_set2_rally14_ball11_Clear.mp4,Clear,extraction_failed,,,,,,No poses detected in video
17_set2_rally14_ball12_Clear.mp4,Clear,extraction_failed,,,,,,No poses detected in video
17_set2_rally14_ball13_Smash.mp4,Smash,extraction_failed,,,,,,No poses detected in video
17_set2_rally16_ball6_Smash.mp4,Smash,extraction_failed,,,,,,No poses detected in video
17_set2_rally16_ball10_Clear.mp4,Clear,success,51.0,9.0,17.647058823529413,0.5465772146929796,0.09645480259287875,
17_set2_rally16_ball11_Smash.mp4,Smash,success,51.0,46.0,90.19607843137256,0.5477213026005995,0.4940231356789721,
17_set2_rally17_ball11_Clear.mp4,Clear,extraction_failed,,,,,,No poses detected in video
17_set2_rally17_ball12_Clear.mp4,Clear,extraction_failed,,,,,,No poses detected in video
17_set2_rally17_ball13_Smash.mp4,Smash,success,51.0,44.0,86.27450980392157,0.4580850746513398,0.3952106526403716,
17_set2_rally19_ball10_Clear.mp4,Clear,success,51.0,38.0,74.50980392156863,0.5472784357069352,0.4077760893502655,
17_set2_rally24_ball8_Clear.mp4,Clear,extraction_failed,,,,,,No poses detected in video
17_set2_rally24_ball15_Smash.mp4,Smash,success,51.0,23.0,45.09803921568628,0.5036531013776504,0.22713767317031294,
17_set2_rally28_ball4_Clear.mp4,Clear,success,51.0,40.0,78.43137254901961,0.5439629469553686,0.42663760545519114,
17_set2_rally28_ball5_Smash.mp4,Smash,extraction_failed,,,,,,No poses detected in video
17_set2_rally31_ball7_Smash.mp4,Smash,extraction_failed,,,,,,No poses detected in video
17_set2_rally31_ball8_Smash.mp4,Smash,success,51.0,7.0,13.725490196078432,0.4914282996659026,0.0674509430913984,
17_set2_rally32_ball4_Smash.mp4,Smash,success,51.0,1.0,1.9607843137254901,0.4677965666985873,0.0091724816999723,
17_set2_rally32_ball8_Clear.mp4,Clear,extraction_failed,,,,,,No poses detected in video
17_set2_rally32_ball9_Clear.mp4,Clear,extraction_failed,,,,,,No poses detected in video
17_set3_rally1_ball5_Smash.mp4,Smash,success,51.0,44.0,86.27450980392157,0.5353964812253132,0.461910689684584,
17_set3_rally5_ball7_Clear.mp4,Clear,success,51.0,5.0,9.803921568627452,0.4904289694898057,0.04808127151860841,
17_set3_rally6_ball4_Smash.mp4,Smash,success,51.0,22.0,43.13725490196079,0.507747124408477,0.2190281713134607,
17_set3_rally6_ball12_Smash.mp4,Smash,success,51.0,26.0,50.98039215686274,0.5461689221796455,0.2784390583660938,
17_set3_rally7_ball6_Smash.mp4,Smash,extraction_failed,,,,,,No poses detected in video
17_set3_rally8_ball3_Smash.mp4,Smash,extraction_failed,,,,,,No poses detected in video
17_set3_rally9_ball10_Smash.mp4,Smash,extraction_failed,,,,,,No poses detected in video
17_set3_rally9_ball14_Clear.mp4,Clear,extraction_failed,,,,,,No poses detected in video
17_set3_rally10_ball9_Smash.mp4,Smash,success,51.0,22.0,43.13725490196079,0.5218188088212788,0.2250983096876105,
17_set3_rally11_ball3_Smash.mp4,Smash,extraction_failed,,,,,,No poses detected in video
17_set3_rally11_ball6_Smash.mp4,Smash,success,51.0,24.0,47.05882352941176,0.48921520193342616,0.2302189185569064,
17_set3_rally12_ball3_Clear.mp4,Clear,success,51.0,21.0,41.17647058823529,0.5719034296459107,0.23548964750125734,
17_set3_rally12_ball4_Smash.mp4,Smash,success,51.0,14.0,27.450980392156865,0.5210724693775435,0.14303950139775704,
17_set3_rally13_ball4_Smash.mp4,Smash,success,51.0,7.0,13.725490196078432,0.5352119525402654,0.07346046407415409,
17_set3_rally14_ball10_Smash.mp4,Smash,success,51.0,24.0,47.05882352941176,0.6582249696601672,0.30975292689890216,
17_set3_rally14_ball13_Smash.mp4,Smash,success,51.0,25.0,49.01960784313725,0.8234893511642108,0.4036712505706916,
17_set3_rally16_ball14_Clear.mp4,Clear,success,51.0,40.0,78.43137254901961,0.6387598271645959,0.500988099736938,
17_set3_rally16_ball15_Smash.mp4,Smash,success,51.0,4.0,7.8431372549019605,0.5984591689299453,0.0469379740337212,
17_set3_rally16_ball21_Smash.mp4,Smash,success,51.0,29.0,56.86274509803921,0.5585942588816615,0.31763202956016046,
17_set3_rally20_ball5_Clear.mp4,Clear,extraction_failed,,,,,,No poses detected in video
17_set3_rally20_ball6_Smash.mp4,Smash,extraction_failed,,,,,,No poses detected in video
17_set3_rally21_ball12_Clear.mp4,Clear,extraction_failed,,,,,,No poses detected in video
17_set3_rally21_ball13_Clear.mp4,Clear,extraction_failed,,,,,,No poses detected in video
17_set3_rally22_ball7_Smash.mp4,Smash,success,51.0,27.0,52.94117647058824,0.5470982716072823,0.28964026143914945,
17_set3_rally23_ball3_Clear.mp4,Clear,success,51.0,14.0,27.450980392156865,0.5872374898653269,0.16120244819832505,
17_set3_rally24_ball11_Clear.mp4,Clear,extraction_failed,,,,,,No poses detected in video
17_set3_rally24_ball12_Smash.mp4,Smash,extraction_failed,,,,,,No poses detected in video
17_set3_rally26_ball4_Smash.mp4,Smash,extraction_failed,,,,,,No poses detected in video
17_set3_rally30_ball9_Clear.mp4,Clear,success,51.0,6.0,11.76470588235294,0.5557576973329891,0.06538325850976341,
17_set3_rally30_ball17_Clear.mp4,Clear,success,51.0,16.0,31.372549019607842,0.5425079160398154,0.17019856189484406,
17_set3_rally30_ball18_Smash.mp4,Smash,extraction_failed,,,,,,No poses detected in video
17_set3_rally34_ball5_Smash.mp4,Smash,extraction_failed,,,,,,No poses detected in video
17_set3_rally38_ball4_Smash.mp4,Smash,extraction_failed,,,,,,No poses detected in video
17_set3_rally38_ball23_Clear.mp4,Clear,extraction_failed,,,,,,No poses detected in video
17_set3_rally38_ball24_Smash.mp4,Smash,success,51.0,22.0,43.13725490196079,0.5228219361919345,0.22553103129848157,
17_set3_rally38_ball26_Smash.mp4,Smash,extraction_failed,,,,,,No poses detected in video
17_set3_rally39_ball4_Smash.mp4,Smash,extraction_failed,,,,,,No poses detected in video
18_set1_rally1_ball8_Smash.mp4,Smash,extraction_failed,,,,,,No poses detected in video
18_set1_rally1_ball18_Clear.mp4,Clear,extraction_failed,,,,,,No poses detected in video
18_set1_rally3_ball6_Smash.mp4,Smash,extraction_failed,,,,,,No poses detected in video
18_set1_rally6_ball3_Clear.mp4,Clear,success,51.0,51.0,100.0,0.5437532079039198,0.5437532079039198,
18_set1_rally6_ball7_Smash.mp4,Smash,success,51.0,15.0,29.411764705882355,0.5417609657828855,0.1593414605243781,
18_set1_rally14_ball7_Clear.mp4,Clear,extraction_failed,,,,,,No poses detected in video
18_set1_rally20_ball4_Smash.mp4,Smash,success,51.0,32.0,62.745098039215684,0.548754535215634,0.3443165711156919,
18_set1_rally21_ball4_Clear.mp4,Clear,extraction_failed,,,,,,No poses detected in video
18_set1_rally23_ball2_Clear.mp4,Clear,extraction_failed,,,,,,No poses detected in video
18_set1_rally23_ball3_Clear.mp4,Clear,extraction_failed,,,,,,No poses detected in video
18_set1_rally23_ball4_Smash.mp4,Smash,extraction_failed,,,,,,No poses detected in video
18_set1_rally24_ball6_Clear.mp4,Clear,extraction_failed,,,,,,No poses detected in video
18_set1_rally24_ball9_Smash.mp4,Smash,extraction_failed,,,,,,No poses detected in video
18_set1_rally25_ball6_Smash.mp4,Smash,success,51.0,49.0,96.07843137254902,0.5360484272674328,0.5150269203157688,
18_set1_rally31_ball3_Smash.mp4,Smash,extraction_failed,,,,,,No poses detected in video
18_set1_rally31_ball7_Smash.mp4,Smash,extraction_failed,,,,,,No poses detected in video
18_set1_rally31_ball11_Smash.mp4,Smash,extraction_failed,,,,,,No poses detected in video
18_set1_rally33_ball3_Smash.mp4,Smash,extraction_failed,,,,,,No poses detected in video
18_set1_rally33_ball9_Smash.mp4,Smash,success,51.0,51.0,100.0,0.7937979708938675,0.7937979708938675,
18_set1_rally34_ball9_Smash.mp4,Smash,success,51.0,51.0,100.0,0.814862280172106,0.814862280172106,
18_set1_rally34_ball17_Smash.mp4,Smash,success,51.0,51.0,100.0,0.8500133110647462,0.8500133110647462,
18_set1_rally34_ball20_Smash.mp4,Smash,success,51.0,51.0,100.0,0.8869012307532829,0.8869012307532829,
18_set1_rally34_ball27_Smash.mp4,Smash,success,51.0,51.0,100.0,0.827298051967057,0.827298051967057,
18_set2_rally2_ball8_Smash.mp4,Smash,success,51.0,4.0,7.8431372549019605,0.7344764640385455,0.057605997179493766,
18_set2_rally3_ball3_Smash.mp4,Smash,success,51.0,39.0,76.47058823529412,0.5641451162718838,0.4314050889137935,
18_set2_rally6_ball10_Smash.mp4,Smash,success,51.0,51.0,100.0,0.4946865140583833,0.4946865140583833,
18_set2_rally9_ball3_Clear.mp4,Clear,success,51.0,32.0,62.745098039215684,0.4584949592443247,0.28768311168271354,
18_set2_rally9_ball4_Smash.mp4,Smash,extraction_failed,,,,,,No poses detected in video
18_set2_rally9_ball18_Clear.mp4,Clear,success,51.0,31.0,60.78431372549019,0.5403570024710562,0.3284522956196616,
18_set2_rally14_ball8_Smash.mp4,Smash,extraction_failed,,,,,,No poses detected in video
18_set2_rally17_ball3_Smash.mp4,Smash,extraction_failed,,,,,,No poses detected in video
18_set2_rally19_ball6_Smash.mp4,Smash,extraction_failed,,,,,,No poses detected in video
18_set2_rally19_ball16_Smash.mp4,Smash,success,51.0,28.0,54.90196078431373,0.8158879254473536,0.4479384688730569,
18_set2_rally23_ball2_Smash.mp4,Smash,extraction_failed,,,,,,No poses detected in video
19_set1_rally1_ball7_Smash.mp4,Smash,success,51.0,46.0,90.19607843137256,0.9024789908186719,0.8140006583854688,
19_set1_rally1_ball12_Smash.mp4,Smash,success,51.0,43.0,84.31372549019608,0.8151696645727726,0.6872999132672397,
19_set1_rally1_ball23_Smash.mp4,Smash,success,51.0,48.0,94.11764705882352,0.8841028362794807,0.83209678708657,
19_set1_rally1_ball27_Smash.mp4,Smash,success,51.0,37.0,72.54901960784314,0.8758586202973131,0.635426842176482,
19_set1_rally4_ball3_Smash.mp4,Smash,success,51.0,51.0,100.0,0.8470156193753472,0.8470156193753472,
19_set1_rally4_ball8_Smash.mp4,Smash,success,51.0,51.0,100.0,0.9212044469848389,0.9212044469848389,
19_set1_rally5_ball3_Clear.mp4,Clear,success,51.0,51.0,100.0,0.8900313447503482,0.8900313447503482,
19_set1_rally5_ball4_Smash.mp4,Smash,success,51.0,49.0,96.07843137254902,0.8665867148724028,0.8326029221323086,
19_set1_rally5_ball11_Smash.mp4,Smash,success,51.0,51.0,100.0,0.8667484646617692,0.8667484646617692,
19_set1_rally5_ball17_Clear.mp4,Clear,success,51.0,51.0,100.0,0.8769702793088472,0.8769702793088472,
19_set1_rally5_ball18_Smash.mp4,Smash,success,51.0,49.0,96.07843137254902,0.859807936217804,0.8260899779347529,
19_set1_rally5_ball25_Clear.mp4,Clear,success,51.0,51.0,100.0,0.8551202398357969,0.8551202398357969,
19_set1_rally9_ball3_Smash.mp4,Smash,success,51.0,18.0,35.294117647058826,0.7862540924488896,0.27750144439372576,
19_set1_rally12_ball7_Smash.mp4,Smash,success,51.0,49.0,96.07843137254902,0.827112583463105,0.7946767958763166,
19_set1_rally12_ball10_Smash.mp4,Smash,success,51.0,51.0,100.0,0.8463720739489854,0.8463720739489854,
19_set1_rally12_ball14_Smash.mp4,Smash,success,51.0,51.0,100.0,0.888441735684907,0.888441735684907,
19_set1_rally12_ball18_Smash.mp4,Smash,success,51.0,50.0,98.0392156862745,0.8667998127669803,0.8498037380068434,
19_set1_rally13_ball4_Smash.mp4,Smash,success,51.0,23.0,45.09803921568628,0.7977034911184929,0.35974863324951645,
19_set1_rally15_ball5_Smash.mp4,Smash,success,51.0,51.0,100.0,0.8532842718556178,0.8532842718556178,
19_set1_rally16_ball7_Smash.mp4,Smash,success,51.0,51.0,100.0,0.8099051840979642,0.8099051840979642,
19_set1_rally16_ball15_Clear.mp4,Clear,success,51.0,51.0,100.0,0.856269189008842,0.856269189008842,
19_set1_rally16_ball16_Smash.mp4,Smash,success,51.0,50.0,98.0392156862745,0.8661679043011232,0.8491842199030619,
19_set1_rally18_ball3_Smash.mp4,Smash,success,51.0,51.0,100.0,0.845958957865843,0.845958957865843,
19_set1_rally19_ball4_Smash.mp4,Smash,success,51.0,51.0,100.0,0.8465338156282441,0.8465338156282441,
19_set1_rally20_ball3_Smash.mp4,Smash,success,51.0,48.0,94.11764705882352,0.6786128407563434,0.6386944383589114,
19_set1_rally20_ball10_Smash.mp4,Smash,success,51.0,51.0,100.0,0.8515631482403546,0.8515631482403546,
19_set1_rally20_ball14_Clear.mp4,Clear,success,51.0,31.0,60.78431372549019,0.5907817866298971,0.3591026546181727,
19_set1_rally20_ball15_Smash.mp4,Smash,success,51.0,51.0,100.0,0.7421055579524609,0.7421055579524609,
19_set1_rally22_ball6_Smash.mp4,Smash,success,51.0,51.0,100.0,0.8875430649809376,0.8875430649809376,
19_set1_rally23_ball4_Smash.mp4,Smash,success,51.0,51.0,100.0,0.8767321870855398,0.8767321870855398,
19_set1_rally24_ball6_Smash.mp4,Smash,success,51.0,51.0,100.0,0.8580933101585914,0.8580933101585914,
19_set1_rally25_ball2_Clear.mp4,Clear,success,51.0,38.0,74.50980392156863,0.5820812689618726,0.4337076121676698,
19_set1_rally25_ball3_Smash.mp4,Smash,success,51.0,51.0,100.0,0.7027127036528037,0.7027127036528037,
19_set1_rally26_ball16_Smash.mp4,Smash,success,51.0,24.0,47.05882352941176,0.7395518090613562,0.34802438073475583,
19_set1_rally28_ball3_Smash.mp4,Smash,success,51.0,38.0,74.50980392156863,0.81563910191947,0.6077310955478404,
19_set1_rally28_ball6_Smash.mp4,Smash,success,51.0,51.0,100.0,0.8996927696044998,0.8996927696044998,
19_set1_rally28_ball15_Clear.mp4,Clear,success,51.0,51.0,100.0,0.8565766414626326,0.8565766414626326,
19_set1_rally28_ball16_Smash.mp4,Smash,success,51.0,51.0,100.0,0.874718126589106,0.874718126589106,
19_set1_rally28_ball19_Clear.mp4,Clear,success,51.0,51.0,100.0,0.814157014956206,0.814157014956206,
19_set1_rally28_ball20_Smash.mp4,Smash,success,51.0,51.0,100.0,0.8770074478958733,0.8770074478958733,
19_set1_rally29_ball7_Clear.mp4,Clear,success,51.0,51.0,100.0,0.8885726580884368,0.8885726580884368,
19_set1_rally29_ball8_Clear.mp4,Clear,success,51.0,51.0,100.0,0.8611793058281915,0.8611793058281915,
19_set1_rally29_ball9_Clear.mp4,Clear,success,51.0,51.0,100.0,0.8330751276855588,0.8330751276855588,
19_set1_rally29_ball16_Smash.mp4,Smash,success,51.0,40.0,78.43137254901961,0.8879314007406883,0.6964167848946576,
19_set2_rally1_ball4_Smash.mp4,Smash,success,51.0,51.0,100.0,0.8786793867445953,0.8786793867445953,
19_set2_rally2_ball3_Clear.mp4,Clear,success,51.0,51.0,100.0,0.8513977188512958,0.8513977188512958,
19_set2_rally2_ball4_Smash.mp4,Smash,success,51.0,33.0,64.70588235294117,0.6259167785430279,0.4050049743513709,
19_set2_rally3_ball3_Smash.mp4,Smash,success,51.0,51.0,100.0,0.49354635806697794,0.49354635806697794,
19_set2_rally4_ball4_Smash.mp4,Smash,success,51.0,51.0,100.0,0.4979790833973929,0.4979790833973929,
19_set2_rally6_ball4_Smash.mp4,Smash,success,51.0,24.0,47.05882352941176,0.5006492121796798,0.23559962926102576,
19_set2_rally6_ball7_Smash.mp4,Smash,success,51.0,48.0,94.11764705882352,0.47487327910649924,0.44693955680611686,
19_set2_rally6_ball10_Clear.mp4,Clear,success,51.0,51.0,100.0,0.49548956082509293,0.49548956082509293,
19_set2_rally6_ball14_Smash.mp4,Smash,success,51.0,20.0,39.21568627450981,0.49779832661151885,0.19521503004373292,
19_set2_rally6_ball17_Smash.mp4,Smash,success,51.0,21.0,41.17647058823529,0.5065655979995776,0.2085858344704143,
19_set2_rally6_ball22_Clear.mp4,Clear,success,51.0,50.0,98.0392156862745,0.5775405938587922,0.566216268489012,
19_set2_rally6_ball26_Smash.mp4,Smash,success,51.0,46.0,90.19607843137256,0.5122863484633774,0.4620621966532424,
19_set2_rally8_ball6_Smash.mp4,Smash,success,51.0,51.0,100.0,0.46254975770158,0.46254975770158,
19_set2_rally10_ball3_Smash.mp4,Smash,success,51.0,51.0,100.0,0.45634622966290833,0.45634622966290833,
19_set2_rally10_ball15_Clear.mp4,Clear,success,51.0,47.0,92.15686274509804,0.5111319023243924,0.47104312567149886,
19_set2_rally10_ball16_Smash.mp4,Smash,success,51.0,43.0,84.31372549019608,0.4977320549098444,0.41965643845339823,
19_set2_rally11_ball4_Clear.mp4,Clear,success,51.0,51.0,100.0,0.48222769173708824,0.48222769173708824,
19_set2_rally11_ball5_Smash.mp4,Smash,success,51.0,51.0,100.0,0.4787943566446764,0.4787943566446764,
19_set2_rally12_ball6_Smash.mp4,Smash,success,51.0,51.0,100.0,0.5035999741156896,0.5035999741156896,
19_set2_rally13_ball6_Smash.mp4,Smash,success,51.0,51.0,100.0,0.5466721652583643,0.5466721652583643,
19_set2_rally13_ball9_Smash.mp4,Smash,success,51.0,51.0,100.0,0.6326479511311973,0.6326479511311973,
19_set2_rally13_ball13_Clear.mp4,Clear,success,51.0,24.0,47.05882352941176,0.8289392707549563,0.39008906859056763,
19_set2_rally13_ball14_Clear.mp4,Clear,success,51.0,50.0,98.0392156862745,0.9079851674130469,0.8901815366794578,
19_set2_rally14_ball4_Smash.mp4,Smash,success,51.0,23.0,45.09803921568628,0.6448680089985429,0.29082282758757816,
19_set2_rally14_ball12_Clear.mp4,Clear,extraction_failed,,,,,,No poses detected in video
19_set2_rally14_ball22_Clear.mp4,Clear,success,51.0,51.0,100.0,0.4703806266188621,0.4703806266188621,
19_set2_rally14_ball23_Clear.mp4,Clear,success,51.0,51.0,100.0,0.46304346981751743,0.46304346981751743,
19_set2_rally14_ball24_Clear.mp4,Clear,success,51.0,51.0,100.0,0.5422232159972191,0.5422232159972191,
19_set2_rally14_ball25_Clear.mp4,Clear,success,51.0,51.0,100.0,0.8214941767801929,0.8214941767801929,
19_set2_rally14_ball26_Clear.mp4,Clear,success,51.0,51.0,100.0,0.9013600838694343,0.9013600838694343,
19_set2_rally14_ball30_Clear.mp4,Clear,success,51.0,41.0,80.3921568627451,0.6528886337102432,0.524871254551372,
19_set2_rally14_ball34_Clear.mp4,Clear,success,51.0,9.0,17.647058823529413,0.6779735858994301,0.11964239751166415,
19_set2_rally16_ball7_Clear.mp4,Clear,success,51.0,44.0,86.27450980392157,0.5474836843924663,0.4723388649660494,
19_set2_rally16_ball8_Smash.mp4,Smash,success,51.0,43.0,84.31372549019608,0.46963710888138605,0.3959685427823451,
19_set2_rally22_ball4_Smash.mp4,Smash,success,51.0,51.0,100.0,0.742896862379365,0.742896862379365,
19_set2_rally24_ball9_Smash.mp4,Smash,success,51.0,24.0,47.05882352941176,0.6628526376202853,0.3119306529977813,
19_set2_rally24_ball16_Smash.mp4,Smash,success,51.0,51.0,100.0,0.5394727196193543,0.5394727196193543,
19_set2_rally25_ball4_Smash.mp4,Smash,success,51.0,51.0,100.0,0.6567384372490641,0.6567384372490641,
19_set2_rally29_ball2_Clear.mp4,Clear,success,51.0,2.0,3.9215686274509802,0.8413503567377726,0.03299413163677539,
19_set2_rally29_ball3_Clear.mp4,Clear,success,51.0,24.0,47.05882352941176,0.6585848755532443,0.3099222943779973,
19_set2_rally29_ball4_Smash.mp4,Smash,extraction_failed,,,,,,No poses detected in video
19_set2_rally29_ball8_Smash.mp4,Smash,extraction_failed,,,,,,No poses detected in video
19_set2_rally32_ball3_Clear.mp4,Clear,success,51.0,17.0,33.33333333333333,0.5473824262140907,0.1824608087380302,
19_set2_rally32_ball4_Smash.mp4,Smash,success,51.0,1.0,1.9607843137254901,0.4955933956485806,0.009717517561736874,
19_set2_rally33_ball5_Smash.mp4,Smash,success,51.0,47.0,92.15686274509804,0.5766254411676781,0.5313999163702131,
19_set3_rally1_ball6_Smash.mp4,Smash,success,51.0,36.0,70.58823529411765,0.7597462499015636,0.5362914705187508,
19_set3_rally3_ball3_Smash.mp4,Smash,success,51.0,46.0,90.19607843137256,0.8722006144181229,0.7866907502594834,
19_set3_rally3_ball14_Smash.mp4,Smash,success,51.0,51.0,100.0,0.9009675938620572,0.9009675938620572,
19_set3_rally4_ball11_Smash.mp4,Smash,success,51.0,51.0,100.0,0.874842528056794,0.874842528056794,
19_set3_rally6_ball2_Smash.mp4,Smash,success,51.0,51.0,100.0,0.8285466344740442,0.8285466344740442,
19_set3_rally9_ball4_Smash.mp4,Smash,success,51.0,51.0,100.0,0.9138800597622928,0.9138800597622928,
19_set3_rally10_ball8_Smash.mp4,Smash,success,51.0,51.0,100.0,0.8760981531952082,0.8760981531952082,
19_set3_rally10_ball11_Smash.mp4,Smash,success,51.0,51.0,100.0,0.8964536483540679,0.8964536483540679,
19_set3_rally10_ball14_Smash.mp4,Smash,success,51.0,51.0,100.0,0.8431278057507086,0.8431278057507086,
19_set3_rally10_ball17_Smash.mp4,Smash,success,51.0,51.0,100.0,0.9082649212222119,0.9082649212222119,
19_set3_rally10_ball20_Smash.mp4,Smash,success,51.0,51.0,100.0,0.8701412821641227,0.8701412821641227,
19_set3_rally10_ball24_Clear.mp4,Clear,success,51.0,51.0,100.0,0.8280767915782585,0.8280767915782585,
19_set3_rally11_ball16_Smash.mp4,Smash,success,51.0,51.0,100.0,0.8600550366391826,0.8600550366391826,
19_set3_rally11_ball22_Clear.mp4,Clear,success,51.0,51.0,100.0,0.8939409167442163,0.8939409167442163,
19_set3_rally11_ball23_Clear.mp4,Clear,success,51.0,51.0,100.0,0.8524032923715568,0.8524032923715568,
19_set3_rally12_ball4_Smash.mp4,Smash,success,51.0,51.0,100.0,0.9021615683943902,0.9021615683943902,
19_set3_rally12_ball7_Smash.mp4,Smash,success,51.0,28.0,54.90196078431373,0.8086729363993906,0.4439772984153518,
19_set3_rally13_ball10_Clear.mp4,Clear,success,51.0,48.0,94.11764705882352,0.9025158523158594,0.8494266845325734,
19_set3_rally14_ball3_Smash.mp4,Smash,success,51.0,38.0,74.50980392156863,0.8845430020438997,0.6590712564248664,
19_set3_rally14_ball10_Smash.mp4,Smash,success,51.0,51.0,100.0,0.8469419975013018,0.8469419975013018,
19_set3_rally15_ball6_Smash.mp4,Smash,success,51.0,48.0,94.11764705882352,0.8630298548236942,0.8122633927752415,
19_set3_rally16_ball4_Smash.mp4,Smash,success,51.0,51.0,100.0,0.8588924154825177,0.8588924154825177,
19_set3_rally16_ball12_Smash.mp4,Smash,success,51.0,50.0,98.0392156862745,0.8078285320848226,0.7919887569459045,
19_set3_rally17_ball3_Smash.mp4,Smash,success,51.0,49.0,96.07843137254902,0.8390800195228337,0.8061749207180168,
19_set3_rally17_ball13_Clear.mp4,Clear,success,51.0,51.0,100.0,0.8814637560133982,0.8814637560133982,
19_set3_rally17_ball14_Smash.mp4,Smash,success,51.0,40.0,78.43137254901961,0.8429069225922291,0.6611034686997876,
19_set3_rally17_ball18_Smash.mp4,Smash,success,51.0,21.0,41.17647058823529,0.8782153682619289,0.3616180928137354,
19_set3_rally20_ball13_Smash.mp4,Smash,success,51.0,51.0,100.0,0.8930748346761375,0.8930748346761375,
19_set3_rally21_ball10_Smash.mp4,Smash,success,51.0,47.0,92.15686274509804,0.8759715739159645,0.8072679210598104,
19_set3_rally22_ball7_Smash.mp4,Smash,extraction_failed,,,,,,No poses detected in video
19_set3_rally22_ball10_Smash.mp4,Smash,success,51.0,30.0,58.82352941176471,0.8200631353138674,0.48239007959639263,
19_set3_rally22_ball13_Smash.mp4,Smash,extraction_failed,,,,,,No poses detected in video
19_set3_rally22_ball16_Smash.mp4,Smash,success,51.0,31.0,60.78431372549019,0.854117632917295,0.5191695415771793,
19_set3_rally22_ball19_Smash.mp4,Smash,success,51.0,51.0,100.0,0.8393532388350543,0.8393532388350543,
19_set3_rally23_ball11_Smash.mp4,Smash,success,51.0,51.0,100.0,0.924086171356752,0.924086171356752,
19_set3_rally25_ball4_Smash.mp4,Smash,success,51.0,51.0,100.0,0.9260127479238164,0.9260127479238164,
19_set3_rally25_ball8_Smash.mp4,Smash,extraction_failed,,,,,,No poses detected in video
19_set3_rally25_ball15_Smash.mp4,Smash,success,51.0,45.0,88.23529411764706,0.8339820984136376,0.7358665574237978,
19_set3_rally25_ball18_Smash.mp4,Smash,success,51.0,51.0,100.0,0.8714681647129169,0.8714681647129169,
19_set3_rally25_ball28_Smash.mp4,Smash,extraction_failed,,,,,,No poses detected in video
19_set3_rally26_ball3_Smash.mp4,Smash,extraction_failed,,,,,,No poses detected in video
19_set3_rally26_ball8_Smash.mp4,Smash,extraction_failed,,,,,,No poses detected in video
19_set3_rally28_ball6_Smash.mp4,Smash,extraction_failed,,,,,,No poses detected in video
19_set3_rally30_ball3_Smash.mp4,Smash,extraction_failed,,,,,,No poses detected in video
19_set3_rally31_ball5_Smash.mp4,Smash,extraction_failed,,,,,,No poses detected in video
19_set3_rally31_ball9_Smash.mp4,Smash,extraction_failed,,,,,,No poses detected in video
19_set3_rally33_ball4_Smash.mp4,Smash,success,51.0,49.0,96.07843137254902,0.8546822748953867,0.8211653229387049,
19_set3_rally35_ball3_Smash.mp4,Smash,success,51.0,51.0,100.0,0.8540045867983388,0.8540045867983388,
19_set3_rally36_ball4_Smash.mp4,Smash,extraction_failed,,,,,,No poses detected in video
19_set3_rally36_ball7_Smash.mp4,Smash,success,51.0,29.0,56.86274509803921,0.8248402700684536,0.46902682023500303,
19_set3_rally36_ball10_Smash.mp4,Smash,success,51.0,51.0,100.0,0.8607172309041944,0.8607172309041944,
19_set3_rally36_ball13_Smash.mp4,Smash,success,51.0,51.0,100.0,0.8161068235812305,0.8161068235812305,
19_set3_rally37_ball3_Smash.mp4,Smash,extraction_failed,,,,,,No poses detected in video
19_set3_rally38_ball4_Smash.mp4,Smash,success,51.0,35.0,68.62745098039215,0.8506591219793667,0.5837856719466242,
19_set3_rally38_ball8_Smash.mp4,Smash,success,51.0,51.0,100.0,0.8532650155843686,0.8532650155843686,
19_set3_rally38_ball11_Smash.mp4,Smash,success,51.0,51.0,100.0,0.8937054849581144,0.8937054849581144,
19_set3_rally38_ball15_Smash.mp4,Smash,success,51.0,51.0,100.0,0.8639250301971226,0.8639250301971226,
19_set3_rally39_ball5_Smash.mp4,Smash,success,51.0,51.0,100.0,0.8571135429040138,0.8571135429040138,
19_set3_rally40_ball4_Smash.mp4,Smash,success,51.0,31.0,60.78431372549019,0.8315283052208137,0.505438773761671,
19_set3_rally41_ball5_Smash.mp4,Smash,extraction_failed,,,,,,No poses detected in video
20_set1_rally2_ball5_Smash.mp4,Smash,extraction_failed,,,,,,No poses detected in video
20_set1_rally3_ball3_Smash.mp4,Smash,success,51.0,36.0,70.58823529411765,0.8328265786446907,0.587877584925664,
20_set1_rally4_ball6_Clear.mp4,Clear,success,51.0,51.0,100.0,0.855095576342202,0.855095576342202,
20_set1_rally4_ball14_Clear.mp4,Clear,extraction_failed,,,,,,No poses detected in video
20_set1_rally5_ball4_Smash.mp4,Smash,extraction_failed,,,,,,No poses detected in video
20_set1_rally6_ball13_Smash.mp4,Smash,extraction_failed,,,,,,No poses detected in video
20_set1_rally7_ball3_Smash.mp4,Smash,success,51.0,42.0,82.35294117647058,0.8613566459622904,0.709352531968945,
20_set1_rally8_ball5_Smash.mp4,Smash,extraction_failed,,,,,,No poses detected in video
20_set1_rally9_ball8_Clear.mp4,Clear,success,51.0,9.0,17.647058823529413,0.9216793869882322,0.16264930358615862,
20_set1_rally12_ball4_Smash.mp4,Smash,success,51.0,37.0,72.54901960784314,0.8580527739945637,0.622508875250958,
20_set1_rally13_ball10_Clear.mp4,Clear,extraction_failed,,,,,,No poses detected in video
20_set1_rally13_ball11_Clear.mp4,Clear,extraction_failed,,,,,,No poses detected in video
20_set1_rally15_ball24_Smash.mp4,Smash,extraction_failed,,,,,,No poses detected in video
20_set1_rally17_ball14_Clear.mp4,Clear,extraction_failed,,,,,,No poses detected in video
20_set1_rally17_ball18_Smash.mp4,Smash,success,51.0,2.0,3.9215686274509802,0.816590324495778,0.03202314998022659,
20_set1_rally17_ball22_Clear.mp4,Clear,extraction_failed,,,,,,No poses detected in video
20_set1_rally17_ball26_Clear.mp4,Clear,extraction_failed,,,,,,No poses detected in video
20_set1_rally24_ball10_Clear.mp4,Clear,success,51.0,23.0,45.09803921568628,0.8485072092969115,0.38266011399664634,
20_set1_rally31_ball5_Clear.mp4,Clear,extraction_failed,,,,,,No poses detected in video
20_set1_rally31_ball13_Clear.mp4,Clear,success,51.0,38.0,74.50980392156863,0.8251370346035453,0.6148079865673475,
20_set1_rally31_ball14_Smash.mp4,Smash,success,51.0,51.0,100.0,0.8523642929426913,0.8523642929426913,
20_set1_rally32_ball4_Smash.mp4,Smash,success,51.0,51.0,100.0,0.8276801368601252,0.8276801368601252,
20_set1_rally32_ball7_Smash.mp4,Smash,extraction_failed,,,,,,No poses detected in video
20_set1_rally32_ball15_Clear.mp4,Clear,extraction_failed,,,,,,No poses detected in video
20_set2_rally1_ball10_Smash.mp4,Smash,extraction_failed,,,,,,No poses detected in video
20_set2_rally6_ball6_Smash.mp4,Smash,extraction_failed,,,,,,No poses detected in video
20_set2_rally8_ball14_Smash.mp4,Smash,extraction_failed,,,,,,No poses detected in video
20_set2_rally10_ball9_Smash.mp4,Smash,extraction_failed,,,,,,No poses detected in video
20_set2_rally11_ball12_Clear.mp4,Clear,extraction_failed,,,,,,No poses detected in video
20_set2_rally13_ball4_Smash.mp4,Smash,extraction_failed,,,,,,No poses detected in video
20_set2_rally14_ball4_Clear.mp4,Clear,extraction_failed,,,,,,No poses detected in video
20_set2_rally15_ball17_Clear.mp4,Clear,extraction_failed,,,,,,No poses detected in video
20_set2_rally21_ball6_Clear.mp4,Clear,extraction_failed,,,,,,No poses detected in video
20_set2_rally21_ball7_Smash.mp4,Smash,extraction_failed,,,,,,No poses detected in video
20_set2_rally22_ball12_Smash.mp4,Smash,extraction_failed,,,,,,No poses detected in video
20_set2_rally23_ball8_Smash.mp4,Smash,success,51.0,43.0,84.31372549019608,0.668353287559567,0.5635135561776742,
20_set2_rally26_ball4_Smash.mp4,Smash,success,51.0,21.0,41.17647058823529,0.6035591960813405,0.24852437485702253,
20_set2_rally27_ball14_Clear.mp4,Clear,success,51.0,51.0,100.0,0.5170193290292544,0.5170193290292544,
20_set2_rally27_ball24_Smash.mp4,Smash,success,51.0,51.0,100.0,0.5083494108044102,0.5083494108044102,
20_set2_rally30_ball2_Smash.mp4,Smash,success,51.0,51.0,100.0,0.5299700767120575,0.5299700767120575,
20_set2_rally32_ball7_Smash.mp4,Smash,success,51.0,51.0,100.0,0.5140731932326434,0.5140731932326434,
20_set2_rally32_ball11_Smash.mp4,Smash,success,51.0,51.0,100.0,0.5045755198153441,0.5045755198153441,
20_set2_rally35_ball3_Clear.mp4,Clear,success,51.0,51.0,100.0,0.4784582815688066,0.4784582815688066,
20_set2_rally35_ball4_Smash.mp4,Smash,success,51.0,51.0,100.0,0.4852869424324835,0.4852869424324835,
21_set1_rally2_ball4_Smash.mp4,Smash,success,61.0,61.0,100.0,0.6331035214399023,0.6331035214399023,
21_set1_rally3_ball3_Clear.mp4,Clear,success,61.0,61.0,100.0,0.6140582706784793,0.6140582706784793,
21_set1_rally3_ball6_Smash.mp4,Smash,success,61.0,61.0,100.0,0.4673676401329534,0.4673676401329534,
21_set1_rally4_ball2_Smash.mp4,Smash,success,61.0,61.0,100.0,0.5364466087103363,0.5364466087103363,
21_set1_rally5_ball2_Clear.mp4,Clear,success,61.0,61.0,100.0,0.5420517502912408,0.5420517502912408,
21_set1_rally5_ball3_Clear.mp4,Clear,success,61.0,61.0,100.0,0.5582626574703757,0.5582626574703757,
21_set1_rally6_ball2_Smash.mp4,Smash,success,61.0,61.0,100.0,0.4120974191036529,0.4120974191036529,
21_set1_rally6_ball7_Clear.mp4,Clear,success,61.0,61.0,100.0,0.48885861215756726,0.48885861215756726,
21_set1_rally6_ball8_Clear.mp4,Clear,success,61.0,61.0,100.0,0.5783564027452492,0.5783564027452492,
21_set1_rally6_ball9_Smash.mp4,Smash,success,61.0,61.0,100.0,0.5746217186137538,0.5746217186137538,
21_set1_rally7_ball2_Smash.mp4,Smash,success,61.0,61.0,100.0,0.41509294211151987,0.41509294211151987,
21_set1_rally7_ball7_Smash.mp4,Smash,success,61.0,61.0,100.0,0.3971804505203917,0.3971804505203917,
21_set1_rally8_ball4_Smash.mp4,Smash,success,61.0,61.0,100.0,0.5358464809072607,0.5358464809072607,
21_set1_rally10_ball2_Clear.mp4,Clear,success,61.0,61.0,100.0,0.6038094756063453,0.6038094756063453,
21_set1_rally10_ball6_Clear.mp4,Clear,success,61.0,61.0,100.0,0.5857572086040678,0.5857572086040678,
21_set1_rally10_ball7_Clear.mp4,Clear,success,61.0,61.0,100.0,0.5291867111353837,0.5291867111353837,
21_set1_rally10_ball8_Smash.mp4,Smash,success,61.0,61.0,100.0,0.5726110869273728,0.5726110869273728,
21_set1_rally10_ball11_Clear.mp4,Clear,success,61.0,61.0,100.0,0.6119439328802768,0.6119439328802768,
21_set1_rally10_ball12_Smash.mp4,Smash,success,61.0,61.0,100.0,0.48500229111168,0.48500229111168,
21_set1_rally11_ball2_Smash.mp4,Smash,success,61.0,61.0,100.0,0.6301230666441847,0.6301230666441847,
21_set1_rally11_ball6_Smash.mp4,Smash,success,61.0,61.0,100.0,0.6375249118775027,0.6375249118775027,
21_set1_rally12_ball8_Smash.mp4,Smash,success,61.0,61.0,100.0,0.569362737538207,0.569362737538207,
21_set1_rally12_ball11_Smash.mp4,Smash,success,61.0,61.0,100.0,0.6022529485165864,0.6022529485165864,
21_set1_rally13_ball3_Smash.mp4,Smash,success,61.0,61.0,100.0,0.6694696892554406,0.6694696892554406,
21_set1_rally13_ball6_Smash.mp4,Smash,success,61.0,61.0,100.0,0.6368765969160656,0.6368765969160656,
21_set1_rally13_ball11_Clear.mp4,Clear,success,61.0,61.0,100.0,0.587294786820587,0.587294786820587,
21_set1_rally13_ball12_Smash.mp4,Smash,success,61.0,61.0,100.0,0.6114107190977858,0.6114107190977858,
21_set1_rally13_ball15_Smash.mp4,Smash,success,61.0,61.0,100.0,0.6302581951466297,0.6302581951466297,
21_set1_rally16_ball4_Smash.mp4,Smash,success,61.0,61.0,100.0,0.6219428316114023,0.6219428316114023,
21_set1_rally17_ball2_Smash.mp4,Smash,success,61.0,61.0,100.0,0.6487193626739821,0.6487193626739821,
21_set1_rally17_ball5_Clear.mp4,Clear,success,61.0,61.0,100.0,0.6728635854238132,0.6728635854238132,
21_set1_rally18_ball8_Smash.mp4,Smash,success,61.0,61.0,100.0,0.4596051413712073,0.4596051413712073,
21_set1_rally18_ball12_Clear.mp4,Clear,success,61.0,61.0,100.0,0.45167614825549207,0.45167614825549207,
21_set1_rally18_ball13_Smash.mp4,Smash,success,61.0,61.0,100.0,0.4619845466408832,0.4619845466408832,
21_set1_rally19_ball2_Clear.mp4,Clear,success,61.0,61.0,100.0,0.45744309173475883,0.45744309173475883,
21_set1_rally19_ball3_Smash.mp4,Smash,success,61.0,61.0,100.0,0.5032308481456004,0.5032308481456004,
21_set1_rally19_ball6_Clear.mp4,Clear,success,61.0,61.0,100.0,0.3945679947529385,0.3945679947529385,
21_set1_rally19_ball7_Clear.mp4,Clear,success,61.0,61.0,100.0,0.37705467050151154,0.37705467050151154,
21_set1_rally19_ball8_Smash.mp4,Smash,success,61.0,61.0,100.0,0.343045432949175,0.343045432949175,
21_set1_rally19_ball16_Smash.mp4,Smash,success,61.0,61.0,100.0,0.45438964444712737,0.45438964444712737,
21_set1_rally21_ball4_Smash.mp4,Smash,success,61.0,61.0,100.0,0.4436460379659168,0.4436460379659168,
21_set1_rally21_ball6_Smash.mp4,Smash,success,61.0,61.0,100.0,0.44298060502860676,0.44298060502860676,
21_set1_rally23_ball4_Smash.mp4,Smash,success,61.0,61.0,100.0,0.6125153577463194,0.6125153577463194,
21_set1_rally23_ball7_Smash.mp4,Smash,success,61.0,61.0,100.0,0.7250703975791459,0.7250703975791459,
21_set1_rally24_ball2_Clear.mp4,Clear,success,61.0,61.0,100.0,0.7599117065462022,0.7599117065462022,
21_set1_rally24_ball3_Clear.mp4,Clear,success,61.0,61.0,100.0,0.705466559353866,0.705466559353866,
21_set1_rally24_ball4_Clear.mp4,Clear,success,61.0,61.0,100.0,0.724172538991183,0.724172538991183,
21_set1_rally24_ball7_Clear.mp4,Clear,success,61.0,61.0,100.0,0.7554376782304425,0.7554376782304425,
21_set1_rally24_ball8_Clear.mp4,Clear,success,61.0,61.0,100.0,0.7153893394281896,0.7153893394281896,
21_set1_rally24_ball9_Clear.mp4,Clear,success,61.0,61.0,100.0,0.4424119410879995,0.4424119410879995,
21_set1_rally24_ball10_Smash.mp4,Smash,success,61.0,61.0,100.0,0.5127193798980515,0.5127193798980515,
21_set1_rally25_ball8_Clear.mp4,Clear,success,61.0,61.0,100.0,0.5629671841889426,0.5629671841889426,
21_set1_rally26_ball8_Clear.mp4,Clear,success,61.0,61.0,100.0,0.5089923278315264,0.5089923278315264,
21_set1_rally26_ball9_Smash.mp4,Smash,success,61.0,61.0,100.0,0.40249437914112884,0.40249437914112884,
21_set1_rally26_ball11_Smash.mp4,Smash,success,61.0,61.0,100.0,0.39974115393413684,0.39974115393413684,
21_set1_rally27_ball6_Clear.mp4,Clear,success,61.0,61.0,100.0,0.4686068811190629,0.4686068811190629,
21_set1_rally27_ball7_Smash.mp4,Smash,success,61.0,61.0,100.0,0.5923844166618196,0.5923844166618196,
21_set1_rally30_ball2_Clear.mp4,Clear,success,61.0,57.0,93.44262295081968,0.6966099047096851,0.6509305666959353,
21_set1_rally30_ball3_Smash.mp4,Smash,success,61.0,61.0,100.0,0.5785481470839707,0.5785481470839707,
21_set1_rally30_ball8_Clear.mp4,Clear,success,61.0,53.0,86.88524590163934,0.55011540764209,0.4779691246726355,
21_set1_rally30_ball14_Clear.mp4,Clear,extraction_failed,,,,,,No poses detected in video
21_set1_rally30_ball15_Clear.mp4,Clear,extraction_failed,,,,,,No poses detected in video
21_set1_rally30_ball16_Smash.mp4,Smash,extraction_failed,,,,,,No poses detected in video
21_set1_rally31_ball4_Smash.mp4,Smash,extraction_failed,,,,,,No poses detected in video
21_set1_rally32_ball2_Clear.mp4,Clear,success,61.0,40.0,65.57377049180327,0.5086953405583192,0.3335707151202093,
21_set1_rally32_ball3_Smash.mp4,Smash,success,61.0,28.0,45.90163934426229,0.5044237478148369,0.23153876948877758,
21_set1_rally33_ball4_Smash.mp4,Smash,success,61.0,18.0,29.508196721311474,0.5036061915634858,0.14860510570725813,
21_set1_rally33_ball9_Clear.mp4,Clear,success,61.0,10.0,16.39344262295082,0.4905410588239179,0.08041656702031441,
21_set1_rally33_ball10_Smash.mp4,Smash,extraction_failed,,,,,,No poses detected in video
21_set1_rally33_ball12_Smash.mp4,Smash,extraction_failed,,,,,,No poses detected in video
21_set1_rally34_ball2_Clear.mp4,Clear,success,61.0,2.0,3.278688524590164,0.4900649688912161,0.01606770389807266,
21_set1_rally34_ball3_Clear.mp4,Clear,success,61.0,15.0,24.59016393442623,0.5277674980837889,0.12977889297142348,
21_set1_rally34_ball4_Smash.mp4,Smash,success,61.0,1.0,1.639344262295082,0.5444899801955079,0.008926065249106687,
21_set1_rally34_ball8_Smash.mp4,Smash,success,61.0,28.0,45.90163934426229,0.5138577495560501,0.2358691309437607,
21_set1_rally37_ball4_Smash.mp4,Smash,success,61.0,61.0,100.0,0.523853099408249,0.523853099408249,
21_set1_rally38_ball2_Smash.mp4,Smash,success,61.0,58.0,95.08196721311475,0.5211318044219223,0.4955023714175654,
21_set1_rally41_ball3_Smash.mp4,Smash,success,61.0,37.0,60.65573770491803,0.5288444753107313,0.3207745178114272,
21_set1_rally41_ball8_Smash.mp4,Smash,success,61.0,61.0,100.0,0.5105975086537026,0.5105975086537026,
21_set1_rally41_ball12_Smash.mp4,Smash,success,61.0,61.0,100.0,0.5527858044504497,0.5527858044504497,
21_set1_rally42_ball5_Smash.mp4,Smash,success,61.0,61.0,100.0,0.4605974054923563,0.4605974054923563,
21_set1_rally42_ball8_Smash.mp4,Smash,success,61.0,61.0,100.0,0.5399590170180255,0.5399590170180255,
21_set1_rally42_ball15_Clear.mp4,Clear,success,61.0,15.0,24.59016393442623,0.5982102022929625,0.14710086941630227,
21_set1_rally42_ball18_Clear.mp4,Clear,success,61.0,61.0,100.0,0.5355772931331938,0.5355772931331938,
21_set1_rally42_ball19_Clear.mp4,Clear,success,61.0,60.0,98.36065573770492,0.5393106859538149,0.5304695271676868,
21_set1_rally42_ball20_Clear.mp4,Clear,success,61.0,61.0,100.0,0.5298990235430479,0.5298990235430479,
21_set1_rally42_ball24_Clear.mp4,Clear,success,61.0,61.0,100.0,0.5166707992061111,0.5166707992061111,
21_set1_rally42_ball25_Clear.mp4,Clear,success,61.0,60.0,98.36065573770492,0.5243664466809309,0.5157702754238664,
21_set1_rally42_ball26_Clear.mp4,Clear,success,61.0,61.0,100.0,0.49015162659413897,0.49015162659413897,
21_set1_rally42_ball27_Smash.mp4,Smash,success,61.0,61.0,100.0,0.47709490332967985,0.47709490332967985,
21_set1_rally42_ball30_Smash.mp4,Smash,success,61.0,60.0,98.36065573770492,0.5137590294452409,0.5053367502740074,
21_set1_rally42_ball34_Smash.mp4,Smash,success,61.0,61.0,100.0,0.5200470764645692,0.5200470764645692,
21_set1_rally42_ball37_Clear.mp4,Clear,success,61.0,61.0,100.0,0.5255172329610736,0.5255172329610736,
21_set1_rally42_ball38_Clear.mp4,Clear,success,61.0,61.0,100.0,0.4935751726633499,0.4935751726633499,
21_set2_rally2_ball4_Clear.mp4,Clear,success,61.0,61.0,100.0,0.4900086915854251,0.4900086915854251,
21_set2_rally2_ball5_Clear.mp4,Clear,success,61.0,61.0,100.0,0.44935207341492334,0.44935207341492334,
21_set2_rally2_ball6_Smash.mp4,Smash,success,61.0,61.0,100.0,0.5111925572447189,0.5111925572447189,
21_set2_rally3_ball4_Smash.mp4,Smash,success,61.0,60.0,98.36065573770492,0.5421186491758341,0.5332314582057385,
21_set2_rally6_ball3_Smash.mp4,Smash,success,61.0,4.0,6.557377049180328,0.5695589886921825,0.037348130406044754,
21_set2_rally6_ball7_Smash.mp4,Smash,extraction_failed,,,,,,No poses detected in video
21_set2_rally7_ball3_Smash.mp4,Smash,success,61.0,19.0,31.147540983606557,0.5493423614823266,0.17110663718301977,
21_set2_rally8_ball3_Smash.mp4,Smash,success,61.0,17.0,27.86885245901639,0.535686199332516,0.14928959653529134,
21_set2_rally9_ball2_Smash.mp4,Smash,success,61.0,15.0,24.59016393442623,0.5231087681922044,0.12863330365382075,
21_set2_rally9_ball5_Clear.mp4,Clear,success,61.0,61.0,100.0,0.5299560297656841,0.5299560297656841,
21_set2_rally9_ball6_Smash.mp4,Smash,success,61.0,59.0,96.72131147540983,0.5398817017683661,0.5221806623661246,
21_set2_rally11_ball5_Smash.mp4,Smash,extraction_failed,,,,,,No poses detected in video
21_set2_rally12_ball3_Clear.mp4,Clear,extraction_failed,,,,,,No poses detected in video
21_set2_rally12_ball6_Smash.mp4,Smash,extraction_failed,,,,,,No poses detected in video
21_set2_rally13_ball2_Clear.mp4,Clear,extraction_failed,,,,,,No poses detected in video
21_set2_rally13_ball3_Clear.mp4,Clear,extraction_failed,,,,,,No poses detected in video
21_set2_rally13_ball7_Smash.mp4,Smash,success,61.0,13.0,21.311475409836063,0.5374230108981505,0.11453277281435993,
21_set2_rally15_ball3_Clear.mp4,Clear,extraction_failed,,,,,,No poses detected in video
21_set2_rally15_ball4_Clear.mp4,Clear,extraction_failed,,,,,,No poses detected in video
21_set2_rally15_ball5_Smash.mp4,Smash,success,61.0,26.0,42.62295081967213,0.4546200194610999,0.19377246731128847,
21_set2_rally15_ball10_Clear.mp4,Clear,success,61.0,10.0,16.39344262295082,0.43040773301865115,0.07055864475715592,
21_set2_rally15_ball11_Clear.mp4,Clear,extraction_failed,,,,,,No poses detected in video
21_set2_rally15_ball12_Smash.mp4,Smash,extraction_failed,,,,,,No poses detected in video
21_set2_rally15_ball15_Smash.mp4,Smash,success,61.0,61.0,100.0,0.4874483159956196,0.4874483159956196,
21_set2_rally17_ball2_Clear.mp4,Clear,success,61.0,17.0,27.86885245901639,0.524149578629118,0.14607447273270502,
21_set2_rally17_ball3_Clear.mp4,Clear,success,61.0,34.0,55.73770491803278,0.5563318382208595,0.3100865983526102,
21_set2_rally17_ball4_Clear.mp4,Clear,success,61.0,61.0,100.0,0.6002959177380541,0.6002959177380541,
21_set2_rally17_ball5_Smash.mp4,Smash,success,61.0,61.0,100.0,0.5893725674783128,0.5893725674783128,
21_set2_rally19_ball4_Smash.mp4,Smash,success,61.0,15.0,24.59016393442623,0.6032875052305183,0.14834938653209467,
21_set2_rally19_ball10_Clear.mp4,Clear,extraction_failed,,,,,,No poses detected in video
21_set2_rally19_ball11_Clear.mp4,Clear,success,61.0,11.0,18.0327868852459,0.5970653128956467,0.10766751544019859,
21_set2_rally19_ball12_Smash.mp4,Smash,success,61.0,4.0,6.557377049180328,0.5947128218796217,0.038997562090467,
21_set2_rally20_ball2_Smash.mp4,Smash,extraction_failed,,,,,,No poses detected in video
21_set2_rally20_ball5_Smash.mp4,Smash,success,61.0,9.0,14.754098360655737,0.5791847480818478,0.08545348742191197,
21_set2_rally21_ball3_Smash.mp4,Smash,extraction_failed,,,,,,No poses detected in video
21_set2_rally21_ball7_Smash.mp4,Smash,extraction_failed,,,,,,No poses detected in video
21_set2_rally23_ball2_Clear.mp4,Clear,extraction_failed,,,,,,No poses detected in video
21_set2_rally23_ball3_Smash.mp4,Smash,extraction_failed,,,,,,No poses detected in video
21_set2_rally23_ball9_Clear.mp4,Clear,success,61.0,41.0,67.21311475409836,0.5706836262814344,0.38357424061539036,
21_set2_rally23_ball17_Clear.mp4,Clear,success,61.0,11.0,18.0327868852459,0.5649123959058573,0.10186944844203984,
21_set2_rally23_ball18_Clear.mp4,Clear,success,61.0,2.0,3.278688524590164,0.5820669588265996,0.01908416258447868,
21_set2_rally23_ball19_Clear.mp4,Clear,extraction_failed,,,,,,No poses detected in video
21_set2_rally23_ball20_Smash.mp4,Smash,extraction_failed,,,,,,No poses detected in video
21_set2_rally25_ball2_Smash.mp4,Smash,success,61.0,48.0,78.68852459016394,0.5470623544972354,0.43047529534208684,
21_set2_rally25_ball5_Smash.mp4,Smash,success,61.0,60.0,98.36065573770492,0.5409740784922759,0.532105650976009,
21_set2_rally25_ball8_Clear.mp4,Clear,success,61.0,61.0,100.0,0.5747287017808488,0.5747287017808488,
21_set2_rally25_ball9_Smash.mp4,Smash,success,61.0,61.0,100.0,0.5787030699397578,0.5787030699397578,
21_set2_rally26_ball4_Clear.mp4,Clear,success,61.0,61.0,100.0,0.5131874307713615,0.5131874307713615,
21_set2_rally27_ball7_Smash.mp4,Smash,success,61.0,61.0,100.0,0.5400357762829919,0.5400357762829919,
21_set2_rally28_ball3_Smash.mp4,Smash,success,61.0,61.0,100.0,0.540212169757266,0.540212169757266,
21_set2_rally28_ball5_Clear.mp4,Clear,success,61.0,61.0,100.0,0.5634276116887729,0.5634276116887729,
21_set2_rally28_ball6_Smash.mp4,Smash,success,61.0,19.0,31.147540983606557,0.5735011885516001,0.1786315177455804,
21_set2_rally28_ball15_Smash.mp4,Smash,success,61.0,12.0,19.672131147540984,0.5308755615519153,0.10443453669873744,
21_set2_rally29_ball7_Clear.mp4,Clear,success,61.0,49.0,80.32786885245902,0.5348641942859437,0.42964500852477444,
21_set2_rally29_ball8_Smash.mp4,Smash,success,61.0,48.0,78.68852459016394,0.5247120352792534,0.4128881589082649,
21_set2_rally29_ball11_Clear.mp4,Clear,success,61.0,13.0,21.311475409836063,0.5423452207686926,0.11558176836054104,
21_set2_rally29_ball12_Clear.mp4,Clear,success,61.0,48.0,78.68852459016394,0.5367269632167261,0.42234252843283365,
21_set2_rally30_ball3_Clear.mp4,Clear,success,61.0,61.0,100.0,0.577907618287711,0.577907618287711,
21_set2_rally30_ball4_Smash.mp4,Smash,success,61.0,61.0,100.0,0.5762661064696212,0.5762661064696212,
21_set2_rally32_ball6_Smash.mp4,Smash,success,61.0,48.0,78.68852459016394,0.568492220758589,0.4473381409247913,
21_set2_rally32_ball9_Smash.mp4,Smash,extraction_failed,,,,,,No poses detected in video
22_set1_rally1_ball2_Clear.mp4,Clear,success,61.0,29.0,47.540983606557376,0.473616912914294,0.2251621389264676,
22_set1_rally1_ball10_Clear.mp4,Clear,success,61.0,60.0,98.36065573770492,0.5107997389726318,0.5024259727599657,
22_set1_rally1_ball11_Clear.mp4,Clear,success,61.0,44.0,72.1311475409836,0.5659747201697531,0.40824406045031375,
22_set1_rally1_ball12_Clear.mp4,Clear,success,61.0,24.0,39.34426229508197,0.5625577021061351,0.22133417787782364,
22_set1_rally1_ball13_Clear.mp4,Clear,success,61.0,37.0,60.65573770491803,0.539716947007747,0.3273692957260105,
22_set1_rally1_ball14_Clear.mp4,Clear,extraction_failed,,,,,,No poses detected in video
22_set1_rally1_ball15_Clear.mp4,Clear,success,61.0,2.0,3.278688524590164,0.4668586238315611,0.015306840125624955,
22_set1_rally3_ball2_Smash.mp4,Smash,success,61.0,33.0,54.09836065573771,0.5310400663041215,0.2872839702956723,
22_set1_rally3_ball7_Clear.mp4,Clear,success,61.0,24.0,39.34426229508197,0.5274591328707909,0.2075249047360489,
22_set1_rally4_ball2_Smash.mp4,Smash,success,61.0,61.0,100.0,0.5234049405112411,0.5234049405112411,
22_set1_rally5_ball2_Clear.mp4,Clear,success,61.0,8.0,13.114754098360656,0.43551055446380016,0.05711613829033445,
22_set1_rally5_ball3_Smash.mp4,Smash,success,61.0,12.0,19.672131147540984,0.45776154349247605,0.09005145117884775,
22_set1_rally6_ball4_Clear.mp4,Clear,success,61.0,2.0,3.278688524590164,0.45107303142096056,0.014789279718720018,
22_set1_rally6_ball5_Smash.mp4,Smash,extraction_failed,,,,,,No poses detected in video
22_set1_rally7_ball4_Clear.mp4,Clear,success,61.0,61.0,100.0,0.5379219091741543,0.5379219091741543,
22_set1_rally7_ball5_Clear.mp4,Clear,success,61.0,61.0,100.0,0.5576352778201301,0.5576352778201301,
22_set1_rally7_ball6_Smash.mp4,Smash,success,61.0,61.0,100.0,0.5385414965551973,0.5385414965551973,
22_set1_rally8_ball3_Clear.mp4,Clear,success,61.0,60.0,98.36065573770492,0.5528093674584058,0.5437469188115467,
22_set1_rally8_ball4_Clear.mp4,Clear,success,61.0,61.0,100.0,0.47657534824778336,0.47657534824778336,
22_set1_rally10_ball2_Smash.mp4,Smash,success,61.0,60.0,98.36065573770492,0.508644011084881,0.5003055846736534,
22_set1_rally10_ball6_Clear.mp4,Clear,success,61.0,59.0,96.72131147540983,0.5203775765811219,0.5033160166932162,
22_set1_rally10_ball7_Clear.mp4,Clear,success,61.0,61.0,100.0,0.5019531573028889,0.5019531573028889,
22_set1_rally10_ball9_Smash.mp4,Smash,success,61.0,61.0,100.0,0.49384433755858714,0.49384433755858714,
22_set1_rally13_ball3_Clear.mp4,Clear,success,61.0,53.0,86.88524590163934,0.4940829894379725,0.42928522033135313,
22_set1_rally15_ball3_Clear.mp4,Clear,success,61.0,31.0,50.81967213114754,0.6091205954245807,0.30955308947806565,
22_set1_rally15_ball4_Clear.mp4,Clear,extraction_failed,,,,,,No poses detected in video
22_set1_rally15_ball8_Smash.mp4,Smash,success,61.0,44.0,72.1311475409836,0.5593489633658009,0.4034648260343482,
22_set1_rally16_ball4_Clear.mp4,Clear,success,61.0,48.0,78.68852459016394,0.5304187599832964,0.4173786963802988,
22_set1_rally17_ball2_Smash.mp4,Smash,extraction_failed,,,,,,No poses detected in video
22_set1_rally17_ball13_Smash.mp4,Smash,extraction_failed,,,,,,No poses detected in video
22_set1_rally17_ball16_Clear.mp4,Clear,success,61.0,40.0,65.57377049180327,0.5145747342495002,0.33742605524557384,
22_set1_rally17_ball20_Clear.mp4,Clear,success,61.0,41.0,67.21311475409836,0.5762339038326142,0.38730475503503575,
22_set1_rally17_ball21_Clear.mp4,Clear,extraction_failed,,,,,,No poses detected in video
22_set1_rally17_ball22_Smash.mp4,Smash,extraction_failed,,,,,,No poses detected in video
22_set1_rally18_ball15_Clear.mp4,Clear,success,61.0,44.0,72.1311475409836,0.5164128336491007,0.3724945029600071,
22_set1_rally18_ball16_Smash.mp4,Smash,success,61.0,14.0,22.950819672131146,0.5060469458339275,0.11614192199467188,
22_set1_rally19_ball3_Clear.mp4,Clear,extraction_failed,,,,,,No poses detected in video
22_set1_rally19_ball9_Clear.mp4,Clear,extraction_failed,,,,,,No poses detected in video
22_set1_rally19_ball10_Clear.mp4,Clear,success,61.0,25.0,40.98360655737705,0.5149674475644574,0.2110522326083842,
22_set1_rally19_ball11_Smash.mp4,Smash,success,61.0,1.0,1.639344262295082,0.44715008252497873,0.007330329221720963,
22_set1_rally22_ball3_Clear.mp4,Clear,success,61.0,61.0,100.0,0.5227178007788064,0.5227178007788064,
22_set1_rally22_ball4_Smash.mp4,Smash,success,61.0,61.0,100.0,0.5034039607167323,0.5034039607167323,
22_set1_rally23_ball2_Smash.mp4,Smash,success,61.0,10.0,16.39344262295082,0.5731975261460651,0.0939668075649287,
22_set1_rally23_ball4_Smash.mp4,Smash,extraction_failed,,,,,,No poses detected in video
22_set1_rally24_ball6_Clear.mp4,Clear,extraction_failed,,,,,,No poses detected in video
22_set1_rally24_ball7_Smash.mp4,Smash,extraction_failed,,,,,,No poses detected in video
22_set1_rally25_ball3_Clear.mp4,Clear,extraction_failed,,,,,,No poses detected in video
22_set1_rally25_ball4_Clear.mp4,Clear,extraction_failed,,,,,,No poses detected in video
22_set1_rally25_ball5_Clear.mp4,Clear,extraction_failed,,,,,,No poses detected in video
22_set1_rally25_ball6_Smash.mp4,Smash,extraction_failed,,,,,,No poses detected in video
22_set1_rally26_ball8_Smash.mp4,Smash,extraction_failed,,,,,,No poses detected in video
22_set1_rally26_ball12_Smash.mp4,Smash,extraction_failed,,,,,,No poses detected in video
22_set1_rally26_ball15_Clear.mp4,Clear,extraction_failed,,,,,,No poses detected in video
22_set1_rally26_ball18_Clear.mp4,Clear,extraction_failed,,,,,,No poses detected in video
22_set1_rally26_ball21_Clear.mp4,Clear,extraction_failed,,,,,,No poses detected in video
22_set1_rally28_ball3_Clear.mp4,Clear,extraction_failed,,,,,,No poses detected in video
22_set1_rally28_ball4_Clear.mp4,Clear,extraction_failed,,,,,,No poses detected in video
22_set1_rally28_ball7_Clear.mp4,Clear,extraction_failed,,,,,,No poses detected in video
22_set1_rally28_ball12_Clear.mp4,Clear,extraction_failed,,,,,,No poses detected in video
22_set1_rally31_ball10_Clear.mp4,Clear,extraction_failed,,,,,,No poses detected in video
22_set1_rally32_ball4_Clear.mp4,Clear,extraction_failed,,,,,,No poses detected in video
22_set1_rally34_ball14_Clear.mp4,Clear,extraction_failed,,,,,,No poses detected in video
22_set2_rally1_ball4_Clear.mp4,Clear,success,61.0,46.0,75.40983606557377,0.5571811262464694,0.4201693738907802,
22_set2_rally1_ball11_Clear.mp4,Clear,success,61.0,50.0,81.9672131147541,0.5000139680324179,0.40984751478067044,
22_set2_rally2_ball2_Smash.mp4,Smash,extraction_failed,,,,,,No poses detected in video
22_set2_rally2_ball4_Smash.mp4,Smash,extraction_failed,,,,,,No poses detected in video
22_set2_rally2_ball9_Clear.mp4,Clear,extraction_failed,,,,,,No poses detected in video
22_set2_rally2_ball10_Smash.mp4,Smash,extraction_failed,,,,,,No poses detected in video
22_set2_rally3_ball4_Clear.mp4,Clear,extraction_failed,,,,,,No poses detected in video
22_set2_rally3_ball5_Smash.mp4,Smash,extraction_failed,,,,,,No poses detected in video
22_set2_rally3_ball8_Clear.mp4,Clear,extraction_failed,,,,,,No poses detected in video
22_set2_rally3_ball9_Clear.mp4,Clear,extraction_failed,,,,,,No poses detected in video
22_set2_rally5_ball2_Clear.mp4,Clear,extraction_failed,,,,,,No poses detected in video
22_set2_rally5_ball3_Smash.mp4,Smash,extraction_failed,,,,,,No poses detected in video
22_set2_rally7_ball3_Clear.mp4,Clear,success,61.0,15.0,24.59016393442623,0.5650107975409487,0.1389370813625284,
22_set2_rally7_ball4_Clear.mp4,Clear,success,61.0,10.0,16.39344262295082,0.5407436366334106,0.08864649780875583,
22_set2_rally7_ball5_Smash.mp4,Smash,extraction_failed,,,,,,No poses detected in video
22_set2_rally7_ball9_Clear.mp4,Clear,extraction_failed,,,,,,No poses detected in video
22_set2_rally7_ball10_Clear.mp4,Clear,extraction_failed,,,,,,No poses detected in video
22_set2_rally7_ball11_Clear.mp4,Clear,extraction_failed,,,,,,No poses detected in video
22_set2_rally7_ball15_Smash.mp4,Smash,success,61.0,23.0,37.704918032786885,0.5114642647297486,0.1928471817833478,
22_set2_rally8_ball3_Clear.mp4,Clear,success,61.0,28.0,45.90163934426229,0.5096135079895421,0.2339209544870029,
22_set2_rally9_ball8_Clear.mp4,Clear,extraction_failed,,,,,,No poses detected in video
22_set2_rally9_ball10_Smash.mp4,Smash,extraction_failed,,,,,,No poses detected in video
22_set2_rally10_ball2_Smash.mp4,Smash,extraction_failed,,,,,,No poses detected in video
22_set2_rally11_ball6_Clear.mp4,Clear,extraction_failed,,,,,,No poses detected in video
22_set2_rally11_ball11_Smash.mp4,Smash,extraction_failed,,,,,,No poses detected in video
22_set2_rally12_ball2_Smash.mp4,Smash,extraction_failed,,,,,,No poses detected in video
22_set2_rally13_ball4_Smash.mp4,Smash,success,61.0,61.0,100.0,0.550316936443899,0.550316936443899,
22_set2_rally14_ball2_Clear.mp4,Clear,success,61.0,1.0,1.639344262295082,0.5710333057425239,0.009361201733483999,
22_set2_rally14_ball3_Smash.mp4,Smash,extraction_failed,,,,,,No poses detected in video
22_set2_rally15_ball3_Clear.mp4,Clear,success,61.0,20.0,32.78688524590164,0.6036527713930067,0.19791894144033004,
22_set2_rally15_ball4_Clear.mp4,Clear,extraction_failed,,,,,,No poses detected in video
22_set2_rally15_ball7_Clear.mp4,Clear,success,61.0,19.0,31.147540983606557,0.5445059742088671,0.16960022147489306,
22_set2_rally16_ball4_Smash.mp4,Smash,success,61.0,16.0,26.229508196721312,0.5168736165276531,0.13557340761381065,
22_set2_rally17_ball7_Clear.mp4,Clear,success,61.0,6.0,9.836065573770492,0.520653118689855,0.05121178216621524,
22_set2_rally17_ball8_Smash.mp4,Smash,extraction_failed,,,,,,No poses detected in video
22_set2_rally18_ball2_Smash.mp4,Smash,extraction_failed,,,,,,No poses detected in video
22_set2_rally24_ball3_Smash.mp4,Smash,extraction_failed,,,,,,No poses detected in video
22_set2_rally26_ball11_Clear.mp4,Clear,extraction_failed,,,,,,No poses detected in video
22_set2_rally26_ball12_Clear.mp4,Clear,extraction_failed,,,,,,No poses detected in video
22_set2_rally26_ball13_Clear.mp4,Clear,extraction_failed,,,,,,No poses detected in video
22_set2_rally26_ball16_Clear.mp4,Clear,extraction_failed,,,,,,No poses detected in video
22_set2_rally27_ball2_Smash.mp4,Smash,extraction_failed,,,,,,No poses detected in video
22_set2_rally27_ball4_Smash.mp4,Smash,extraction_failed,,,,,,No poses detected in video
22_set2_rally28_ball4_Clear.mp4,Clear,extraction_failed,,,,,,No poses detected in video
22_set2_rally28_ball5_Clear.mp4,Clear,extraction_failed,,,,,,No poses detected in video
22_set2_rally28_ball8_Smash.mp4,Smash,success,61.0,8.0,13.114754098360656,0.5126272157092631,0.0672297987815427,
22_set2_rally29_ball4_Smash.mp4,Smash,success,61.0,12.0,19.672131147540984,0.5635662073213042,0.11086548340746968,
22_set2_rally29_ball7_Smash.mp4,Smash,extraction_failed,,,,,,No poses detected in video
22_set2_rally29_ball14_Clear.mp4,Clear,success,61.0,32.0,52.459016393442624,0.49511712775424577,0.25973357521534207,
22_set2_rally29_ball20_Clear.mp4,Clear,extraction_failed,,,,,,No poses detected in video
22_set2_rally29_ball24_Clear.mp4,Clear,extraction_failed,,,,,,No poses detected in video
22_set2_rally29_ball25_Clear.mp4,Clear,extraction_failed,,,,,,No poses detected in video
22_set2_rally29_ball26_Clear.mp4,Clear,extraction_failed,,,,,,No poses detected in video
22_set2_rally29_ball29_Clear.mp4,Clear,extraction_failed,,,,,,No poses detected in video
22_set2_rally30_ball6_Clear.mp4,Clear,extraction_failed,,,,,,No poses detected in video
22_set2_rally30_ball9_Clear.mp4,Clear,extraction_failed,,,,,,No poses detected in video
22_set2_rally30_ball13_Clear.mp4,Clear,extraction_failed,,,,,,No poses detected in video
22_set2_rally30_ball14_Clear.mp4,Clear,extraction_failed,,,,,,No poses detected in video
22_set2_rally30_ball15_Clear.mp4,Clear,extraction_failed,,,,,,No poses detected in video
22_set2_rally31_ball2_Smash.mp4,Smash,extraction_failed,,,,,,No poses detected in video
22_set2_rally32_ball7_Clear.mp4,Clear,extraction_failed,,,,,,No poses detected in video
22_set2_rally32_ball8_Smash.mp4,Smash,extraction_failed,,,,,,No poses detected in video
22_set2_rally35_ball4_Smash.mp4,Smash,extraction_failed,,,,,,No poses detected in video
22_set2_rally37_ball10_Clear.mp4,Clear,extraction_failed,,,,,,No poses detected in video
22_set2_rally37_ball11_Smash.mp4,Smash,extraction_failed,,,,,,No poses detected in video
22_set2_rally38_ball2_Smash.mp4,Smash,extraction_failed,,,,,,No poses detected in video
23_set1_rally1_ball4_Clear.mp4,Clear,success,61.0,15.0,24.59016393442623,0.44602439615762596,0.1096781302026949,
23_set1_rally2_ball4_Clear.mp4,Clear,success,61.0,1.0,1.639344262295082,0.43631741562576004,0.007152744518455083,
23_set1_rally2_ball9_Smash.mp4,Smash,success,61.0,32.0,52.459016393442624,0.39632246805110366,0.20790686848582488,
23_set1_rally2_ball14_Clear.mp4,Clear,success,61.0,19.0,31.147540983606557,0.3474000994003181,0.108206588337804,
23_set1_rally2_ball17_Clear.mp4,Clear,success,61.0,41.0,67.21311475409836,0.35417388464239513,0.238051299513741,
23_set1_rally3_ball9_Clear.mp4,Clear,extraction_failed,,,,,,No poses detected in video
23_set1_rally3_ball17_Smash.mp4,Smash,extraction_failed,,,,,,No poses detected in video
23_set1_rally6_ball6_Smash.mp4,Smash,success,61.0,7.0,11.475409836065573,0.3710183543011998,0.0425758767230885,
23_set1_rally6_ball12_Clear.mp4,Clear,extraction_failed,,,,,,No poses detected in video
23_set1_rally6_ball16_Smash.mp4,Smash,extraction_failed,,,,,,No poses detected in video
23_set1_rally6_ball20_Clear.mp4,Clear,extraction_failed,,,,,,No poses detected in video
23_set1_rally6_ball21_Smash.mp4,Smash,extraction_failed,,,,,,No poses detected in video
23_set1_rally8_ball3_Clear.mp4,Clear,extraction_failed,,,,,,No poses detected in video
23_set1_rally8_ball4_Clear.mp4,Clear,extraction_failed,,,,,,No poses detected in video
23_set1_rally8_ball5_Smash.mp4,Smash,extraction_failed,,,,,,No poses detected in video
23_set1_rally9_ball7_Smash.mp4,Smash,success,61.0,9.0,14.754098360655737,0.3895551180749228,0.05747534528974271,
23_set1_rally9_ball13_Clear.mp4,Clear,success,61.0,44.0,72.1311475409836,0.38717192975860654,0.2792715558914539,
23_set1_rally9_ball14_Clear.mp4,Clear,success,61.0,57.0,93.44262295081968,0.38089060928527413,0.3559141758895185,
23_set1_rally9_ball22_Smash.mp4,Smash,extraction_failed,,,,,,No poses detected in video
23_set1_rally11_ball4_Smash.mp4,Smash,success,61.0,44.0,72.1311475409836,0.39799251017922704,0.2870765647194425,
23_set1_rally11_ball7_Smash.mp4,Smash,success,61.0,55.0,90.1639344262295,0.4237205413505685,0.38204311105379124,
23_set1_rally12_ball4_Smash.mp4,Smash,success,61.0,49.0,80.32786885245902,0.37702860131079824,0.3028590403971986,
23_set1_rally12_ball9_Clear.mp4,Clear,success,61.0,45.0,73.77049180327869,0.3567151434268012,0.26315051564272224,
23_set1_rally12_ball10_Smash.mp4,Smash,success,61.0,59.0,96.72131147540983,0.3624119602520056,0.3505296008994808,
23_set1_rally12_ball12_Smash.mp4,Smash,success,61.0,50.0,81.9672131147541,0.38078954969802176,0.31212258171969,
23_set1_rally13_ball6_Smash.mp4,Smash,extraction_failed,,,,,,No poses detected in video
23_set1_rally13_ball9_Smash.mp4,Smash,success,61.0,8.0,13.114754098360656,0.40524074243325175,0.05314632687649204,
23_set1_rally13_ball19_Smash.mp4,Smash,success,61.0,1.0,1.639344262295082,0.3984071937474338,0.006531265471269407,
23_set1_rally14_ball7_Clear.mp4,Clear,success,61.0,11.0,18.0327868852459,0.40142701673462533,0.07238847842755539,
23_set1_rally14_ball11_Clear.mp4,Clear,success,61.0,12.0,19.672131147540984,0.4020723178531185,0.0790961936760233,
23_set1_rally16_ball23_Smash.mp4,Smash,extraction_failed,,,,,,No poses detected in video
23_set1_rally17_ball18_Smash.mp4,Smash,extraction_failed,,,,,,No poses detected in video
23_set1_rally17_ball21_Smash.mp4,Smash,extraction_failed,,,,,,No poses detected in video
23_set1_rally20_ball4_Smash.mp4,Smash,success,61.0,57.0,93.44262295081968,0.40561550406236496,0.3790177660910624,
23_set1_rally20_ball7_Smash.mp4,Smash,success,61.0,48.0,78.68852459016394,0.42660887069492176,0.3356922261205942,
23_set1_rally20_ball13_Smash.mp4,Smash,success,61.0,54.0,88.52459016393442,0.4260206074726703,0.3771329967790852,
23_set1_rally21_ball6_Smash.mp4,Smash,success,61.0,56.0,91.80327868852459,0.4108006589848435,0.3771284738221514,
23_set1_rally21_ball10_Smash.mp4,Smash,success,61.0,24.0,39.34426229508197,0.41478112954081914,0.16319257555704358,
23_set1_rally21_ball13_Smash.mp4,Smash,extraction_failed,,,,,,No poses detected in video
23_set1_rally21_ball22_Smash.mp4,Smash,success,61.0,19.0,31.147540983606557,0.40682079678490046,0.12671467440841164,
23_set1_rally22_ball3_Smash.mp4,Smash,success,61.0,39.0,63.934426229508205,0.38010013295393996,0.24301483910169933,
23_set1_rally22_ball7_Clear.mp4,Clear,success,61.0,41.0,67.21311475409836,0.35146569922663173,0.23623104374249018,
23_set1_rally23_ball4_Clear.mp4,Clear,extraction_failed,,,,,,No poses detected in video
23_set1_rally23_ball5_Smash.mp4,Smash,extraction_failed,,,,,,No poses detected in video
23_set1_rally25_ball3_Smash.mp4,Smash,success,61.0,23.0,37.704918032786885,0.3611253554977122,0.13616201928602262,
23_set1_rally25_ball7_Clear.mp4,Clear,success,61.0,1.0,1.639344262295082,0.3697063211690296,0.006060759363426715,
23_set1_rally25_ball16_Clear.mp4,Clear,extraction_failed,,,,,,No poses detected in video
23_set1_rally25_ball17_Smash.mp4,Smash,extraction_failed,,,,,,No poses detected in video
23_set1_rally25_ball29_Clear.mp4,Clear,extraction_failed,,,,,,No poses detected in video
23_set1_rally25_ball30_Clear.mp4,Clear,extraction_failed,,,,,,No poses detected in video
23_set1_rally26_ball4_Smash.mp4,Smash,success,61.0,61.0,100.0,0.4072061941366304,0.4072061941366304,
23_set1_rally26_ball7_Smash.mp4,Smash,success,61.0,53.0,86.88524590163934,0.4122186522785719,0.3581571896846608,
23_set1_rally26_ball10_Clear.mp4,Clear,success,61.0,47.0,77.04918032786885,0.4012099257874168,0.30912895921325556,
23_set1_rally26_ball14_Smash.mp4,Smash,success,61.0,60.0,98.36065573770492,0.38745958988483137,0.3811077933293423,
23_set1_rally26_ball20_Clear.mp4,Clear,success,61.0,59.0,96.72131147540983,0.40486047898183025,0.39158636491685217,
23_set1_rally26_ball25_Clear.mp4,Clear,success,61.0,1.0,1.639344262295082,0.41928118602796033,0.006873462066032137,
23_set1_rally26_ball26_Smash.mp4,Smash,success,61.0,47.0,77.04918032786885,0.400324953324867,0.30844709518473357,
23_set1_rally27_ball6_Smash.mp4,Smash,success,61.0,22.0,36.0655737704918,0.39886852956953506,0.1438542237791766,
23_set1_rally29_ball6_Smash.mp4,Smash,extraction_failed,,,,,,No poses detected in video
23_set1_rally29_ball14_Smash.mp4,Smash,extraction_failed,,,,,,No poses detected in video
23_set1_rally30_ball3_Smash.mp4,Smash,success,61.0,1.0,1.639344262295082,0.4047871351693616,0.006635854674907567,
23_set1_rally30_ball13_Smash.mp4,Smash,extraction_failed,,,,,,No poses detected in video
23_set1_rally30_ball18_Clear.mp4,Clear,success,61.0,51.0,83.60655737704919,0.42192857870549866,0.35275995924558085,
23_set1_rally31_ball2_Smash.mp4,Smash,extraction_failed,,,,,,No poses detected in video
23_set1_rally31_ball8_Smash.mp4,Smash,extraction_failed,,,,,,No poses detected in video
23_set1_rally32_ball2_Smash.mp4,Smash,success,61.0,2.0,3.278688524590164,0.47981840168887924,0.015731750875045223,
23_set1_rally33_ball10_Smash.mp4,Smash,success,61.0,36.0,59.01639344262295,0.477661034656745,0.2818983155351282,
23_set1_rally33_ball13_Smash.mp4,Smash,success,61.0,3.0,4.918032786885246,0.4349013241854581,0.021388589714038925,
23_set1_rally35_ball4_Smash.mp4,Smash,success,61.0,1.0,1.639344262295082,0.4126647658871882,0.0067649961620850525,
23_set1_rally35_ball8_Smash.mp4,Smash,success,61.0,29.0,47.540983606557376,0.42668160894001367,0.20284863375836715,
23_set1_rally35_ball12_Clear.mp4,Clear,extraction_failed,,,,,,No poses detected in video
23_set1_rally37_ball3_Smash.mp4,Smash,extraction_failed,,,,,,No poses detected in video
23_set2_rally1_ball6_Smash.mp4,Smash,success,61.0,1.0,1.639344262295082,0.3953560437216903,0.006481246618388366,
23_set2_rally2_ball5_Clear.mp4,Clear,extraction_failed,,,,,,No poses detected in video
23_set2_rally2_ball16_Smash.mp4,Smash,extraction_failed,,,,,,No poses detected in video
23_set2_rally2_ball20_Clear.mp4,Clear,extraction_failed,,,,,,No poses detected in video
23_set2_rally2_ball21_Clear.mp4,Clear,extraction_failed,,,,,,No poses detected in video
23_set2_rally2_ball22_Clear.mp4,Clear,extraction_failed,,,,,,No poses detected in video
23_set2_rally2_ball25_Clear.mp4,Clear,extraction_failed,,,,,,No poses detected in video
23_set2_rally3_ball6_Smash.mp4,Smash,success,61.0,57.0,93.44262295081968,0.4104167360699539,0.3835041632129078,
23_set2_rally3_ball9_Clear.mp4,Clear,success,61.0,1.0,1.639344262295082,0.4367876499891281,0.007160453278510297,
23_set2_rally3_ball29_Clear.mp4,Clear,success,61.0,1.0,1.639344262295082,0.41832497038624505,0.00685778639977451,
23_set2_rally3_ball34_Smash.mp4,Smash,success,61.0,21.0,34.42622950819672,0.4423532484833039,0.15228554455982593,
23_set2_rally3_ball36_Smash.mp4,Smash,extraction_failed,,,,,,No poses detected in video
23_set2_rally3_ball39_Clear.mp4,Clear,success,61.0,1.0,1.639344262295082,0.4515534293922511,0.007402515235938543,
23_set2_rally3_ball43_Clear.mp4,Clear,extraction_failed,,,,,,No poses detected in video
23_set2_rally4_ball9_Smash.mp4,Smash,extraction_failed,,,,,,No poses detected in video
23_set2_rally5_ball8_Clear.mp4,Clear,extraction_failed,,,,,,No poses detected in video
23_set2_rally5_ball9_Smash.mp4,Smash,extraction_failed,,,,,,No poses detected in video
23_set2_rally7_ball3_Smash.mp4,Smash,extraction_failed,,,,,,No poses detected in video
23_set2_rally8_ball4_Smash.mp4,Smash,success,61.0,1.0,1.639344262295082,0.4475510750304569,0.007336902869351752,
23_set2_rally8_ball8_Clear.mp4,Clear,success,61.0,37.0,60.65573770491803,0.4508963765068487,0.2734945234549738,
23_set2_rally8_ball9_Smash.mp4,Smash,success,61.0,48.0,78.68852459016394,0.43007980907956755,0.3384234563249056,
23_set2_rally8_ball13_Clear.mp4,Clear,success,61.0,14.0,22.950819672131146,0.40545000677758997,0.09305409991616818,
23_set2_rally8_ball14_Smash.mp4,Smash,success,61.0,1.0,1.639344262295082,0.4202117416443247,0.00688871707613647,
23_set2_rally9_ball6_Smash.mp4,Smash,success,61.0,1.0,1.639344262295082,0.407679279645284,0.006683266879430886,
23_set2_rally9_ball13_Smash.mp4,Smash,success,61.0,1.0,1.639344262295082,0.4160501972743959,0.0068204950372851795,
23_set2_rally9_ball16_Clear.mp4,Clear,extraction_failed,,,,,,No poses detected in video
23_set2_rally9_ball17_Smash.mp4,Smash,extraction_failed,,,,,,No poses detected in video
23_set2_rally10_ball10_Clear.mp4,Clear,extraction_failed,,,,,,No poses detected in video
23_set2_rally10_ball11_Smash.mp4,Smash,success,61.0,36.0,59.01639344262295,0.42017079465317,0.24796964930351015,
23_set2_rally13_ball6_Clear.mp4,Clear,success,61.0,47.0,77.04918032786885,0.4115555802303733,0.31710020116110726,
23_set2_rally13_ball15_Clear.mp4,Clear,extraction_failed,,,,,,No poses detected in video
23_set2_rally13_ball16_Clear.mp4,Clear,success,61.0,1.0,1.639344262295082,0.39677798657706287,0.006504557157001031,
23_set2_rally13_ball17_Clear.mp4,Clear,extraction_failed,,,,,,No poses detected in video
23_set2_rally13_ball18_Clear.mp4,Clear,success,61.0,24.0,39.34426229508197,0.40920927262667456,0.1610003695580359,
23_set2_rally13_ball19_Smash.mp4,Smash,success,61.0,1.0,1.639344262295082,0.40496569646127295,0.006638781909201196,
23_set2_rally13_ball24_Smash.mp4,Smash,success,61.0,25.0,40.98360655737705,0.3869751587961659,0.1585963765558057,
23_set2_rally14_ball8_Smash.mp4,Smash,extraction_failed,,,,,,No poses detected in video
23_set2_rally15_ball4_Smash.mp4,Smash,success,61.0,27.0,44.26229508196721,0.3738406432623213,0.16547044865709304,
23_set2_rally15_ball8_Smash.mp4,Smash,success,61.0,33.0,54.09836065573771,0.3646063262766058,0.19724604536275395,
23_set2_rally15_ball12_Clear.mp4,Clear,success,61.0,45.0,73.77049180327869,0.3889115338749958,0.2869019512192592,
23_set2_rally15_ball13_Clear.mp4,Clear,success,61.0,29.0,47.540983606557376,0.4265188309881422,0.20277124751895284,
23_set2_rally15_ball14_Clear.mp4,Clear,success,61.0,1.0,1.639344262295082,0.43718909246451926,0.007167034302697038,
23_set2_rally15_ball15_Smash.mp4,Smash,success,61.0,60.0,98.36065573770492,0.4420117916482868,0.4347656967032329,
23_set2_rally15_ball19_Clear.mp4,Clear,success,61.0,23.0,37.704918032786885,0.4480329219138983,0.16893044596753543,
23_set2_rally17_ball10_Smash.mp4,Smash,extraction_failed,,,,,,No poses detected in video
23_set2_rally18_ball5_Clear.mp4,Clear,extraction_failed,,,,,,No poses detected in video
23_set2_rally19_ball12_Smash.mp4,Smash,extraction_failed,,,,,,No poses detected in video
23_set2_rally20_ball4_Smash.mp4,Smash,extraction_failed,,,,,,No poses detected in video
23_set2_rally21_ball8_Clear.mp4,Clear,success,61.0,9.0,14.754098360655737,0.4420515717656323,0.06522072370312608,
23_set2_rally21_ball9_Clear.mp4,Clear,extraction_failed,,,,,,No poses detected in video
23_set2_rally22_ball3_Smash.mp4,Smash,success,61.0,50.0,81.9672131147541,0.6067535301704298,0.49733895915609,
23_set2_rally22_ball6_Smash.mp4,Smash,success,61.0,22.0,36.0655737704918,0.5324688858042161,0.19203795881463534,
23_set2_rally23_ball7_Smash.mp4,Smash,success,61.0,13.0,21.311475409836063,0.4677328340370547,0.09968076790953624,
23_set2_rally23_ball15_Smash.mp4,Smash,success,61.0,21.0,34.42622950819672,0.43224925615570764,0.14880712097163706,
23_set2_rally25_ball4_Smash.mp4,Smash,success,61.0,1.0,1.639344262295082,0.42526773837479676,0.006971602268439291,
23_set2_rally25_ball7_Smash.mp4,Smash,success,61.0,1.0,1.639344262295082,0.42842191931876267,0.007023310152766601,
23_set2_rally27_ball3_Clear.mp4,Clear,success,61.0,3.0,4.918032786885246,0.42841934638492984,0.02106980392057032,
23_set2_rally27_ball6_Smash.mp4,Smash,extraction_failed,,,,,,No poses detected in video
23_set2_rally27_ball17_Smash.mp4,Smash,success,61.0,1.0,1.639344262295082,0.42607140360456525,0.006984777108271562,
23_set2_rally27_ball31_Smash.mp4,Smash,success,61.0,21.0,34.42622950819672,0.4349612010586442,0.14974074134805784,
23_set2_rally28_ball2_Clear.mp4,Clear,extraction_failed,,,,,,No poses detected in video
23_set2_rally29_ball3_Clear.mp4,Clear,extraction_failed,,,,,,No poses detected in video
23_set2_rally30_ball3_Clear.mp4,Clear,extraction_failed,,,,,,No poses detected in video
23_set2_rally30_ball4_Smash.mp4,Smash,extraction_failed,,,,,,No poses detected in video
23_set2_rally32_ball3_Smash.mp4,Smash,extraction_failed,,,,,,No poses detected in video
24_set1_rally3_ball10_Smash.mp4,Smash,extraction_failed,,,,,,No poses detected in video
24_set1_rally5_ball10_Smash.mp4,Smash,extraction_failed,,,,,,No poses detected in video
24_set1_rally6_ball11_Clear.mp4,Clear,success,61.0,4.0,6.557377049180328,0.4283960098118493,0.02809154162700651,
24_set1_rally6_ball17_Clear.mp4,Clear,extraction_failed,,,,,,No poses detected in video
24_set1_rally6_ball20_Clear.mp4,Clear,success,61.0,43.0,70.49180327868852,0.44169441253849956,0.3113583563795981,
24_set1_rally6_ball21_Clear.mp4,Clear,success,61.0,20.0,32.78688524590164,0.4186931942598988,0.13727645713439304,
24_set1_rally6_ball22_Clear.mp4,Clear,extraction_failed,,,,,,No poses detected in video
24_set1_rally6_ball35_Clear.mp4,Clear,extraction_failed,,,,,,No poses detected in video
24_set1_rally6_ball36_Clear.mp4,Clear,extraction_failed,,,,,,No poses detected in video
24_set1_rally7_ball6_Clear.mp4,Clear,extraction_failed,,,,,,No poses detected in video
24_set1_rally9_ball20_Clear.mp4,Clear,extraction_failed,,,,,,No poses detected in video
24_set1_rally10_ball6_Clear.mp4,Clear,extraction_failed,,,,,,No poses detected in video
24_set1_rally10_ball7_Clear.mp4,Clear,extraction_failed,,,,,,No poses detected in video
24_set1_rally11_ball5_Clear.mp4,Clear,success,61.0,22.0,36.0655737704918,0.4116459477203663,0.14846247294832882,
24_set1_rally12_ball10_Clear.mp4,Clear,success,61.0,4.0,6.557377049180328,0.39658562884186255,0.026005615006023775,
24_set1_rally12_ball11_Smash.mp4,Smash,extraction_failed,,,,,,No poses detected in video
24_set1_rally13_ball3_Clear.mp4,Clear,extraction_failed,,,,,,No poses detected in video
24_set1_rally16_ball6_Clear.mp4,Clear,extraction_failed,,,,,,No poses detected in video
24_set1_rally18_ball3_Clear.mp4,Clear,success,61.0,41.0,67.21311475409836,0.3920768025246533,0.26352703120509485,
24_set1_rally18_ball14_Clear.mp4,Clear,success,61.0,58.0,95.08196721311475,0.3463074240228033,0.3292759113659441,
24_set1_rally18_ball23_Clear.mp4,Clear,success,61.0,45.0,73.77049180327869,0.33281062676348666,0.24551603613699838,
24_set1_rally18_ball24_Smash.mp4,Smash,success,61.0,29.0,47.540983606557376,0.3378197906933951,0.1606028513132534,
24_set1_rally19_ball24_Clear.mp4,Clear,success,61.0,2.0,3.278688524590164,0.3614050100247065,0.011849344590973985,
24_set1_rally19_ball25_Clear.mp4,Clear,extraction_failed,,,,,,No poses detected in video
24_set1_rally19_ball30_Clear.mp4,Clear,extraction_failed,,,,,,No poses detected in video
24_set1_rally19_ball31_Smash.mp4,Smash,extraction_failed,,,,,,No poses detected in video
24_set1_rally19_ball35_Clear.mp4,Clear,success,61.0,36.0,59.01639344262295,0.3596139242187207,0.21223116839137612,
24_set1_rally19_ball40_Clear.mp4,Clear,extraction_failed,,,,,,No poses detected in video
24_set1_rally19_ball41_Clear.mp4,Clear,extraction_failed,,,,,,No poses detected in video
24_set1_rally22_ball5_Clear.mp4,Clear,extraction_failed,,,,,,No poses detected in video
24_set1_rally23_ball5_Smash.mp4,Smash,success,61.0,1.0,1.639344262295082,0.35969038714062085,0.005896563723616736,
24_set1_rally24_ball13_Smash.mp4,Smash,extraction_failed,,,,,,No poses detected in video
24_set1_rally26_ball4_Clear.mp4,Clear,success,61.0,25.0,40.98360655737705,0.35961337884267175,0.1473825323125704,
24_set1_rally27_ball8_Smash.mp4,Smash,success,61.0,9.0,14.754098360655737,0.3757323198246233,0.05543591603969852,
24_set1_rally28_ball2_Clear.mp4,Clear,extraction_failed,,,,,,No poses detected in video
24_set1_rally28_ball7_Smash.mp4,Smash,extraction_failed,,,,,,No poses detected in video
24_set1_rally28_ball10_Clear.mp4,Clear,extraction_failed,,,,,,No poses detected in video
24_set1_rally28_ball17_Smash.mp4,Smash,extraction_failed,,,,,,No poses detected in video
24_set1_rally28_ball20_Clear.mp4,Clear,success,61.0,8.0,13.114754098360656,0.38169902258298616,0.05005888820760474,
24_set1_rally28_ball21_Clear.mp4,Clear,success,61.0,16.0,26.229508196721312,0.4065631464913939,0.10663951383380825,
24_set1_rally28_ball22_Clear.mp4,Clear,success,61.0,1.0,1.639344262295082,0.41198313597476843,0.006753821901225712,
24_set1_rally30_ball7_Clear.mp4,Clear,success,61.0,1.0,1.639344262295082,0.3989428920727788,0.006540047411029161,
24_set1_rally30_ball11_Smash.mp4,Smash,success,61.0,50.0,81.9672131147541,0.416152931411158,0.34110896017308034,
24_set1_rally30_ball15_Clear.mp4,Clear,success,61.0,45.0,73.77049180327869,0.4116468155409866,0.3036738803171213,
24_set1_rally31_ball10_Clear.mp4,Clear,success,61.0,34.0,55.73770491803278,0.41079380513742714,0.22896703892905773,
24_set1_rally32_ball3_Clear.mp4,Clear,success,61.0,50.0,81.9672131147541,0.41882607453700266,0.34330006109590383,
24_set1_rally32_ball7_Clear.mp4,Clear,extraction_failed,,,,,,No poses detected in video
24_set1_rally32_ball8_Clear.mp4,Clear,extraction_failed,,,,,,No poses detected in video
24_set1_rally32_ball9_Smash.mp4,Smash,success,61.0,4.0,6.557377049180328,0.4205739706980459,0.027578621029380062,
24_set2_rally1_ball8_Smash.mp4,Smash,extraction_failed,,,,,,No poses detected in video
24_set2_rally3_ball4_Clear.mp4,Clear,extraction_failed,,,,,,No poses detected in video
24_set2_rally3_ball17_Clear.mp4,Clear,extraction_failed,,,,,,No poses detected in video
24_set2_rally3_ball18_Clear.mp4,Clear,extraction_failed,,,,,,No poses detected in video
24_set2_rally4_ball10_Smash.mp4,Smash,extraction_failed,,,,,,No poses detected in video
24_set2_rally4_ball13_Smash.mp4,Smash,extraction_failed,,,,,,No poses detected in video
24_set2_rally4_ball16_Clear.mp4,Clear,success,61.0,11.0,18.0327868852459,0.4233922663737427,0.07634942508378967,
24_set2_rally4_ball17_Clear.mp4,Clear,success,61.0,1.0,1.639344262295082,0.4234447081883748,0.006941716527678276,
24_set2_rally4_ball18_Clear.mp4,Clear,extraction_failed,,,,,,No poses detected in video
24_set2_rally4_ball19_Clear.mp4,Clear,extraction_failed,,,,,,No poses detected in video
24_set2_rally4_ball20_Clear.mp4,Clear,extraction_failed,,,,,,No poses detected in video
24_set2_rally5_ball7_Smash.mp4,Smash,extraction_failed,,,,,,No poses detected in video
24_set2_rally5_ball25_Clear.mp4,Clear,extraction_failed,,,,,,No poses detected in video
24_set2_rally5_ball26_Clear.mp4,Clear,success,61.0,1.0,1.639344262295082,0.40937965814814425,0.006711141936854824,
24_set2_rally5_ball27_Smash.mp4,Smash,extraction_failed,,,,,,No poses detected in video
24_set2_rally7_ball21_Clear.mp4,Clear,success,61.0,9.0,14.754098360655737,0.38905301012776117,0.05740126378934181,
24_set2_rally10_ball4_Smash.mp4,Smash,extraction_failed,,,,,,No poses detected in video
24_set2_rally11_ball4_Smash.mp4,Smash,extraction_failed,,,,,,No poses detected in video
24_set2_rally12_ball8_Smash.mp4,Smash,success,61.0,5.0,8.19672131147541,0.3862394154297583,0.03165896847784904,
24_set2_rally13_ball3_Clear.mp4,Clear,success,61.0,34.0,55.73770491803278,0.3891764198890841,0.21691800452834192,
24_set2_rally13_ball4_Smash.mp4,Smash,success,61.0,1.0,1.639344262295082,0.3744047927585515,0.006137783487845106,
24_set2_rally14_ball4_Smash.mp4,Smash,success,61.0,2.0,3.278688524590164,0.3720026343609347,0.012196807683965074,
24_set2_rally15_ball2_Clear.mp4,Clear,extraction_failed,,,,,,No poses detected in video
24_set2_rally16_ball3_Smash.mp4,Smash,extraction_failed,,,,,,No poses detected in video
24_set2_rally16_ball12_Clear.mp4,Clear,extraction_failed,,,,,,No poses detected in video
24_set2_rally17_ball4_Clear.mp4,Clear,extraction_failed,,,,,,No poses detected in video
24_set2_rally17_ball7_Clear.mp4,Clear,extraction_failed,,,,,,No poses detected in video
24_set2_rally17_ball24_Clear.mp4,Clear,extraction_failed,,,,,,No poses detected in video
24_set2_rally17_ball25_Smash.mp4,Smash,success,61.0,1.0,1.639344262295082,0.39336767250841315,0.00644865036899038,
24_set2_rally19_ball3_Clear.mp4,Clear,extraction_failed,,,,,,No poses detected in video
24_set2_rally19_ball20_Clear.mp4,Clear,extraction_failed,,,,,,No poses detected in video
24_set2_rally19_ball30_Clear.mp4,Clear,extraction_failed,,,,,,No poses detected in video
24_set2_rally24_ball10_Smash.mp4,Smash,extraction_failed,,,,,,No poses detected in video
24_set2_rally25_ball2_Smash.mp4,Smash,success,61.0,1.0,1.639344262295082,0.4009514742276885,0.006572974987339156,
24_set2_rally27_ball4_Clear.mp4,Clear,success,61.0,29.0,47.540983606557376,0.3793373375679508,0.1803407014667307,
24_set2_rally29_ball5_Smash.mp4,Smash,extraction_failed,,,,,,No poses detected in video
24_set2_rally30_ball14_Smash.mp4,Smash,success,61.0,1.0,1.639344262295082,0.3447164628993381,0.005651089555726854,
24_set2_rally30_ball25_Smash.mp4,Smash,extraction_failed,,,,,,No poses detected in video
24_set2_rally31_ball2_Smash.mp4,Smash,success,61.0,56.0,91.80327868852459,0.45398896790686105,0.41677675742269205,
24_set2_rally32_ball9_Smash.mp4,Smash,extraction_failed,,,,,,No poses detected in video
24_set2_rally33_ball3_Smash.mp4,Smash,extraction_failed,,,,,,No poses detected in video
24_set2_rally33_ball7_Smash.mp4,Smash,extraction_failed,,,,,,No poses detected in video
24_set2_rally33_ball10_Clear.mp4,Clear,extraction_failed,,,,,,No poses detected in video
24_set2_rally33_ball11_Smash.mp4,Smash,extraction_failed,,,,,,No poses detected in video
24_set2_rally35_ball6_Clear.mp4,Clear,extraction_failed,,,,,,No poses detected in video
24_set2_rally35_ball7_Smash.mp4,Smash,extraction_failed,,,,,,No poses detected in video
24_set2_rally36_ball7_Clear.mp4,Clear,extraction_failed,,,,,,No poses detected in video
24_set2_rally36_ball13_Smash.mp4,Smash,extraction_failed,,,,,,No poses detected in video
24_set2_rally36_ball19_Clear.mp4,Clear,extraction_failed,,,,,,No poses detected in video
24_set2_rally36_ball22_Smash.mp4,Smash,extraction_failed,,,,,,No poses detected in video
24_set2_rally36_ball25_Clear.mp4,Clear,extraction_failed,,,,,,No poses detected in video
24_set2_rally36_ball26_Smash.mp4,Smash,extraction_failed,,,,,,No poses detected in video
24_set2_rally36_ball29_Smash.mp4,Smash,extraction_failed,,,,,,No poses detected in video
24_set2_rally38_ball3_Smash.mp4,Smash,extraction_failed,,,,,,No poses detected in video
24_set2_rally38_ball6_Smash.mp4,Smash,extraction_failed,,,,,,No poses detected in video
24_set2_rally40_ball8_Clear.mp4,Clear,extraction_failed,,,,,,No poses detected in video
24_set2_rally40_ball9_Clear.mp4,Clear,extraction_failed,,,,,,No poses detected in video
24_set2_rally40_ball14_Clear.mp4,Clear,extraction_failed,,,,,,No poses detected in video
24_set2_rally40_ball20_Smash.mp4,Smash,extraction_failed,,,,,,No poses detected in video
24_set3_rally1_ball6_Smash.mp4,Smash,success,61.0,25.0,40.98360655737705,0.323078963058916,0.13240941108971968,
24_set3_rally5_ball11_Smash.mp4,Smash,extraction_failed,,,,,,No poses detected in video
24_set3_rally7_ball2_Smash.mp4,Smash,success,61.0,1.0,1.639344262295082,0.3229172902576851,0.005293726069798117,
24_set3_rally8_ball2_Clear.mp4,Clear,extraction_failed,,,,,,No poses detected in video
24_set3_rally10_ball5_Smash.mp4,Smash,extraction_failed,,,,,,No poses detected in video
24_set3_rally12_ball8_Smash.mp4,Smash,extraction_failed,,,,,,No poses detected in video
24_set3_rally12_ball12_Clear.mp4,Clear,extraction_failed,,,,,,No poses detected in video
24_set3_rally12_ball20_Smash.mp4,Smash,extraction_failed,,,,,,No poses detected in video
24_set3_rally13_ball3_Clear.mp4,Clear,extraction_failed,,,,,,No poses detected in video
24_set3_rally16_ball8_Clear.mp4,Clear,extraction_failed,,,,,,No poses detected in video
24_set3_rally16_ball9_Clear.mp4,Clear,extraction_failed,,,,,,No poses detected in video
24_set3_rally17_ball25_Smash.mp4,Smash,extraction_failed,,,,,,No poses detected in video
24_set3_rally17_ball37_Clear.mp4,Clear,extraction_failed,,,,,,No poses detected in video
24_set3_rally17_ball41_Clear.mp4,Clear,extraction_failed,,,,,,No poses detected in video
24_set3_rally18_ball3_Clear.mp4,Clear,extraction_failed,,,,,,No poses detected in video
24_set3_rally18_ball4_Clear.mp4,Clear,extraction_failed,,,,,,No poses detected in video
24_set3_rally19_ball2_Clear.mp4,Clear,extraction_failed,,,,,,No poses detected in video
24_set3_rally19_ball3_Clear.mp4,Clear,extraction_failed,,,,,,No poses detected in video
24_set3_rally19_ball4_Smash.mp4,Smash,extraction_failed,,,,,,No poses detected in video
24_set3_rally20_ball2_Clear.mp4,Clear,success,61.0,8.0,13.114754098360656,0.4612481424189878,0.0604915596615066,
24_set3_rally21_ball4_Smash.mp4,Smash,extraction_failed,,,,,,No poses detected in video
24_set3_rally21_ball7_Clear.mp4,Clear,extraction_failed,,,,,,No poses detected in video
24_set3_rally23_ball2_Clear.mp4,Clear,success,61.0,61.0,100.0,0.45118843467250996,0.45118843467250996,
24_set3_rally24_ball2_Smash.mp4,Smash,success,61.0,44.0,72.1311475409836,0.39684749129349367,0.286250649457602,
24_set3_rally25_ball2_Clear.mp4,Clear,success,61.0,11.0,18.0327868852459,0.5392638140862498,0.09724429434342209,
24_set3_rally25_ball3_Clear.mp4,Clear,extraction_failed,,,,,,No poses detected in video
24_set3_rally25_ball11_Clear.mp4,Clear,extraction_failed,,,,,,No poses detected in video
24_set3_rally25_ball12_Clear.mp4,Clear,extraction_failed,,,,,,No poses detected in video
24_set3_rally25_ball13_Clear.mp4,Clear,extraction_failed,,,,,,No poses detected in video
24_set3_rally25_ball14_Smash.mp4,Smash,extraction_failed,,,,,,No poses detected in video
25_set1_rally1_ball3_Clear.mp4,Clear,extraction_failed,,,,,,No poses detected in video
25_set1_rally1_ball4_Clear.mp4,Clear,extraction_failed,,,,,,No poses detected in video
25_set1_rally2_ball2_Clear.mp4,Clear,extraction_failed,,,,,,No poses detected in video
25_set1_rally3_ball3_Clear.mp4,Clear,extraction_failed,,,,,,No poses detected in video
25_set1_rally3_ball4_Smash.mp4,Smash,extraction_failed,,,,,,No poses detected in video
25_set1_rally3_ball7_Clear.mp4,Clear,extraction_failed,,,,,,No poses detected in video
25_set1_rally3_ball11_Clear.mp4,Clear,extraction_failed,,,,,,No poses detected in video
25_set1_rally3_ball12_Clear.mp4,Clear,extraction_failed,,,,,,No poses detected in video
25_set1_rally5_ball6_Clear.mp4,Clear,extraction_failed,,,,,,No poses detected in video
25_set1_rally8_ball3_Clear.mp4,Clear,extraction_failed,,,,,,No poses detected in video
25_set1_rally10_ball5_Clear.mp4,Clear,success,61.0,1.0,1.639344262295082,0.5665317622267387,0.009287405938143258,
25_set1_rally10_ball6_Clear.mp4,Clear,success,61.0,2.0,3.278688524590164,0.5356743302280931,0.01756309279436371,
25_set1_rally10_ball7_Clear.mp4,Clear,extraction_failed,,,,,,No poses detected in video
25_set1_rally10_ball8_Clear.mp4,Clear,extraction_failed,,,,,,No poses detected in video
25_set1_rally12_ball12_Smash.mp4,Smash,extraction_failed,,,,,,No poses detected in video
25_set1_rally13_ball6_Smash.mp4,Smash,extraction_failed,,,,,,No poses detected in video
25_set1_rally14_ball3_Clear.mp4,Clear,success,61.0,17.0,27.86885245901639,0.516086942646088,0.14382750860628682,
25_set1_rally14_ball4_Clear.mp4,Clear,success,61.0,7.0,11.475409836065573,0.49505851884381946,0.056809993965684195,
25_set1_rally14_ball9_Clear.mp4,Clear,success,61.0,44.0,72.1311475409836,0.470941745134753,0.3396956850152317,
25_set1_rally14_ball13_Smash.mp4,Smash,success,61.0,12.0,19.672131147540984,0.47673259133642376,0.09378346059077189,
25_set1_rally16_ball5_Clear.mp4,Clear,extraction_failed,,,,,,No poses detected in video
25_set1_rally17_ball2_Clear.mp4,Clear,extraction_failed,,,,,,No poses detected in video
25_set1_rally17_ball3_Clear.mp4,Clear,extraction_failed,,,,,,No poses detected in video
25_set1_rally17_ball7_Clear.mp4,Clear,success,61.0,1.0,1.639344262295082,0.48248084860317636,0.007909522108248794,
25_set1_rally19_ball15_Clear.mp4,Clear,extraction_failed,,,,,,No poses detected in video
25_set1_rally19_ball16_Smash.mp4,Smash,extraction_failed,,,,,,No poses detected in video
25_set1_rally20_ball3_Clear.mp4,Clear,extraction_failed,,,,,,No poses detected in video
25_set1_rally20_ball4_Clear.mp4,Clear,extraction_failed,,,,,,No poses detected in video
25_set1_rally20_ball13_Clear.mp4,Clear,success,61.0,33.0,54.09836065573771,0.45945267921144317,0.24855636744225618,
25_set1_rally21_ball3_Clear.mp4,Clear,success,61.0,10.0,16.39344262295082,0.48386734819999244,0.07932251609835941,
25_set1_rally21_ball12_Clear.mp4,Clear,extraction_failed,,,,,,No poses detected in video
25_set1_rally21_ball13_Clear.mp4,Clear,extraction_failed,,,,,,No poses detected in video
25_set1_rally23_ball16_Clear.mp4,Clear,extraction_failed,,,,,,No poses detected in video
25_set1_rally23_ball20_Clear.mp4,Clear,extraction_failed,,,,,,No poses detected in video
25_set1_rally23_ball25_Clear.mp4,Clear,extraction_failed,,,,,,No poses detected in video
25_set1_rally24_ball3_Clear.mp4,Clear,extraction_failed,,,,,,No poses detected in video
25_set1_rally25_ball6_Smash.mp4,Smash,extraction_failed,,,,,,No poses detected in video
25_set1_rally31_ball3_Clear.mp4,Clear,extraction_failed,,,,,,No poses detected in video
25_set1_rally31_ball4_Clear.mp4,Clear,success,61.0,1.0,1.639344262295082,0.505570808594877,0.008288046042538967,
25_set1_rally31_ball5_Clear.mp4,Clear,success,61.0,28.0,45.90163934426229,0.5298484505502263,0.24320912484272683,
25_set1_rally33_ball3_Clear.mp4,Clear,success,61.0,7.0,11.475409836065573,0.558293623454643,0.064066481380041,
25_set1_rally34_ball5_Clear.mp4,Clear,success,61.0,8.0,13.114754098360656,0.5660153835108785,0.07423152570634473,
25_set1_rally35_ball5_Clear.mp4,Clear,extraction_failed,,,,,,No poses detected in video
25_set1_rally37_ball6_Clear.mp4,Clear,extraction_failed,,,,,,No poses detected in video
25_set2_rally3_ball2_Smash.mp4,Smash,extraction_failed,,,,,,No poses detected in video
25_set2_rally5_ball14_Clear.mp4,Clear,extraction_failed,,,,,,No poses detected in video
25_set2_rally7_ball2_Clear.mp4,Clear,extraction_failed,,,,,,No poses detected in video
25_set2_rally8_ball2_Smash.mp4,Smash,success,61.0,8.0,13.114754098360656,0.5414139735277254,0.07100511128232465,
25_set2_rally12_ball3_Clear.mp4,Clear,success,61.0,13.0,21.311475409836063,0.5485016428941474,0.11689379274793305,
25_set2_rally18_ball9_Smash.mp4,Smash,extraction_failed,,,,,,No poses detected in video
25_set2_rally21_ball18_Clear.mp4,Clear,extraction_failed,,,,,,No poses detected in video
25_set2_rally27_ball3_Clear.mp4,Clear,extraction_failed,,,,,,No poses detected in video
25_set2_rally28_ball4_Clear.mp4,Clear,extraction_failed,,,,,,No poses detected in video
25_set2_rally29_ball13_Smash.mp4,Smash,extraction_failed,,,,,,No poses detected in video
25_set2_rally30_ball8_Clear.mp4,Clear,extraction_failed,,,,,,No poses detected in video
25_set2_rally32_ball5_Clear.mp4,Clear,extraction_failed,,,,,,No poses detected in video
25_set2_rally34_ball13_Clear.mp4,Clear,extraction_failed,,,,,,No poses detected in video
25_set2_rally35_ball3_Clear.mp4,Clear,extraction_failed,,,,,,No poses detected in video
25_set2_rally35_ball4_Smash.mp4,Smash,extraction_failed,,,,,,No poses detected in video
25_set2_rally36_ball10_Clear.mp4,Clear,extraction_failed,,,,,,No poses detected in video
26_set1_rally1_ball11_Clear.mp4,Clear,extraction_failed,,,,,,No poses detected in video
26_set1_rally8_ball6_Clear.mp4,Clear,extraction_failed,,,,,,No poses detected in video
26_set1_rally8_ball10_Clear.mp4,Clear,extraction_failed,,,,,,No poses detected in video
26_set1_rally8_ball11_Smash.mp4,Smash,extraction_failed,,,,,,No poses detected in video
26_set1_rally10_ball28_Clear.mp4,Clear,extraction_failed,,,,,,No poses detected in video
26_set1_rally10_ball33_Smash.mp4,Smash,extraction_failed,,,,,,No poses detected in video
26_set1_rally10_ball36_Clear.mp4,Clear,extraction_failed,,,,,,No poses detected in video
26_set1_rally12_ball3_Clear.mp4,Clear,extraction_failed,,,,,,No poses detected in video
26_set1_rally12_ball11_Clear.mp4,Clear,extraction_failed,,,,,,No poses detected in video
26_set1_rally12_ball15_Clear.mp4,Clear,extraction_failed,,,,,,No poses detected in video
26_set1_rally12_ball16_Clear.mp4,Clear,extraction_failed,,,,,,No poses detected in video
26_set1_rally12_ball17_Clear.mp4,Clear,extraction_failed,,,,,,No poses detected in video
26_set1_rally13_ball15_Clear.mp4,Clear,extraction_failed,,,,,,No poses detected in video
26_set1_rally13_ball16_Smash.mp4,Smash,extraction_failed,,,,,,No poses detected in video
26_set1_rally13_ball30_Clear.mp4,Clear,extraction_failed,,,,,,No poses detected in video
26_set1_rally13_ball31_Smash.mp4,Smash,extraction_failed,,,,,,No poses detected in video
26_set1_rally16_ball8_Smash.mp4,Smash,extraction_failed,,,,,,No poses detected in video
26_set1_rally17_ball10_Clear.mp4,Clear,extraction_failed,,,,,,No poses detected in video
26_set1_rally17_ball11_Clear.mp4,Clear,extraction_failed,,,,,,No poses detected in video
26_set1_rally18_ball14_Clear.mp4,Clear,extraction_failed,,,,,,No poses detected in video
26_set1_rally20_ball10_Clear.mp4,Clear,extraction_failed,,,,,,No poses detected in video
26_set1_rally20_ball14_Clear.mp4,Clear,success,61.0,26.0,42.62295081967213,0.5973906542602189,0.2546255247666506,
26_set1_rally21_ball8_Smash.mp4,Smash,success,61.0,61.0,100.0,0.6300860619539338,0.6300860619539338,
26_set1_rally22_ball5_Clear.mp4,Clear,success,61.0,15.0,24.59016393442623,0.5248960849838424,0.12907280778291208,
26_set1_rally22_ball10_Clear.mp4,Clear,success,61.0,44.0,72.1311475409836,0.46926801137158874,0.33848840164508043,
26_set1_rally22_ball14_Clear.mp4,Clear,extraction_failed,,,,,,No poses detected in video
26_set1_rally22_ball15_Smash.mp4,Smash,extraction_failed,,,,,,No poses detected in video
26_set1_rally23_ball2_Clear.mp4,Clear,success,61.0,5.0,8.19672131147541,0.47174895685730556,0.0386679472833857,
26_set1_rally25_ball5_Clear.mp4,Clear,extraction_failed,,,,,,No poses detected in video
26_set1_rally25_ball8_Clear.mp4,Clear,extraction_failed,,,,,,No poses detected in video
26_set1_rally27_ball8_Clear.mp4,Clear,extraction_failed,,,,,,No poses detected in video
26_set1_rally27_ball9_Smash.mp4,Smash,extraction_failed,,,,,,No poses detected in video
26_set1_rally29_ball3_Clear.mp4,Clear,extraction_failed,,,,,,No poses detected in video
26_set1_rally33_ball3_Clear.mp4,Clear,extraction_failed,,,,,,No poses detected in video
26_set2_rally5_ball10_Clear.mp4,Clear,success,61.0,61.0,100.0,0.44553126062208653,0.44553126062208653,
26_set2_rally5_ball11_Clear.mp4,Clear,success,61.0,61.0,100.0,0.46655508907108045,0.46655508907108045,
26_set2_rally5_ball12_Clear.mp4,Clear,success,61.0,59.0,96.72131147540983,0.46228207349935657,0.4471252842042957,
26_set2_rally6_ball12_Clear.mp4,Clear,success,61.0,60.0,98.36065573770492,0.4788423918231189,0.47099251654733004,
26_set2_rally6_ball18_Clear.mp4,Clear,success,61.0,61.0,100.0,0.47432002963137687,0.47432002963137687,
26_set2_rally6_ball19_Smash.mp4,Smash,success,61.0,61.0,100.0,0.5044140994137564,0.5044140994137564,
26_set2_rally8_ball4_Smash.mp4,Smash,success,61.0,61.0,100.0,0.49176642598656867,0.49176642598656867,
26_set2_rally9_ball8_Smash.mp4,Smash,success,61.0,61.0,100.0,0.496398803265295,0.496398803265295,
26_set2_rally12_ball26_Clear.mp4,Clear,success,61.0,61.0,100.0,0.5384774765773127,0.5384774765773127,
26_set2_rally12_ball30_Clear.mp4,Clear,success,61.0,61.0,100.0,0.45434059110748304,0.45434059110748304,
26_set2_rally12_ball34_Clear.mp4,Clear,success,61.0,60.0,98.36065573770492,0.5138348850501142,0.5054113623443747,
26_set2_rally12_ball39_Clear.mp4,Clear,success,61.0,61.0,100.0,0.5215348459646423,0.5215348459646423,
26_set2_rally12_ball46_Clear.mp4,Clear,success,61.0,61.0,100.0,0.4793324399802644,0.4793324399802644,
26_set2_rally18_ball5_Smash.mp4,Smash,success,61.0,44.0,72.1311475409836,0.4482135845969121,0.32330160200433006,
26_set2_rally18_ball8_Smash.mp4,Smash,success,61.0,28.0,45.90163934426229,0.7131085118028897,0.3273284972209985,
26_set2_rally20_ball14_Clear.mp4,Clear,success,61.0,60.0,98.36065573770492,0.5131417891631525,0.504729628685068,
26_set2_rally21_ball5_Clear.mp4,Clear,success,61.0,27.0,44.26229508196721,0.5180220586717061,0.2292884521989519,
26_set2_rally21_ball10_Clear.mp4,Clear,success,61.0,4.0,6.557377049180328,0.5023418594941949,0.03294044980289802,
26_set2_rally21_ball17_Clear.mp4,Clear,success,61.0,61.0,100.0,0.4532463112563798,0.4532463112563798,
26_set2_rally25_ball4_Clear.mp4,Clear,success,61.0,50.0,81.9672131147541,0.4367293085623681,0.35797484308390826,
26_set2_rally25_ball9_Clear.mp4,Clear,success,61.0,56.0,91.80327868852459,0.48008816184578956,0.4407366731699051,
26_set2_rally26_ball3_Clear.mp4,Clear,success,61.0,9.0,14.754098360655737,0.47284465566628714,0.06976396559010793,
26_set2_rally26_ball4_Smash.mp4,Smash,success,61.0,31.0,50.81967213114754,0.5097091297017281,0.2590325085369438,
28_set1_rally1_ball15_Smash.mp4,Smash,success,61.0,5.0,8.19672131147541,0.4719806934396426,0.03868694208521661,
28_set1_rally2_ball7_Clear.mp4,Clear,extraction_failed,,,,,,No poses detected in video
28_set1_rally2_ball8_Smash.mp4,Smash,extraction_failed,,,,,,No poses detected in video
28_set1_rally3_ball6_Smash.mp4,Smash,success,61.0,7.0,11.475409836065573,0.47669380569096764,0.05470256786617661,
28_set1_rally3_ball10_Smash.mp4,Smash,extraction_failed,,,,,,No poses detected in video
28_set1_rally3_ball22_Clear.mp4,Clear,extraction_failed,,,,,,No poses detected in video
28_set1_rally4_ball4_Smash.mp4,Smash,extraction_failed,,,,,,No poses detected in video
28_set1_rally4_ball7_Smash.mp4,Smash,extraction_failed,,,,,,No poses detected in video
28_set1_rally7_ball4_Smash.mp4,Smash,extraction_failed,,,,,,No poses detected in video
28_set1_rally7_ball7_Smash.mp4,Smash,extraction_failed,,,,,,No poses detected in video
28_set1_rally7_ball11_Smash.mp4,Smash,extraction_failed,,,,,,No poses detected in video
28_set1_rally7_ball14_Clear.mp4,Clear,extraction_failed,,,,,,No poses detected in video
28_set1_rally8_ball4_Smash.mp4,Smash,success,61.0,1.0,1.639344262295082,0.4857621477408843,0.007963313897391546,
28_set1_rally10_ball11_Smash.mp4,Smash,success,61.0,4.0,6.557377049180328,0.48563533648848534,0.0318449400976056,
28_set1_rally11_ball3_Smash.mp4,Smash,success,61.0,61.0,100.0,0.5828419446628736,0.5828419446628736,
28_set1_rally11_ball9_Smash.mp4,Smash,success,61.0,61.0,100.0,0.5375536521816086,0.5375536521816086,
28_set1_rally14_ball6_Smash.mp4,Smash,extraction_failed,,,,,,No poses detected in video
28_set1_rally14_ball17_Smash.mp4,Smash,success,61.0,61.0,100.0,0.572231969587464,0.572231969587464,
28_set1_rally17_ball10_Smash.mp4,Smash,success,61.0,61.0,100.0,0.5731615398589928,0.5731615398589928,
28_set1_rally18_ball7_Clear.mp4,Clear,success,61.0,61.0,100.0,0.687569348384907,0.687569348384907,
28_set1_rally18_ball8_Smash.mp4,Smash,success,61.0,61.0,100.0,0.7414443129132294,0.7414443129132294,
28_set1_rally18_ball16_Smash.mp4,Smash,success,61.0,61.0,100.0,0.7427802257502606,0.7427802257502606,
28_set1_rally19_ball4_Smash.mp4,Smash,success,61.0,61.0,100.0,0.7499880098098852,0.7499880098098852,
28_set1_rally20_ball3_Smash.mp4,Smash,success,61.0,61.0,100.0,0.7870884659726468,0.7870884659726468,
28_set1_rally20_ball7_Smash.mp4,Smash,success,61.0,61.0,100.0,0.7396726763857666,0.7396726763857666,
28_set1_rally21_ball3_Smash.mp4,Smash,success,61.0,61.0,100.0,0.7657812198858118,0.7657812198858118,
28_set1_rally21_ball14_Smash.mp4,Smash,success,61.0,61.0,100.0,0.7406684069644884,0.7406684069644884,
28_set1_rally21_ball22_Clear.mp4,Clear,success,61.0,61.0,100.0,0.7865614309496121,0.7865614309496121,
28_set1_rally21_ball29_Clear.mp4,Clear,success,61.0,61.0,100.0,0.7207055432408292,0.7207055432408292,
28_set1_rally25_ball4_Smash.mp4,Smash,success,61.0,61.0,100.0,0.7216652258675428,0.7216652258675428,
28_set1_rally25_ball8_Smash.mp4,Smash,success,61.0,61.0,100.0,0.7199136649850171,0.7199136649850171,
28_set1_rally26_ball5_Smash.mp4,Smash,success,61.0,61.0,100.0,0.7361683195454087,0.7361683195454087,
28_set1_rally27_ball5_Smash.mp4,Smash,success,61.0,61.0,100.0,0.6849864617349107,0.6849864617349107,
28_set1_rally28_ball7_Smash.mp4,Smash,success,61.0,61.0,100.0,0.7194862397294168,0.7194862397294168,
28_set1_rally30_ball3_Clear.mp4,Clear,success,61.0,61.0,100.0,0.7059313481774457,0.7059313481774457,
28_set1_rally30_ball4_Smash.mp4,Smash,success,61.0,61.0,100.0,0.712164661383013,0.712164661383013,
28_set1_rally32_ball3_Smash.mp4,Smash,success,61.0,61.0,100.0,0.6630923591953898,0.6630923591953898,
28_set1_rally32_ball10_Smash.mp4,Smash,success,61.0,61.0,100.0,0.6846205904576474,0.6846205904576474,
28_set1_rally32_ball22_Smash.mp4,Smash,success,61.0,61.0,100.0,0.6895138046806479,0.6895138046806479,
28_set1_rally33_ball4_Smash.mp4,Smash,success,61.0,61.0,100.0,0.7272677211487879,0.7272677211487879,
28_set1_rally33_ball9_Clear.mp4,Clear,success,61.0,61.0,100.0,0.7264619178781301,0.7264619178781301,
28_set1_rally33_ball10_Clear.mp4,Clear,success,61.0,61.0,100.0,0.7011263814587768,0.7011263814587768,
28_set1_rally33_ball11_Smash.mp4,Smash,success,61.0,61.0,100.0,0.6887877383896268,0.6887877383896268,
28_set1_rally33_ball14_Clear.mp4,Clear,success,61.0,61.0,100.0,0.7007795135239375,0.7007795135239375,
28_set1_rally33_ball15_Smash.mp4,Smash,success,61.0,61.0,100.0,0.7345067110121752,0.7345067110121752,
28_set1_rally33_ball33_Clear.mp4,Clear,success,61.0,61.0,100.0,0.733073857945556,0.733073857945556,
28_set1_rally33_ball34_Smash.mp4,Smash,success,61.0,61.0,100.0,0.6936421575218114,0.6936421575218114,
28_set1_rally34_ball5_Smash.mp4,Smash,success,61.0,61.0,100.0,0.6563985821561055,0.6563985821561055,
28_set1_rally35_ball6_Smash.mp4,Smash,success,61.0,61.0,100.0,0.7002736055363902,0.7002736055363902,
28_set1_rally35_ball9_Smash.mp4,Smash,success,61.0,61.0,100.0,0.6882752596377083,0.6882752596377083,
28_set2_rally1_ball4_Smash.mp4,Smash,success,61.0,61.0,100.0,0.7020717594593067,0.7020717594593067,
28_set2_rally1_ball8_Smash.mp4,Smash,success,61.0,61.0,100.0,0.7079704551593439,0.7079704551593439,
28_set2_rally2_ball5_Smash.mp4,Smash,success,61.0,61.0,100.0,0.7443008700888133,0.7443008700888133,
28_set2_rally2_ball8_Clear.mp4,Clear,success,61.0,61.0,100.0,0.7485328681000831,0.7485328681000831,
28_set2_rally2_ball9_Smash.mp4,Smash,success,61.0,61.0,100.0,0.6976004959955271,0.6976004959955271,
28_set2_rally5_ball4_Smash.mp4,Smash,success,61.0,61.0,100.0,0.6716280420136375,0.6716280420136375,
28_set2_rally5_ball12_Smash.mp4,Smash,success,61.0,61.0,100.0,0.6616697490670552,0.6616697490670552,
28_set2_rally6_ball4_Clear.mp4,Clear,success,61.0,61.0,100.0,0.6590635120809464,0.6590635120809464,
28_set2_rally6_ball5_Smash.mp4,Smash,success,61.0,61.0,100.0,0.6583244933229045,0.6583244933229045,
28_set2_rally8_ball2_Smash.mp4,Smash,success,61.0,15.0,24.59016393442623,0.6214526771059767,0.15281623207524017,
28_set2_rally8_ball5_Smash.mp4,Smash,extraction_failed,,,,,,No poses detected in video
28_set2_rally8_ball8_Smash.mp4,Smash,extraction_failed,,,,,,No poses detected in video
28_set2_rally8_ball12_Smash.mp4,Smash,extraction_failed,,,,,,No poses detected in video
28_set2_rally9_ball6_Smash.mp4,Smash,success,61.0,8.0,13.114754098360656,0.6071539970509934,0.0796267537116057,
28_set2_rally9_ball11_Smash.mp4,Smash,success,61.0,5.0,8.19672131147541,0.575827676735141,0.04719898989632303,
28_set2_rally9_ball13_Clear.mp4,Clear,success,61.0,36.0,59.01639344262295,0.5449846088284194,0.32163026094791963,
28_set2_rally11_ball8_Smash.mp4,Smash,success,61.0,60.0,98.36065573770492,0.559789214048769,0.5506123416873138,
28_set2_rally13_ball3_Smash.mp4,Smash,extraction_failed,,,,,,No poses detected in video
28_set2_rally13_ball7_Smash.mp4,Smash,extraction_failed,,,,,,No poses detected in video
28_set2_rally13_ball10_Clear.mp4,Clear,extraction_failed,,,,,,No poses detected in video
28_set2_rally13_ball11_Smash.mp4,Smash,extraction_failed,,,,,,No poses detected in video
28_set2_rally13_ball28_Smash.mp4,Smash,success,61.0,1.0,1.639344262295082,0.5564937329653538,0.009122848081399243,
28_set2_rally15_ball3_Smash.mp4,Smash,extraction_failed,,,,,,No poses detected in video
28_set2_rally16_ball5_Smash.mp4,Smash,extraction_failed,,,,,,No poses detected in video
28_set2_rally17_ball23_Smash.mp4,Smash,extraction_failed,,,,,,No poses detected in video
28_set2_rally17_ball32_Clear.mp4,Clear,success,61.0,21.0,34.42622950819672,0.565007603473284,0.19451081431047484,
28_set2_rally17_ball36_Clear.mp4,Clear,extraction_failed,,,,,,No poses detected in video
28_set2_rally17_ball37_Clear.mp4,Clear,success,61.0,47.0,77.04918032786885,0.5398942476721724,0.415984092468723,
28_set2_rally18_ball12_Smash.mp4,Smash,extraction_failed,,,,,,No poses detected in video
28_set2_rally19_ball4_Smash.mp4,Smash,extraction_failed,,,,,,No poses detected in video
28_set2_rally19_ball7_Smash.mp4,Smash,extraction_failed,,,,,,No poses detected in video
28_set2_rally19_ball13_Smash.mp4,Smash,extraction_failed,,,,,,No poses detected in video
28_set2_rally20_ball5_Smash.mp4,Smash,extraction_failed,,,,,,No poses detected in video
28_set2_rally21_ball7_Smash.mp4,Smash,extraction_failed,,,,,,No poses detected in video
28_set2_rally21_ball10_Smash.mp4,Smash,extraction_failed,,,,,,No poses detected in video
28_set2_rally22_ball10_Smash.mp4,Smash,extraction_failed,,,,,,No poses detected in video
28_set2_rally22_ball19_Smash.mp4,Smash,extraction_failed,,,,,,No poses detected in video
28_set2_rally23_ball2_Smash.mp4,Smash,success,61.0,8.0,13.114754098360656,0.5127719809740653,0.06724878439004135,
28_set2_rally23_ball6_Smash.mp4,Smash,success,61.0,3.0,4.918032786885246,0.5001928573003923,0.024599648719691426,
28_set2_rally24_ball14_Clear.mp4,Clear,success,61.0,31.0,50.81967213114754,0.49545934028697736,0.2517908122769885,
28_set2_rally25_ball8_Clear.mp4,Clear,success,61.0,3.0,4.918032786885246,0.5040417564938767,0.02478893884396115,
28_set2_rally25_ball9_Smash.mp4,Smash,extraction_failed,,,,,,No poses detected in video
28_set2_rally26_ball11_Smash.mp4,Smash,extraction_failed,,,,,,No poses detected in video
28_set2_rally26_ball14_Smash.mp4,Smash,extraction_failed,,,,,,No poses detected in video
28_set2_rally26_ball17_Smash.mp4,Smash,success,61.0,1.0,1.639344262295082,0.517616492554997,0.008485516271393394,
28_set2_rally26_ball20_Smash.mp4,Smash,success,61.0,2.0,3.278688524590164,0.5380928748936364,0.017642389340774965,
28_set2_rally26_ball23_Smash.mp4,Smash,extraction_failed,,,,,,No poses detected in video
28_set2_rally27_ball10_Smash.mp4,Smash,success,61.0,56.0,91.80327868852459,0.6088652195590154,0.55895823434926,
28_set2_rally28_ball2_Smash.mp4,Smash,success,61.0,25.0,40.98360655737705,0.5255601711176111,0.21539351275311933,
28_set2_rally30_ball3_Smash.mp4,Smash,success,61.0,6.0,9.836065573770492,0.49818679977283636,0.04900198030552489,
28_set2_rally30_ball11_Smash.mp4,Smash,success,61.0,13.0,21.311475409836063,0.5210682007903125,0.11104732147990265,
28_set2_rally30_ball15_Clear.mp4,Clear,success,61.0,4.0,6.557377049180328,0.5499435055888061,0.03606186921893811,
28_set2_rally30_ball16_Smash.mp4,Smash,success,61.0,26.0,42.62295081967213,0.5397663011730135,0.23006432509013688,
28_set2_rally31_ball8_Smash.mp4,Smash,success,61.0,4.0,6.557377049180328,0.5423193921645482,0.03556192735505234,
28_set2_rally32_ball7_Clear.mp4,Clear,extraction_failed,,,,,,No poses detected in video
28_set2_rally34_ball4_Smash.mp4,Smash,success,61.0,3.0,4.918032786885246,0.5607915198938414,0.027579910814451214,
28_set2_rally34_ball14_Clear.mp4,Clear,success,61.0,1.0,1.639344262295082,0.5854491126356702,0.009597526436650333,
28_set2_rally35_ball2_Smash.mp4,Smash,success,61.0,61.0,100.0,0.5114915476164272,0.5114915476164272,
29_set1_rally1_ball4_Clear.mp4,Clear,success,61.0,60.0,98.36065573770492,0.5673367136943,0.5580361118304591,
29_set1_rally1_ball5_Smash.mp4,Smash,success,61.0,61.0,100.0,0.5836440233260761,0.5836440233260761,
29_set1_rally2_ball2_Clear.mp4,Clear,success,61.0,60.0,98.36065573770492,0.6190959443374183,0.6089468304958213,
29_set1_rally2_ball3_Clear.mp4,Clear,success,61.0,61.0,100.0,0.6058158632827763,0.6058158632827763,
29_set1_rally3_ball2_Clear.mp4,Clear,success,61.0,61.0,100.0,0.6155473984272023,0.6155473984272023,
29_set1_rally3_ball3_Smash.mp4,Smash,success,61.0,61.0,100.0,0.5691432078751577,0.5691432078751577,
29_set1_rally3_ball6_Smash.mp4,Smash,success,61.0,61.0,100.0,0.5425302890632292,0.5425302890632292,
29_set1_rally3_ball9_Clear.mp4,Clear,success,61.0,61.0,100.0,0.5268198151494873,0.5268198151494873,
29_set1_rally3_ball10_Smash.mp4,Smash,success,61.0,61.0,100.0,0.52621682606854,0.52621682606854,
29_set1_rally3_ball13_Clear.mp4,Clear,success,61.0,61.0,100.0,0.5186198676748491,0.5186198676748491,
29_set1_rally4_ball3_Clear.mp4,Clear,success,61.0,61.0,100.0,0.5230444040067561,0.5230444040067561,
29_set1_rally6_ball4_Smash.mp4,Smash,success,61.0,61.0,100.0,0.5379995227357862,0.5379995227357862,
29_set1_rally6_ball8_Clear.mp4,Clear,success,61.0,61.0,100.0,0.534742942534228,0.534742942534228,
29_set1_rally6_ball9_Smash.mp4,Smash,success,61.0,61.0,100.0,0.5379357874052025,0.5379357874052025,
29_set1_rally6_ball12_Clear.mp4,Clear,success,61.0,61.0,100.0,0.5525445509068132,0.5525445509068132,
29_set1_rally7_ball4_Smash.mp4,Smash,success,61.0,61.0,100.0,0.5367680309595743,0.5367680309595743,
29_set1_rally8_ball2_Smash.mp4,Smash,success,61.0,61.0,100.0,0.5323779058903622,0.5323779058903622,
29_set1_rally9_ball2_Clear.mp4,Clear,success,61.0,61.0,100.0,0.5478634316896093,0.5478634316896093,
29_set1_rally9_ball3_Clear.mp4,Clear,success,61.0,61.0,100.0,0.5763336032452984,0.5763336032452984,
29_set1_rally9_ball4_Clear.mp4,Clear,success,61.0,61.0,100.0,0.5904573823813628,0.5904573823813628,
29_set1_rally9_ball5_Smash.mp4,Smash,success,61.0,61.0,100.0,0.618152885521024,0.618152885521024,
29_set1_rally10_ball4_Clear.mp4,Clear,success,61.0,61.0,100.0,0.640508360353609,0.640508360353609,
29_set1_rally12_ball2_Smash.mp4,Smash,success,61.0,61.0,100.0,0.5522470981346846,0.5522470981346846,
29_set1_rally12_ball5_Clear.mp4,Clear,success,61.0,61.0,100.0,0.5494554173155057,0.5494554173155057,
29_set1_rally12_ball9_Clear.mp4,Clear,success,61.0,61.0,100.0,0.5980271223067033,0.5980271223067033,
29_set1_rally12_ball10_Smash.mp4,Smash,success,61.0,61.0,100.0,0.6433103374736194,0.6433103374736194,
29_set1_rally13_ball3_Clear.mp4,Clear,success,61.0,61.0,100.0,0.6138181437550094,0.6138181437550094,
29_set1_rally13_ball13_Clear.mp4,Clear,success,61.0,61.0,100.0,0.6224050464673024,0.6224050464673024,
29_set1_rally13_ball14_Smash.mp4,Smash,success,61.0,61.0,100.0,0.625381793636205,0.625381793636205,
29_set1_rally15_ball6_Clear.mp4,Clear,success,61.0,61.0,100.0,0.6047525582332823,0.6047525582332823,
29_set1_rally17_ball4_Clear.mp4,Clear,success,61.0,61.0,100.0,0.5697334576048831,0.5697334576048831,
29_set1_rally17_ball5_Clear.mp4,Clear,success,61.0,61.0,100.0,0.5753007436727915,0.5753007436727915,
29_set1_rally17_ball6_Clear.mp4,Clear,success,61.0,61.0,100.0,0.5963892696547459,0.5963892696547459,
29_set1_rally17_ball7_Clear.mp4,Clear,success,61.0,61.0,100.0,0.5861814883840628,0.5861814883840628,
29_set1_rally17_ball8_Clear.mp4,Clear,success,61.0,61.0,100.0,0.5719987313456044,0.5719987313456044,
29_set1_rally17_ball9_Clear.mp4,Clear,success,61.0,61.0,100.0,0.5886192271162992,0.5886192271162992,
29_set1_rally17_ball12_Smash.mp4,Smash,success,61.0,61.0,100.0,0.5893385787307104,0.5893385787307104,
29_set1_rally18_ball4_Smash.mp4,Smash,success,61.0,61.0,100.0,0.6021586647341873,0.6021586647341873,
29_set1_rally19_ball2_Clear.mp4,Clear,success,61.0,61.0,100.0,0.5883063341019481,0.5883063341019481,
29_set1_rally19_ball3_Clear.mp4,Clear,success,61.0,61.0,100.0,0.593728496244763,0.593728496244763,
29_set1_rally19_ball7_Smash.mp4,Smash,success,61.0,61.0,100.0,0.5980228019323238,0.5980228019323238,
29_set1_rally19_ball10_Clear.mp4,Clear,success,61.0,42.0,68.85245901639344,0.5832001585069866,0.4015476501195645,
29_set1_rally19_ball11_Clear.mp4,Clear,success,61.0,61.0,100.0,0.6027372287862999,0.6027372287862999,
29_set1_rally19_ball14_Clear.mp4,Clear,success,61.0,61.0,100.0,0.5648625132373788,0.5648625132373788,
29_set1_rally21_ball2_Clear.mp4,Clear,success,61.0,61.0,100.0,0.6059934289231192,0.6059934289231192,
29_set1_rally21_ball3_Smash.mp4,Smash,success,61.0,61.0,100.0,0.5663605790402069,0.5663605790402069,
29_set1_rally22_ball2_Smash.mp4,Smash,success,61.0,61.0,100.0,0.5066732496631106,0.5066732496631106,
29_set1_rally22_ball7_Smash.mp4,Smash,success,61.0,61.0,100.0,0.5315305747237968,0.5315305747237968,
29_set1_rally22_ball21_Clear.mp4,Clear,success,61.0,61.0,100.0,0.5305544154744427,0.5305544154744427,
29_set1_rally22_ball26_Clear.mp4,Clear,success,61.0,61.0,100.0,0.5380606250966988,0.5380606250966988,
29_set1_rally22_ball27_Clear.mp4,Clear,success,61.0,61.0,100.0,0.5367511801673326,0.5367511801673326,
29_set1_rally22_ball28_Clear.mp4,Clear,success,61.0,61.0,100.0,0.5327957167604294,0.5327957167604294,
29_set1_rally22_ball29_Clear.mp4,Clear,success,61.0,61.0,100.0,0.5284327637842337,0.5284327637842337,
29_set1_rally23_ball4_Clear.mp4,Clear,success,61.0,61.0,100.0,0.5737792468036191,0.5737792468036191,
29_set1_rally23_ball5_Smash.mp4,Smash,success,61.0,61.0,100.0,0.5010776826663066,0.5010776826663066,
29_set1_rally23_ball7_Clear.mp4,Clear,success,61.0,61.0,100.0,0.4897585664579706,0.4897585664579706,
29_set1_rally23_ball10_Clear.mp4,Clear,success,61.0,61.0,100.0,0.5113275082760166,0.5113275082760166,
29_set1_rally23_ball11_Clear.mp4,Clear,success,61.0,61.0,100.0,0.5330102976741915,0.5330102976741915,
29_set1_rally23_ball12_Smash.mp4,Smash,success,61.0,61.0,100.0,0.54494138059687,0.54494138059687,
29_set1_rally23_ball16_Smash.mp4,Smash,success,61.0,61.0,100.0,0.5527733969694151,0.5527733969694151,
29_set1_rally23_ball22_Smash.mp4,Smash,success,61.0,61.0,100.0,0.544555912677974,0.544555912677974,
29_set1_rally24_ball6_Smash.mp4,Smash,success,61.0,61.0,100.0,0.5401471578467487,0.5401471578467487,
29_set1_rally25_ball6_Smash.mp4,Smash,success,61.0,61.0,100.0,0.5238974445099918,0.5238974445099918,
29_set1_rally26_ball3_Clear.mp4,Clear,success,61.0,61.0,100.0,0.5461288771614751,0.5461288771614751,
29_set1_rally26_ball4_Smash.mp4,Smash,success,61.0,61.0,100.0,0.5859032687480731,0.5859032687480731,
29_set1_rally27_ball3_Smash.mp4,Smash,success,61.0,61.0,100.0,0.6154278788026987,0.6154278788026987,
29_set1_rally28_ball2_Clear.mp4,Clear,success,61.0,61.0,100.0,0.574839857161245,0.574839857161245,
29_set1_rally28_ball3_Clear.mp4,Clear,success,61.0,61.0,100.0,0.5443990366765651,0.5443990366765651,
29_set1_rally29_ball3_Smash.mp4,Smash,success,61.0,61.0,100.0,0.58604459548568,0.58604459548568,
29_set1_rally30_ball2_Clear.mp4,Clear,success,61.0,61.0,100.0,0.5101499747979037,0.5101499747979037,
29_set1_rally30_ball5_Clear.mp4,Clear,success,61.0,61.0,100.0,0.5148875322142015,0.5148875322142015,
29_set1_rally30_ball6_Clear.mp4,Clear,success,61.0,61.0,100.0,0.5124166462916494,0.5124166462916494,
29_set1_rally30_ball7_Clear.mp4,Clear,success,61.0,61.0,100.0,0.5317756549029121,0.5317756549029121,
29_set1_rally30_ball8_Smash.mp4,Smash,success,61.0,61.0,100.0,0.5144960334722528,0.5144960334722528,
29_set1_rally30_ball16_Smash.mp4,Smash,success,61.0,61.0,100.0,0.5575018857233226,0.5575018857233226,
29_set1_rally30_ball19_Clear.mp4,Clear,success,61.0,61.0,100.0,0.5856194822800144,0.5856194822800144,
29_set1_rally30_ball20_Smash.mp4,Smash,success,61.0,61.0,100.0,0.5623029008048774,0.5623029008048774,
29_set1_rally33_ball6_Clear.mp4,Clear,success,61.0,61.0,100.0,0.5611397950094371,0.5611397950094371,
29_set1_rally33_ball7_Smash.mp4,Smash,success,61.0,61.0,100.0,0.5564021185832538,0.5564021185832538,
29_set1_rally34_ball2_Clear.mp4,Clear,success,61.0,61.0,100.0,0.5414559355924453,0.5414559355924453,
29_set1_rally34_ball3_Clear.mp4,Clear,success,61.0,61.0,100.0,0.5381103479948823,0.5381103479948823,
29_set1_rally35_ball2_Smash.mp4,Smash,success,61.0,61.0,100.0,0.5313796961631013,0.5313796961631013,
29_set1_rally35_ball7_Clear.mp4,Clear,success,61.0,61.0,100.0,0.5800600249794026,0.5800600249794026,
29_set1_rally35_ball8_Smash.mp4,Smash,success,61.0,61.0,100.0,0.5856717414422988,0.5856717414422988,
29_set1_rally35_ball11_Clear.mp4,Clear,success,61.0,61.0,100.0,0.5354168553120918,0.5354168553120918,
29_set1_rally35_ball12_Clear.mp4,Clear,success,61.0,61.0,100.0,0.529655629360444,0.529655629360444,
29_set1_rally35_ball13_Smash.mp4,Smash,success,61.0,61.0,100.0,0.5174160949333899,0.5174160949333899,
29_set1_rally35_ball17_Smash.mp4,Smash,success,61.0,61.0,100.0,0.5955455483487723,0.5955455483487723,
29_set1_rally35_ball19_Smash.mp4,Smash,success,61.0,61.0,100.0,0.5552623558794195,0.5552623558794195,
29_set1_rally36_ball4_Clear.mp4,Clear,success,61.0,61.0,100.0,0.5881967753203382,0.5881967753203382,
29_set1_rally36_ball5_Clear.mp4,Clear,success,61.0,61.0,100.0,0.574687107866357,0.574687107866357,
29_set2_rally2_ball3_Smash.mp4,Smash,success,61.0,61.0,100.0,0.5472061452596928,0.5472061452596928,
29_set2_rally2_ball7_Smash.mp4,Smash,success,61.0,61.0,100.0,0.5840988796069235,0.5840988796069235,
29_set2_rally2_ball13_Clear.mp4,Clear,success,61.0,61.0,100.0,0.5666489958017324,0.5666489958017324,
29_set2_rally3_ball3_Smash.mp4,Smash,success,61.0,61.0,100.0,0.5376427626279837,0.5376427626279837,
29_set2_rally4_ball5_Clear.mp4,Clear,success,61.0,61.0,100.0,0.544706806551593,0.544706806551593,
29_set2_rally4_ball6_Smash.mp4,Smash,success,61.0,61.0,100.0,0.4976767488994478,0.4976767488994478,
29_set2_rally5_ball4_Smash.mp4,Smash,success,61.0,61.0,100.0,0.5248901046066736,0.5248901046066736,
29_set2_rally6_ball13_Clear.mp4,Clear,success,61.0,61.0,100.0,0.533889092864923,0.533889092864923,
29_set2_rally6_ball14_Smash.mp4,Smash,success,61.0,61.0,100.0,0.5307503193096381,0.5307503193096381,
29_set2_rally8_ball2_Smash.mp4,Smash,success,61.0,61.0,100.0,0.5377793223034983,0.5377793223034983,
29_set2_rally8_ball6_Clear.mp4,Clear,success,61.0,61.0,100.0,0.5412324763431042,0.5412324763431042,
29_set2_rally8_ball12_Smash.mp4,Smash,success,61.0,61.0,100.0,0.5408187550703093,0.5408187550703093,
29_set2_rally8_ball16_Smash.mp4,Smash,success,61.0,61.0,100.0,0.5746186882950517,0.5746186882950517,
29_set2_rally9_ball10_Smash.mp4,Smash,success,61.0,12.0,19.672131147540984,0.577370674826788,0.11358111635936814,
29_set2_rally10_ball3_Smash.mp4,Smash,success,61.0,61.0,100.0,0.5803306874862127,0.5803306874862127,
29_set2_rally10_ball5_Smash.mp4,Smash,success,61.0,23.0,37.704918032786885,0.572474018085321,0.21585085927807182,
29_set2_rally11_ball3_Clear.mp4,Clear,extraction_failed,,,,,,No poses detected in video
29_set2_rally13_ball4_Clear.mp4,Clear,extraction_failed,,,,,,No poses detected in video
29_set2_rally13_ball5_Clear.mp4,Clear,extraction_failed,,,,,,No poses detected in video
29_set2_rally13_ball6_Smash.mp4,Smash,extraction_failed,,,,,,No poses detected in video
29_set2_rally15_ball7_Smash.mp4,Smash,extraction_failed,,,,,,No poses detected in video
29_set2_rally15_ball10_Smash.mp4,Smash,success,61.0,8.0,13.114754098360656,0.5841543470142465,0.07661040616580282,
29_set2_rally15_ball14_Smash.mp4,Smash,success,61.0,61.0,100.0,0.615212650147951,0.615212650147951,
29_set2_rally17_ball3_Smash.mp4,Smash,success,61.0,61.0,100.0,0.5995863189063022,0.5995863189063022,
29_set2_rally17_ball7_Clear.mp4,Clear,success,61.0,61.0,100.0,0.5609558254283271,0.5609558254283271,
29_set2_rally18_ball4_Smash.mp4,Smash,success,61.0,61.0,100.0,0.546443761938464,0.546443761938464,
29_set2_rally18_ball10_Smash.mp4,Smash,success,61.0,61.0,100.0,0.5257839295946957,0.5257839295946957,
29_set2_rally20_ball3_Clear.mp4,Clear,success,61.0,61.0,100.0,0.5470190974876795,0.5470190974876795,
29_set2_rally20_ball4_Smash.mp4,Smash,success,61.0,61.0,100.0,0.5359194599595374,0.5359194599595374,
29_set2_rally21_ball4_Clear.mp4,Clear,success,61.0,61.0,100.0,0.5194523381161833,0.5194523381161833,
29_set2_rally21_ball10_Smash.mp4,Smash,success,61.0,61.0,100.0,0.5226337238560975,0.5226337238560975,
29_set2_rally21_ball13_Smash.mp4,Smash,success,61.0,61.0,100.0,0.5400256300358943,0.5400256300358943,
29_set2_rally22_ball7_Clear.mp4,Clear,success,61.0,61.0,100.0,0.547147119084213,0.547147119084213,
29_set2_rally22_ball8_Smash.mp4,Smash,success,61.0,61.0,100.0,0.5385922927435318,0.5385922927435318,
29_set2_rally23_ball4_Smash.mp4,Smash,success,61.0,61.0,100.0,0.538938695336315,0.538938695336315,
29_set2_rally24_ball4_Clear.mp4,Clear,success,61.0,61.0,100.0,0.5453231026914934,0.5453231026914934,
29_set2_rally25_ball5_Smash.mp4,Smash,success,61.0,61.0,100.0,0.5613486595438878,0.5613486595438878,
29_set2_rally25_ball8_Smash.mp4,Smash,success,61.0,61.0,100.0,0.4985984115969155,0.4985984115969155,
29_set2_rally25_ball14_Smash.mp4,Smash,success,61.0,61.0,100.0,0.5174116520893515,0.5174116520893515,
29_set2_rally26_ball6_Smash.mp4,Smash,success,61.0,61.0,100.0,0.5346773433690115,0.5346773433690115,
29_set2_rally26_ball14_Clear.mp4,Clear,success,61.0,61.0,100.0,0.5390193768725137,0.5390193768725137,
29_set2_rally26_ball15_Clear.mp4,Clear,success,61.0,61.0,100.0,0.5249178040124034,0.5249178040124034,
29_set2_rally26_ball16_Clear.mp4,Clear,success,61.0,61.0,100.0,0.5465248946791679,0.5465248946791679,
29_set2_rally26_ball17_Clear.mp4,Clear,success,61.0,61.0,100.0,0.5426853415951821,0.5426853415951821,
29_set2_rally26_ball20_Clear.mp4,Clear,success,61.0,61.0,100.0,0.5227235143585987,0.5227235143585987,
29_set2_rally27_ball3_Clear.mp4,Clear,success,61.0,61.0,100.0,0.520867494059846,0.520867494059846,
29_set2_rally27_ball4_Smash.mp4,Smash,success,61.0,61.0,100.0,0.543881377975109,0.543881377975109,
29_set2_rally27_ball7_Clear.mp4,Clear,success,61.0,61.0,100.0,0.5507742382994988,0.5507742382994988,
29_set2_rally29_ball5_Clear.mp4,Clear,success,61.0,61.0,100.0,0.5522918308656191,0.5522918308656191,
29_set2_rally29_ball9_Smash.mp4,Smash,success,61.0,61.0,100.0,0.5190922497691641,0.5190922497691641,
29_set2_rally30_ball7_Clear.mp4,Clear,success,61.0,61.0,100.0,0.5202156512771806,0.5202156512771806,
29_set2_rally30_ball8_Smash.mp4,Smash,success,61.0,61.0,100.0,0.5200945000445042,0.5200945000445042,
29_set2_rally30_ball16_Clear.mp4,Clear,success,61.0,61.0,100.0,0.5282712573119867,0.5282712573119867,
29_set2_rally30_ball19_Clear.mp4,Clear,success,61.0,61.0,100.0,0.5294286092047907,0.5294286092047907,
29_set2_rally31_ball5_Smash.mp4,Smash,success,61.0,61.0,100.0,0.5263996250484225,0.5263996250484225,
29_set2_rally31_ball9_Clear.mp4,Clear,success,61.0,61.0,100.0,0.5262900095678665,0.5262900095678665,
29_set2_rally31_ball12_Smash.mp4,Smash,success,61.0,61.0,100.0,0.5077861774982528,0.5077861774982528,
29_set2_rally32_ball8_Smash.mp4,Smash,success,61.0,61.0,100.0,0.51726714249791,0.51726714249791,
29_set2_rally33_ball9_Smash.mp4,Smash,success,61.0,61.0,100.0,0.5033551946280537,0.5033551946280537,
29_set2_rally33_ball13_Smash.mp4,Smash,success,61.0,61.0,100.0,0.5203769260731058,0.5203769260731058,
29_set2_rally33_ball15_Smash.mp4,Smash,success,61.0,61.0,100.0,0.5690772949888657,0.5690772949888657,
29_set2_rally33_ball17_Smash.mp4,Smash,success,61.0,61.0,100.0,0.5634782181884325,0.5634782181884325,
29_set2_rally33_ball21_Smash.mp4,Smash,success,61.0,61.0,100.0,0.526863184939238,0.526863184939238,
29_set2_rally33_ball25_Clear.mp4,Clear,success,61.0,61.0,100.0,0.5183837476037942,0.5183837476037942,
29_set2_rally33_ball26_Smash.mp4,Smash,success,61.0,61.0,100.0,0.526843570605831,0.526843570605831,
29_set2_rally33_ball30_Smash.mp4,Smash,success,61.0,61.0,100.0,0.49047710265967964,0.49047710265967964,
29_set2_rally36_ball6_Smash.mp4,Smash,success,61.0,61.0,100.0,0.5110220527533169,0.5110220527533169,
29_set2_rally37_ball3_Smash.mp4,Smash,success,61.0,61.0,100.0,0.5339738079006667,0.5339738079006667,
29_set2_rally37_ball6_Clear.mp4,Clear,success,61.0,61.0,100.0,0.5470718495965085,0.5470718495965085,
29_set2_rally37_ball7_Smash.mp4,Smash,success,61.0,61.0,100.0,0.5469034211427877,0.5469034211427877,
29_set2_rally38_ball2_Smash.mp4,Smash,success,61.0,61.0,100.0,0.5118115565093476,0.5118115565093476,
29_set2_rally39_ball2_Smash.mp4,Smash,success,61.0,61.0,100.0,0.6164369828668611,0.6164369828668611,
29_set2_rally39_ball6_Smash.mp4,Smash,success,61.0,61.0,100.0,0.5812941103131763,0.5812941103131763,
29_set2_rally39_ball15_Smash.mp4,Smash,success,61.0,17.0,27.86885245901639,0.5666131419287381,0.15790858053751716,
30_set1_rally2_ball2_Clear.mp4,Clear,success,61.0,45.0,73.77049180327869,0.531418144384004,0.3920297786439374,
30_set1_rally3_ball4_Clear.mp4,Clear,extraction_failed,,,,,,No poses detected in video
30_set1_rally3_ball5_Clear.mp4,Clear,success,61.0,19.0,31.147540983606557,0.6489664585443965,0.20213709364497598,
30_set1_rally3_ball6_Clear.mp4,Clear,success,61.0,9.0,14.754098360655737,0.6729485216465863,0.099287486800316,
30_set1_rally3_ball7_Smash.mp4,Smash,success,61.0,61.0,100.0,0.6216786907891733,0.6216786907891733,
30_set1_rally4_ball2_Smash.mp4,Smash,success,61.0,51.0,83.60655737704919,0.6282423765166698,0.5252518229893469,
30_set1_rally4_ball6_Smash.mp4,Smash,success,61.0,45.0,73.77049180327869,0.619491994462697,0.45700229099707157,
30_set1_rally4_ball10_Clear.mp4,Clear,success,61.0,57.0,93.44262295081968,0.63675966518644,0.595004933043067,
30_set1_rally4_ball11_Smash.mp4,Smash,success,61.0,60.0,98.36065573770492,0.6544872469409848,0.6437579478108048,
30_set1_rally5_ball14_Smash.mp4,Smash,success,61.0,61.0,100.0,0.6444772710836649,0.6444772710836649,
30_set1_rally5_ball20_Clear.mp4,Clear,success,61.0,61.0,100.0,0.6239619335643245,0.6239619335643245,
30_set1_rally5_ball21_Smash.mp4,Smash,success,61.0,61.0,100.0,0.7236802242640766,0.7236802242640766,
30_set1_rally5_ball24_Clear.mp4,Clear,success,61.0,61.0,100.0,0.7808380851395322,0.7808380851395322,
30_set1_rally8_ball8_Smash.mp4,Smash,success,61.0,61.0,100.0,0.814616521880571,0.814616521880571,
30_set1_rally8_ball12_Clear.mp4,Clear,success,61.0,61.0,100.0,0.8297788066631282,0.8297788066631282,
30_set1_rally8_ball18_Clear.mp4,Clear,success,61.0,61.0,100.0,0.8189997955549729,0.8189997955549729,
30_set1_rally8_ball23_Clear.mp4,Clear,success,61.0,61.0,100.0,0.818252905836848,0.818252905836848,
30_set1_rally8_ball24_Clear.mp4,Clear,success,61.0,61.0,100.0,0.8292867085987576,0.8292867085987576,
30_set1_rally9_ball4_Clear.mp4,Clear,success,61.0,61.0,100.0,0.7564875511383157,0.7564875511383157,
30_set1_rally10_ball3_Clear.mp4,Clear,success,61.0,61.0,100.0,0.7728360961961676,0.7728360961961676,
30_set1_rally10_ball4_Clear.mp4,Clear,success,61.0,61.0,100.0,0.7618610556730128,0.7618610556730128,
30_set1_rally10_ball5_Smash.mp4,Smash,success,61.0,61.0,100.0,0.7552592251736668,0.7552592251736668,
30_set1_rally13_ball3_Smash.mp4,Smash,success,61.0,61.0,100.0,0.7459694174702672,0.7459694174702672,
30_set1_rally13_ball6_Smash.mp4,Smash,success,61.0,61.0,100.0,0.7544161887997664,0.7544161887997664,
30_set1_rally14_ball9_Clear.mp4,Clear,success,61.0,61.0,100.0,0.7227217391664436,0.7227217391664436,
30_set1_rally15_ball2_Smash.mp4,Smash,success,61.0,61.0,100.0,0.7688379849048614,0.7688379849048614,
30_set1_rally16_ball4_Clear.mp4,Clear,success,61.0,61.0,100.0,0.7733507100964624,0.7733507100964624,
30_set1_rally17_ball3_Clear.mp4,Clear,success,61.0,61.0,100.0,0.8130054337079408,0.8130054337079408,
30_set1_rally17_ball4_Smash.mp4,Smash,success,61.0,61.0,100.0,0.8499933239303887,0.8499933239303887,
30_set1_rally18_ball6_Clear.mp4,Clear,success,61.0,61.0,100.0,0.8879506415134628,0.8879506415134628,
30_set1_rally18_ball10_Smash.mp4,Smash,success,61.0,61.0,100.0,0.8554712379535393,0.8554712379535393,
30_set1_rally19_ball5_Clear.mp4,Clear,success,61.0,61.0,100.0,0.8113242108957779,0.8113242108957779,
30_set1_rally21_ball5_Clear.mp4,Clear,success,61.0,61.0,100.0,0.7331273347061631,0.7331273347061631,
30_set1_rally22_ball2_Clear.mp4,Clear,success,61.0,61.0,100.0,0.7892370401362075,0.7892370401362075,
30_set1_rally22_ball9_Clear.mp4,Clear,success,61.0,61.0,100.0,0.7709262581626336,0.7709262581626336,
30_set1_rally22_ball10_Clear.mp4,Clear,success,61.0,61.0,100.0,0.7876693299359427,0.7876693299359427,
30_set1_rally22_ball11_Smash.mp4,Smash,success,61.0,61.0,100.0,0.7917127856310184,0.7917127856310184,
30_set1_rally23_ball3_Clear.mp4,Clear,success,61.0,61.0,100.0,0.8052771522062546,0.8052771522062546,
30_set1_rally24_ball2_Smash.mp4,Smash,success,61.0,61.0,100.0,0.8105398266730293,0.8105398266730293,
30_set1_rally25_ball15_Smash.mp4,Smash,success,61.0,61.0,100.0,0.758149864843279,0.758149864843279,
30_set1_rally25_ball17_Clear.mp4,Clear,success,61.0,61.0,100.0,0.7550568787822425,0.7550568787822425,
30_set1_rally25_ball18_Smash.mp4,Smash,success,61.0,61.0,100.0,0.7730912083322234,0.7730912083322234,
30_set1_rally25_ball20_Smash.mp4,Smash,success,61.0,61.0,100.0,0.732155803080243,0.732155803080243,
30_set1_rally27_ball9_Clear.mp4,Clear,success,61.0,61.0,100.0,0.7915359893161388,0.7915359893161388,
30_set1_rally27_ball10_Smash.mp4,Smash,success,61.0,61.0,100.0,0.8072370741936441,0.8072370741936441,
30_set1_rally28_ball2_Clear.mp4,Clear,success,61.0,61.0,100.0,0.7672983553025536,0.7672983553025536,
30_set1_rally29_ball12_Clear.mp4,Clear,success,61.0,61.0,100.0,0.8004454216344761,0.8004454216344761,
30_set1_rally29_ball13_Clear.mp4,Clear,success,61.0,61.0,100.0,0.7778510464900356,0.7778510464900356,
30_set1_rally29_ball18_Clear.mp4,Clear,success,61.0,61.0,100.0,0.7755434285429242,0.7755434285429242,
30_set1_rally29_ball19_Smash.mp4,Smash,success,61.0,61.0,100.0,0.772502767143265,0.772502767143265,
30_set1_rally30_ball9_Clear.mp4,Clear,success,61.0,61.0,100.0,0.78604666123299,0.78604666123299,
30_set1_rally30_ball10_Clear.mp4,Clear,success,61.0,61.0,100.0,0.8014596912415834,0.8014596912415834,
30_set1_rally30_ball11_Clear.mp4,Clear,success,61.0,61.0,100.0,0.7605828242649412,0.7605828242649412,
30_set1_rally30_ball12_Clear.mp4,Clear,success,61.0,61.0,100.0,0.7433003236359689,0.7433003236359689,
30_set1_rally30_ball13_Clear.mp4,Clear,success,61.0,61.0,100.0,0.7594926674390868,0.7594926674390868,
30_set1_rally30_ball14_Clear.mp4,Clear,success,61.0,61.0,100.0,0.7357244335015023,0.7357244335015023,
30_set1_rally30_ball19_Clear.mp4,Clear,success,61.0,61.0,100.0,0.7362940350924033,0.7362940350924033,
30_set1_rally31_ball2_Clear.mp4,Clear,success,61.0,61.0,100.0,0.7734579158085408,0.7734579158085408,
30_set1_rally31_ball3_Smash.mp4,Smash,success,61.0,61.0,100.0,0.7596030690190483,0.7596030690190483,
30_set1_rally31_ball10_Clear.mp4,Clear,success,61.0,61.0,100.0,0.7167645714292465,0.7167645714292465,
30_set1_rally31_ball11_Clear.mp4,Clear,success,61.0,61.0,100.0,0.715471140973703,0.715471140973703,
30_set1_rally32_ball7_Clear.mp4,Clear,success,61.0,61.0,100.0,0.7502550126432306,0.7502550126432306,
30_set1_rally32_ball8_Smash.mp4,Smash,success,61.0,61.0,100.0,0.7297316144853904,0.7297316144853904,
30_set1_rally34_ball8_Clear.mp4,Clear,success,61.0,61.0,100.0,0.7586540547465572,0.7586540547465572,
30_set1_rally34_ball11_Clear.mp4,Clear,success,61.0,61.0,100.0,0.7956189551181124,0.7956189551181124,
30_set2_rally3_ball3_Smash.mp4,Smash,success,61.0,61.0,100.0,0.7699581596221251,0.7699581596221251,
30_set2_rally3_ball6_Clear.mp4,Clear,success,61.0,61.0,100.0,0.7674945442147564,0.7674945442147564,
30_set2_rally3_ball7_Smash.mp4,Smash,success,61.0,61.0,100.0,0.7417819132696202,0.7417819132696202,
30_set2_rally5_ball10_Smash.mp4,Smash,success,61.0,61.0,100.0,0.8556633110676779,0.8556633110676779,
30_set2_rally7_ball4_Clear.mp4,Clear,success,61.0,61.0,100.0,0.8670640280604422,0.8670640280604422,
30_set2_rally7_ball9_Clear.mp4,Clear,success,61.0,61.0,100.0,0.7950995309186764,0.7950995309186764,
30_set2_rally8_ball10_Clear.mp4,Clear,success,61.0,61.0,100.0,0.8082761833813435,0.8082761833813435,
30_set2_rally9_ball6_Clear.mp4,Clear,success,61.0,61.0,100.0,0.821162753262392,0.821162753262392,
30_set2_rally9_ball22_Clear.mp4,Clear,success,61.0,61.0,100.0,0.773228123506473,0.773228123506473,
30_set2_rally9_ball23_Clear.mp4,Clear,success,61.0,61.0,100.0,0.7949907921376776,0.7949907921376776,
30_set2_rally9_ball24_Clear.mp4,Clear,success,61.0,61.0,100.0,0.7928788016906025,0.7928788016906025,
30_set2_rally11_ball3_Smash.mp4,Smash,success,61.0,53.0,86.88524590163934,0.678635110061255,0.5896337841515822,
30_set2_rally12_ball2_Clear.mp4,Clear,success,61.0,46.0,75.40983606557377,0.6189214682210854,0.46672766456016274,
30_set2_rally12_ball3_Clear.mp4,Clear,success,61.0,61.0,100.0,0.5956013795488323,0.5956013795488323,
30_set2_rally12_ball4_Smash.mp4,Smash,success,61.0,61.0,100.0,0.6250283727719832,0.6250283727719832,
30_set2_rally13_ball2_Smash.mp4,Smash,success,61.0,61.0,100.0,0.6044912957053001,0.6044912957053001,
30_set2_rally15_ball3_Clear.mp4,Clear,success,61.0,60.0,98.36065573770492,0.6917261234728348,0.6803863509568867,
30_set2_rally15_ball6_Clear.mp4,Clear,success,61.0,1.0,1.639344262295082,0.654660251781796,0.01073213527511141,
30_set2_rally19_ball4_Clear.mp4,Clear,extraction_failed,,,,,,No poses detected in video
30_set2_rally19_ball8_Smash.mp4,Smash,success,61.0,9.0,14.754098360655737,0.6412599050261156,0.09461211713500066,
30_set2_rally19_ball19_Clear.mp4,Clear,success,61.0,20.0,32.78688524590164,0.6401108615631619,0.20987241362726616,
30_set2_rally22_ball7_Clear.mp4,Clear,success,61.0,59.0,96.72131147540983,0.598268277017456,0.5786529236726213,
30_set2_rally22_ball10_Smash.mp4,Smash,extraction_failed,,,,,,No poses detected in video
30_set2_rally23_ball4_Clear.mp4,Clear,extraction_failed,,,,,,No poses detected in video
30_set2_rally23_ball8_Clear.mp4,Clear,extraction_failed,,,,,,No poses detected in video
30_set2_rally23_ball17_Clear.mp4,Clear,success,61.0,7.0,11.475409836065573,0.5941379711483464,0.06817976718095778,
30_set2_rally24_ball3_Clear.mp4,Clear,success,61.0,61.0,100.0,0.6119921590813432,0.6119921590813432,
30_set2_rally24_ball17_Smash.mp4,Smash,success,61.0,6.0,9.836065573770492,0.6470396846833856,0.06364324767377563,
30_set2_rally25_ball5_Smash.mp4,Smash,success,61.0,3.0,4.918032786885246,0.6420596573840488,0.0315767044615106,
30_set2_rally25_ball9_Smash.mp4,Smash,success,61.0,1.0,1.639344262295082,0.6368370263865499,0.010439951252238525,
30_set2_rally26_ball3_Clear.mp4,Clear,success,61.0,2.0,3.278688524590164,0.6317826887649117,0.020714186516882352,
30_set2_rally26_ball4_Smash.mp4,Smash,success,61.0,16.0,26.229508196721312,0.6310157904893289,0.1655123384890043,
30_set2_rally27_ball3_Clear.mp4,Clear,extraction_failed,,,,,,No poses detected in video
30_set2_rally27_ball4_Smash.mp4,Smash,success,61.0,5.0,8.19672131147541,0.6174682405297504,0.050612150863094285,
30_set2_rally27_ball6_Smash.mp4,Smash,success,61.0,40.0,65.57377049180327,0.6191996985189514,0.406032589192755,
30_set2_rally27_ball11_Clear.mp4,Clear,success,61.0,2.0,3.278688524590164,0.637163302889376,0.02089060009473364,
30_set2_rally27_ball15_Clear.mp4,Clear,success,61.0,10.0,16.39344262295082,0.6386137523434379,0.10469077907269472,
30_set2_rally27_ball20_Clear.mp4,Clear,success,61.0,9.0,14.754098360655737,0.6350362569545255,0.0936938739768972,
30_set2_rally27_ball21_Clear.mp4,Clear,success,61.0,12.0,19.672131147540984,0.6176864332096142,0.12151208522156345,
30_set2_rally27_ball26_Smash.mp4,Smash,extraction_failed,,,,,,No poses detected in video
30_set2_rally29_ball4_Clear.mp4,Clear,success,61.0,59.0,96.72131147540983,0.6148994060373622,0.5947387697738421,
30_set2_rally30_ball2_Smash.mp4,Smash,success,61.0,50.0,81.9672131147541,0.64663369253052,0.5300276168282951,
30_set2_rally32_ball6_Smash.mp4,Smash,extraction_failed,,,,,,No poses detected in video
30_set2_rally33_ball11_Smash.mp4,Smash,extraction_failed,,,,,,No poses detected in video
30_set2_rally33_ball15_Clear.mp4,Clear,extraction_failed,,,,,,No poses detected in video
30_set2_rally33_ball16_Smash.mp4,Smash,success,61.0,2.0,3.278688524590164,0.5795389535187772,0.019001277164550072,
30_set2_rally37_ball10_Smash.mp4,Smash,success,61.0,61.0,100.0,0.5781390242826887,0.5781390242826887,
30_set2_rally38_ball4_Clear.mp4,Clear,success,61.0,59.0,96.72131147540983,0.609390938425004,0.5894109076569711,
30_set2_rally38_ball7_Smash.mp4,Smash,success,61.0,1.0,1.639344262295082,0.6166940166643171,0.01010973797810356,
30_set3_rally2_ball18_Clear.mp4,Clear,success,61.0,10.0,16.39344262295082,0.6113254742301775,0.10021729085740613,
30_set3_rally2_ball26_Smash.mp4,Smash,extraction_failed,,,,,,No poses detected in video
30_set3_rally3_ball4_Clear.mp4,Clear,success,61.0,14.0,22.950819672131146,0.6102781740101901,0.14006384321545345,
30_set3_rally3_ball5_Smash.mp4,Smash,success,61.0,2.0,3.278688524590164,0.6003340851854194,0.019683084760177688,
30_set3_rally4_ball2_Clear.mp4,Clear,success,61.0,57.0,93.44262295081968,0.6005665904127857,0.561185174648013,
30_set3_rally4_ball3_Clear.mp4,Clear,success,61.0,60.0,98.36065573770492,0.6081534804052805,0.5981837512183087,
30_set3_rally4_ball4_Clear.mp4,Clear,success,61.0,59.0,96.72131147540983,0.6014174864470185,0.5816988803340015,
30_set3_rally5_ball5_Smash.mp4,Smash,success,61.0,49.0,80.32786885245902,0.6247059552168304,0.5018129804200768,
30_set3_rally8_ball7_Smash.mp4,Smash,success,61.0,61.0,100.0,0.6029546155122579,0.6029546155122579,
30_set3_rally12_ball7_Smash.mp4,Smash,success,61.0,61.0,100.0,0.6004262069260627,0.6004262069260627,
30_set3_rally12_ball13_Clear.mp4,Clear,success,61.0,50.0,81.9672131147541,0.6293200417606285,0.5158360998037939,
30_set3_rally15_ball3_Smash.mp4,Smash,success,61.0,9.0,14.754098360655737,0.6212043641793608,0.09165310291170896,
30_set3_rally16_ball6_Clear.mp4,Clear,success,61.0,60.0,98.36065573770492,0.6215621036604653,0.6113725609775068,
30_set3_rally16_ball7_Clear.mp4,Clear,success,61.0,61.0,100.0,0.6205603216063271,0.6205603216063271,
30_set3_rally16_ball10_Smash.mp4,Smash,success,61.0,61.0,100.0,0.6053068591281772,0.6053068591281772,
30_set3_rally16_ball12_Smash.mp4,Smash,success,61.0,61.0,100.0,0.6090345479979002,0.6090345479979002,
30_set3_rally17_ball10_Clear.mp4,Clear,success,61.0,35.0,57.377049180327866,0.6149934765064355,0.3528651094709056,
30_set3_rally17_ball11_Clear.mp4,Clear,success,61.0,61.0,100.0,0.6144799177636912,0.6144799177636912,
30_set3_rally17_ball12_Smash.mp4,Smash,success,61.0,61.0,100.0,0.6029752810144433,0.6029752810144433,
30_set3_rally18_ball4_Smash.mp4,Smash,success,61.0,60.0,98.36065573770492,0.6123650507356619,0.6023262794121265,
30_set3_rally18_ball7_Smash.mp4,Smash,success,61.0,61.0,100.0,0.6018680404470758,0.6018680404470758,
30_set3_rally18_ball12_Smash.mp4,Smash,success,61.0,61.0,100.0,0.7810669637924098,0.7810669637924098,
30_set3_rally19_ball6_Clear.mp4,Clear,success,61.0,61.0,100.0,0.7555443226302878,0.7555443226302878,
30_set3_rally21_ball2_Smash.mp4,Smash,success,61.0,61.0,100.0,0.7709270271473094,0.7709270271473094,
30_set3_rally22_ball8_Smash.mp4,Smash,success,61.0,61.0,100.0,0.7429364657023031,0.7429364657023031,
30_set3_rally22_ball12_Clear.mp4,Clear,success,61.0,61.0,100.0,0.7556783243850934,0.7556783243850934,
30_set3_rally23_ball4_Clear.mp4,Clear,success,61.0,61.0,100.0,0.7571133059304682,0.7571133059304682,
30_set3_rally23_ball5_Smash.mp4,Smash,success,61.0,61.0,100.0,0.7568403860592036,0.7568403860592036,
30_set3_rally23_ball12_Clear.mp4,Clear,success,61.0,61.0,100.0,0.7577492317681698,0.7577492317681698,
30_set3_rally23_ball13_Smash.mp4,Smash,success,61.0,61.0,100.0,0.7556551302465349,0.7556551302465349,
30_set3_rally24_ball4_Smash.mp4,Smash,success,61.0,61.0,100.0,0.8264229542178357,0.8264229542178357,
30_set3_rally24_ball12_Smash.mp4,Smash,success,61.0,61.0,100.0,0.8411860294044167,0.8411860294044167,
30_set3_rally26_ball20_Smash.mp4,Smash,success,61.0,61.0,100.0,0.8352589475696974,0.8352589475696974,
30_set3_rally27_ball2_Smash.mp4,Smash,success,61.0,59.0,96.72131147540983,0.6578325753766046,0.6362642942167158,
30_set3_rally28_ball4_Clear.mp4,Clear,extraction_failed,,,,,,No poses detected in video
30_set3_rally28_ball8_Smash.mp4,Smash,success,61.0,41.0,67.21311475409836,0.5900965927692848,0.3966223000580439,
30_set3_rally30_ball3_Smash.mp4,Smash,success,61.0,61.0,100.0,0.5430606900693171,0.5430606900693171,
30_set3_rally30_ball12_Smash.mp4,Smash,success,61.0,54.0,88.52459016393442,0.5966318295014277,0.5281658818537228,
30_set3_rally30_ball14_Smash.mp4,Smash,extraction_failed,,,,,,No poses detected in video
30_set3_rally30_ball23_Clear.mp4,Clear,success,61.0,7.0,11.475409836065573,0.6370234051437089,0.07310104649190102,
30_set3_rally30_ball29_Clear.mp4,Clear,success,61.0,60.0,98.36065573770492,0.6058893566462434,0.5959567442422067,
30_set3_rally30_ball30_Clear.mp4,Clear,success,61.0,61.0,100.0,0.6073311514581375,0.6073311514581375,
30_set3_rally33_ball18_Clear.mp4,Clear,success,61.0,3.0,4.918032786885246,0.5656994837101059,0.02782128608410357,
30_set3_rally36_ball2_Smash.mp4,Smash,extraction_failed,,,,,,No poses detected in video
30_set3_rally36_ball9_Clear.mp4,Clear,extraction_failed,,,,,,No poses detected in video
30_set3_rally36_ball10_Smash.mp4,Smash,success,61.0,5.0,8.19672131147541,0.568349621258676,0.046586034529399675,
30_set3_rally37_ball12_Clear.mp4,Clear,success,61.0,60.0,98.36065573770492,0.6010903062468226,0.5912363668001533,
30_set3_rally37_ball15_Smash.mp4,Smash,success,61.0,61.0,100.0,0.5974926772369901,0.5974926772369901,
30_set3_rally37_ball21_Clear.mp4,Clear,success,61.0,61.0,100.0,0.5937681212387188,0.5937681212387188,
30_set3_rally38_ball6_Clear.mp4,Clear,success,61.0,60.0,98.36065573770492,0.5721459833872847,0.5627665410366735,
30_set3_rally40_ball10_Clear.mp4,Clear,success,61.0,46.0,75.40983606557377,0.6024478502345806,0.4543049362424706,
30_set3_rally40_ball11_Smash.mp4,Smash,success,61.0,36.0,59.01639344262295,0.6152362725106888,0.363090259186636,
30_set3_rally41_ball5_Smash.mp4,Smash,success,61.0,1.0,1.639344262295082,0.6173715584657409,0.01012084522074985,
30_set3_rally42_ball2_Smash.mp4,Smash,success,61.0,60.0,98.36065573770492,0.6033838750179024,0.5934923360831826,
31_set1_rally2_ball3_Clear.mp4,Clear,extraction_failed,,,,,,No poses detected in video
31_set1_rally2_ball4_Clear.mp4,Clear,extraction_failed,,,,,,No poses detected in video
31_set1_rally6_ball7_Clear.mp4,Clear,extraction_failed,,,,,,No poses detected in video
31_set1_rally6_ball13_Clear.mp4,Clear,extraction_failed,,,,,,No poses detected in video
31_set1_rally7_ball3_Clear.mp4,Clear,extraction_failed,,,,,,No poses detected in video
31_set1_rally7_ball7_Clear.mp4,Clear,extraction_failed,,,,,,No poses detected in video
31_set1_rally8_ball9_Clear.mp4,Clear,extraction_failed,,,,,,No poses detected in video
31_set1_rally8_ball10_Clear.mp4,Clear,extraction_failed,,,,,,No poses detected in video
31_set1_rally8_ball11_Clear.mp4,Clear,extraction_failed,,,,,,No poses detected in video
31_set1_rally8_ball12_Clear.mp4,Clear,extraction_failed,,,,,,No poses detected in video
31_set1_rally8_ball18_Clear.mp4,Clear,extraction_failed,,,,,,No poses detected in video
31_set1_rally8_ball19_Clear.mp4,Clear,extraction_failed,,,,,,No poses detected in video
31_set1_rally8_ball20_Clear.mp4,Clear,extraction_failed,,,,,,No poses detected in video
31_set1_rally9_ball3_Clear.mp4,Clear,extraction_failed,,,,,,No poses detected in video
31_set1_rally11_ball2_Clear.mp4,Clear,extraction_failed,,,,,,No poses detected in video
31_set1_rally14_ball3_Clear.mp4,Clear,extraction_failed,,,,,,No poses detected in video
31_set1_rally14_ball7_Clear.mp4,Clear,extraction_failed,,,,,,No poses detected in video
31_set1_rally14_ball8_Clear.mp4,Clear,extraction_failed,,,,,,No poses detected in video
31_set1_rally14_ball9_Clear.mp4,Clear,extraction_failed,,,,,,No poses detected in video
31_set1_rally18_ball5_Smash.mp4,Smash,extraction_failed,,,,,,No poses detected in video
31_set1_rally18_ball11_Clear.mp4,Clear,success,61.0,61.0,100.0,0.5655851115054374,0.5655851115054374,
31_set1_rally18_ball14_Clear.mp4,Clear,success,61.0,43.0,70.49180327868852,0.5947089238568795,0.419221044685997,
31_set1_rally19_ball3_Clear.mp4,Clear,extraction_failed,,,,,,No poses detected in video
31_set1_rally19_ball4_Smash.mp4,Smash,extraction_failed,,,,,,No poses detected in video
31_set1_rally21_ball3_Clear.mp4,Clear,extraction_failed,,,,,,No poses detected in video
31_set1_rally22_ball6_Clear.mp4,Clear,extraction_failed,,,,,,No poses detected in video
31_set1_rally22_ball7_Clear.mp4,Clear,extraction_failed,,,,,,No poses detected in video
31_set1_rally23_ball2_Clear.mp4,Clear,extraction_failed,,,,,,No poses detected in video
31_set1_rally25_ball4_Clear.mp4,Clear,extraction_failed,,,,,,No poses detected in video
31_set1_rally26_ball3_Clear.mp4,Clear,extraction_failed,,,,,,No poses detected in video
31_set1_rally26_ball4_Clear.mp4,Clear,extraction_failed,,,,,,No poses detected in video
31_set2_rally2_ball7_Smash.mp4,Smash,extraction_failed,,,,,,No poses detected in video
31_set2_rally3_ball14_Clear.mp4,Clear,extraction_failed,,,,,,No poses detected in video
31_set2_rally5_ball4_Smash.mp4,Smash,extraction_failed,,,,,,No poses detected in video
31_set2_rally6_ball4_Smash.mp4,Smash,extraction_failed,,,,,,No poses detected in video
31_set2_rally7_ball6_Clear.mp4,Clear,extraction_failed,,,,,,No poses detected in video
31_set2_rally7_ball12_Clear.mp4,Clear,success,61.0,60.0,98.36065573770492,0.5598328265624892,0.5506552392417927,
31_set2_rally7_ball20_Clear.mp4,Clear,success,61.0,2.0,3.278688524590164,0.5991632863879204,0.019644697914358047,
31_set2_rally7_ball23_Clear.mp4,Clear,extraction_failed,,,,,,No poses detected in video
31_set2_rally7_ball27_Clear.mp4,Clear,extraction_failed,,,,,,No poses detected in video
31_set2_rally9_ball3_Smash.mp4,Smash,extraction_failed,,,,,,No poses detected in video
31_set2_rally9_ball10_Smash.mp4,Smash,extraction_failed,,,,,,No poses detected in video
31_set2_rally11_ball2_Clear.mp4,Clear,extraction_failed,,,,,,No poses detected in video
31_set2_rally12_ball4_Smash.mp4,Smash,extraction_failed,,,,,,No poses detected in video
31_set2_rally14_ball3_Clear.mp4,Clear,extraction_failed,,,,,,No poses detected in video
31_set2_rally16_ball3_Clear.mp4,Clear,extraction_failed,,,,,,No poses detected in video
31_set2_rally16_ball4_Smash.mp4,Smash,extraction_failed,,,,,,No poses detected in video
31_set2_rally16_ball13_Clear.mp4,Clear,extraction_failed,,,,,,No poses detected in video
31_set2_rally16_ball14_Smash.mp4,Smash,extraction_failed,,,,,,No poses detected in video
31_set2_rally17_ball6_Smash.mp4,Smash,success,61.0,61.0,100.0,0.5886940729489268,0.5886940729489268,
31_set2_rally18_ball5_Smash.mp4,Smash,success,61.0,61.0,100.0,0.6048908793305913,0.6048908793305913,
31_set2_rally19_ball7_Smash.mp4,Smash,success,61.0,6.0,9.836065573770492,0.582968425494854,0.057341156606051207,
31_set2_rally20_ball3_Clear.mp4,Clear,extraction_failed,,,,,,No poses detected in video
31_set2_rally20_ball6_Smash.mp4,Smash,extraction_failed,,,,,,No poses detected in video
31_set2_rally20_ball11_Clear.mp4,Clear,extraction_failed,,,,,,No poses detected in video
31_set2_rally20_ball12_Smash.mp4,Smash,extraction_failed,,,,,,No poses detected in video
31_set2_rally20_ball24_Smash.mp4,Smash,success,61.0,36.0,59.01639344262295,0.5670222697829708,0.334636093642409,
31_set2_rally22_ball8_Smash.mp4,Smash,success,61.0,22.0,36.0655737704918,0.5882693998228257,0.21216273436233057,
31_set2_rally23_ball3_Smash.mp4,Smash,extraction_failed,,,,,,No poses detected in video
31_set2_rally23_ball7_Smash.mp4,Smash,extraction_failed,,,,,,No poses detected in video
31_set2_rally23_ball11_Smash.mp4,Smash,extraction_failed,,,,,,No poses detected in video
31_set2_rally24_ball3_Smash.mp4,Smash,extraction_failed,,,,,,No poses detected in video
31_set2_rally27_ball4_Clear.mp4,Clear,extraction_failed,,,,,,No poses detected in video
31_set2_rally27_ball18_Clear.mp4,Clear,extraction_failed,,,,,,No poses detected in video
31_set2_rally27_ball19_Clear.mp4,Clear,extraction_failed,,,,,,No poses detected in video
31_set2_rally27_ball20_Smash.mp4,Smash,extraction_failed,,,,,,No poses detected in video
31_set2_rally29_ball3_Clear.mp4,Clear,success,61.0,13.0,21.311475409836063,0.6517512505496299,0.1388978074941834,
31_set2_rally30_ball4_Clear.mp4,Clear,extraction_failed,,,,,,No poses detected in video
31_set2_rally30_ball5_Smash.mp4,Smash,extraction_failed,,,,,,No poses detected in video
31_set2_rally31_ball2_Smash.mp4,Smash,success,61.0,49.0,80.32786885245902,0.5236677102451993,0.4206511115084388,
31_set2_rally33_ball4_Clear.mp4,Clear,success,61.0,19.0,31.147540983606557,0.5388422294221283,0.1678361042462367,
31_set2_rally33_ball5_Smash.mp4,Smash,extraction_failed,,,,,,No poses detected in video
31_set2_rally34_ball3_Clear.mp4,Clear,extraction_failed,,,,,,No poses detected in video
31_set2_rally35_ball8_Smash.mp4,Smash,extraction_failed,,,,,,No poses detected in video
32_set1_rally2_ball4_Smash.mp4,Smash,extraction_failed,,,,,,No poses detected in video
32_set1_rally3_ball10_Smash.mp4,Smash,success,61.0,59.0,96.72131147540983,0.5808251699519787,0.5617817217568318,
32_set1_rally4_ball6_Smash.mp4,Smash,extraction_failed,,,,,,No poses detected in video
32_set1_rally4_ball11_Clear.mp4,Clear,extraction_failed,,,,,,No poses detected in video
32_set1_rally5_ball10_Smash.mp4,Smash,extraction_failed,,,,,,No poses detected in video
32_set1_rally5_ball14_Clear.mp4,Clear,success,61.0,32.0,52.459016393442624,0.5911794999741358,0.31012695080610403,
32_set1_rally5_ball15_Smash.mp4,Smash,extraction_failed,,,,,,No poses detected in video
32_set1_rally6_ball7_Clear.mp4,Clear,success,61.0,56.0,91.80327868852459,0.6282991547746286,0.5767992240553967,
32_set1_rally7_ball6_Smash.mp4,Smash,extraction_failed,,,,,,No poses detected in video
32_set1_rally9_ball11_Smash.mp4,Smash,extraction_failed,,,,,,No poses detected in video
32_set1_rally10_ball4_Clear.mp4,Clear,success,61.0,40.0,65.57377049180327,0.6015329439221232,0.3944478320800808,
32_set1_rally10_ball5_Smash.mp4,Smash,success,61.0,49.0,80.32786885245902,0.5990540945030468,0.48120738738769336,
32_set1_rally10_ball11_Smash.mp4,Smash,success,61.0,61.0,100.0,0.5756694035445528,0.5756694035445528,
32_set1_rally10_ball15_Clear.mp4,Clear,success,61.0,30.0,49.18032786885246,0.56434194339872,0.27754521806494425,
32_set1_rally10_ball21_Smash.mp4,Smash,success,61.0,61.0,100.0,0.5891891950070561,0.5891891950070561,
32_set1_rally11_ball7_Clear.mp4,Clear,success,61.0,61.0,100.0,0.6158317832353195,0.6158317832353195,
32_set1_rally11_ball8_Clear.mp4,Clear,success,61.0,61.0,100.0,0.603540847321258,0.603540847321258,
32_set1_rally11_ball11_Smash.mp4,Smash,success,61.0,61.0,100.0,0.6133015823735121,0.6133015823735121,
32_set1_rally11_ball18_Clear.mp4,Clear,success,61.0,42.0,68.85245901639344,0.6031800044090635,0.4153042653308306,
32_set1_rally11_ball19_Clear.mp4,Clear,success,61.0,38.0,62.295081967213115,0.5607360192521254,0.3493109628127994,
32_set1_rally11_ball20_Clear.mp4,Clear,success,61.0,61.0,100.0,0.6041876416286972,0.6041876416286972,
32_set1_rally11_ball23_Clear.mp4,Clear,success,61.0,61.0,100.0,0.5984934205500267,0.5984934205500267,
32_set1_rally13_ball7_Smash.mp4,Smash,success,61.0,59.0,96.72131147540983,0.5674807623440695,0.5488748357098377,
32_set1_rally13_ball13_Smash.mp4,Smash,success,61.0,32.0,52.459016393442624,0.5866913871599757,0.3077725309691676,
32_set1_rally14_ball15_Clear.mp4,Clear,success,61.0,29.0,47.540983606557376,0.5801237267028451,0.2757965258095493,
32_set1_rally16_ball6_Clear.mp4,Clear,extraction_failed,,,,,,No poses detected in video
32_set1_rally16_ball7_Smash.mp4,Smash,extraction_failed,,,,,,No poses detected in video
32_set1_rally16_ball16_Smash.mp4,Smash,success,61.0,41.0,67.21311475409836,0.5690532670482299,0.38247842539307253,
32_set1_rally16_ball19_Clear.mp4,Clear,success,61.0,55.0,90.1639344262295,0.5152626013443973,0.46458103399904666,
32_set1_rally16_ball20_Clear.mp4,Clear,success,61.0,59.0,96.72131147540983,0.5221439062150862,0.5050244338801654,
32_set1_rally16_ball27_Smash.mp4,Smash,success,61.0,61.0,100.0,0.5563324547753755,0.5563324547753755,
32_set1_rally17_ball7_Smash.mp4,Smash,success,61.0,61.0,100.0,0.52767460497554,0.52767460497554,
32_set1_rally18_ball3_Clear.mp4,Clear,success,61.0,61.0,100.0,0.6399164533661748,0.6399164533661748,
32_set1_rally18_ball4_Smash.mp4,Smash,success,61.0,39.0,63.934426229508205,0.5989914068311059,0.3829617191215267,
32_set1_rally18_ball7_Smash.mp4,Smash,success,61.0,35.0,57.377049180327866,0.587427669205578,0.3370486626589382,
32_set1_rally19_ball3_Smash.mp4,Smash,success,61.0,41.0,67.21311475409836,0.5537860688050631,0.37221686591815717,
32_set1_rally20_ball4_Smash.mp4,Smash,success,61.0,46.0,75.40983606557377,0.5971726719055983,0.4503269329124184,
32_set1_rally20_ball8_Smash.mp4,Smash,success,61.0,3.0,4.918032786885246,0.6221887555086251,0.030599446992227462,
32_set1_rally22_ball6_Smash.mp4,Smash,success,61.0,41.0,67.21311475409836,0.5800158404350055,0.3898467124235283,
32_set1_rally22_ball13_Smash.mp4,Smash,success,61.0,17.0,27.86885245901639,0.5737500770346207,0.15989756245227132,
32_set1_rally22_ball18_Clear.mp4,Clear,success,61.0,60.0,98.36065573770492,0.5890718970818969,0.579414980736292,
32_set1_rally22_ball21_Smash.mp4,Smash,success,61.0,59.0,96.72131147540983,0.6004824055551058,0.5807944578319876,
32_set1_rally26_ball13_Clear.mp4,Clear,extraction_failed,,,,,,No poses detected in video
32_set1_rally26_ball17_Smash.mp4,Smash,success,61.0,38.0,62.295081967213115,0.5824996502961451,0.3628686346107134,
32_set1_rally26_ball20_Clear.mp4,Clear,extraction_failed,,,,,,No poses detected in video
32_set1_rally26_ball29_Clear.mp4,Clear,success,61.0,42.0,68.85245901639344,0.6135673617479132,0.4224562162854484,
32_set1_rally28_ball7_Smash.mp4,Smash,success,61.0,61.0,100.0,0.5936803054751245,0.5936803054751245,
32_set1_rally28_ball17_Smash.mp4,Smash,success,61.0,61.0,100.0,0.6018197318437029,0.6018197318437029,
32_set1_rally31_ball4_Smash.mp4,Smash,success,61.0,11.0,18.0327868852459,0.6059913103656007,0.10927712154133784,
32_set1_rally32_ball4_Smash.mp4,Smash,extraction_failed,,,,,,No poses detected in video
32_set1_rally33_ball3_Smash.mp4,Smash,success,61.0,60.0,98.36065573770492,0.5750019791348048,0.5655757171817751,
32_set1_rally33_ball11_Smash.mp4,Smash,success,61.0,61.0,100.0,0.5836056833351155,0.5836056833351155,
32_set1_rally33_ball15_Smash.mp4,Smash,success,61.0,19.0,31.147540983606557,0.6446820377198419,0.20080260191273766,
32_set1_rally33_ball19_Clear.mp4,Clear,extraction_failed,,,,,,No poses detected in video
32_set1_rally33_ball34_Clear.mp4,Clear,success,61.0,21.0,34.42622950819672,0.6002296020490524,0.20663642037754262,
32_set1_rally33_ball35_Smash.mp4,Smash,extraction_failed,,,,,,No poses detected in video
32_set1_rally35_ball21_Clear.mp4,Clear,success,61.0,61.0,100.0,0.6134526194848205,0.6134526194848205,
32_set1_rally37_ball4_Clear.mp4,Clear,success,61.0,61.0,100.0,0.6165267625179379,0.6165267625179379,
32_set1_rally38_ball5_Smash.mp4,Smash,success,61.0,61.0,100.0,0.6172499017695886,0.6172499017695886,
32_set1_rally40_ball12_Smash.mp4,Smash,success,61.0,12.0,19.672131147540984,0.6365777025319109,0.12522840049808084,
32_set1_rally41_ball22_Clear.mp4,Clear,success,61.0,35.0,57.377049180327866,0.5447836890816689,0.31258080521079357,
32_set1_rally41_ball23_Smash.mp4,Smash,success,61.0,61.0,100.0,0.641802245528024,0.641802245528024,
32_set1_rally42_ball5_Clear.mp4,Clear,success,61.0,17.0,27.86885245901639,0.6444951666123939,0.17961340708869994,
32_set1_rally42_ball10_Smash.mp4,Smash,success,61.0,50.0,81.9672131147541,0.6002777785898158,0.49203096605722607,
32_set2_rally2_ball4_Smash.mp4,Smash,success,61.0,61.0,100.0,0.6253262321528101,0.6253262321528101,
32_set2_rally4_ball16_Smash.mp4,Smash,success,61.0,11.0,18.0327868852459,0.6277733226781378,0.11320502540097567,
32_set2_rally4_ball24_Smash.mp4,Smash,success,61.0,61.0,100.0,0.6457638845950647,0.6457638845950647,
32_set2_rally5_ball9_Smash.mp4,Smash,success,61.0,45.0,73.77049180327869,0.6225261435916126,0.45924059773151754,
32_set2_rally6_ball4_Smash.mp4,Smash,success,61.0,61.0,100.0,0.5703441539869061,0.5703441539869061,
32_set2_rally6_ball8_Clear.mp4,Clear,success,61.0,61.0,100.0,0.566237100870087,0.566237100870087,
32_set2_rally7_ball6_Clear.mp4,Clear,success,61.0,61.0,100.0,0.5783314836279512,0.5783314836279512,
32_set2_rally7_ball7_Clear.mp4,Clear,success,61.0,61.0,100.0,0.5998383491377309,0.5998383491377309,
32_set2_rally7_ball15_Clear.mp4,Clear,success,61.0,61.0,100.0,0.6208399550631177,0.6208399550631177,
32_set2_rally9_ball5_Clear.mp4,Clear,success,61.0,61.0,100.0,0.6147184805302633,0.6147184805302633,
32_set2_rally12_ball4_Smash.mp4,Smash,success,61.0,54.0,88.52459016393442,0.6040864262780055,0.5347650330985622,
32_set2_rally13_ball8_Smash.mp4,Smash,success,61.0,56.0,91.80327868852459,0.6237219874708613,0.5725972343994792,
32_set2_rally13_ball11_Smash.mp4,Smash,success,61.0,61.0,100.0,0.6678210891867904,0.6678210891867904,
32_set2_rally17_ball4_Smash.mp4,Smash,success,61.0,61.0,100.0,0.5837120665694697,0.5837120665694697,
32_set2_rally17_ball8_Smash.mp4,Smash,success,61.0,61.0,100.0,0.5864319478095783,0.5864319478095783,
32_set2_rally18_ball5_Smash.mp4,Smash,success,61.0,61.0,100.0,0.5869824230330353,0.5869824230330353,
32_set2_rally19_ball4_Smash.mp4,Smash,success,61.0,61.0,100.0,0.5748446671704514,0.5748446671704514,
32_set2_rally21_ball10_Clear.mp4,Clear,success,61.0,61.0,100.0,0.5708277720686583,0.5708277720686583,
32_set2_rally21_ball11_Clear.mp4,Clear,success,61.0,61.0,100.0,0.602250042715759,0.602250042715759,
32_set2_rally21_ball12_Clear.mp4,Clear,success,61.0,61.0,100.0,0.6351688538215584,0.6351688538215584,
32_set2_rally21_ball20_Smash.mp4,Smash,success,61.0,36.0,59.01639344262295,0.6525472119757875,0.3851098300184975,
32_set2_rally21_ball30_Clear.mp4,Clear,success,61.0,61.0,100.0,0.6340379361313073,0.6340379361313073,
32_set2_rally22_ball3_Clear.mp4,Clear,success,61.0,61.0,100.0,0.5989769879176,0.5989769879176,
32_set2_rally23_ball4_Smash.mp4,Smash,success,61.0,61.0,100.0,0.5799709435822482,0.5799709435822482,
32_set2_rally25_ball5_Clear.mp4,Clear,success,61.0,61.0,100.0,0.6077572687597567,0.6077572687597567,
32_set2_rally25_ball11_Smash.mp4,Smash,success,61.0,61.0,100.0,0.6426901861403455,0.6426901861403455,
32_set2_rally25_ball14_Clear.mp4,Clear,success,61.0,61.0,100.0,0.6228990756859534,0.6228990756859534,
32_set2_rally25_ball15_Smash.mp4,Smash,success,61.0,60.0,98.36065573770492,0.6134708035350233,0.6034139051164163,
32_set2_rally25_ball26_Clear.mp4,Clear,success,61.0,57.0,93.44262295081968,0.6063796579755698,0.5666170574525817,
32_set2_rally26_ball7_Smash.mp4,Smash,success,61.0,32.0,52.459016393442624,0.6376891285463264,0.3345254444833188,
32_set2_rally27_ball3_Smash.mp4,Smash,success,61.0,60.0,98.36065573770492,0.5733369362230103,0.5639379700554199,
32_set2_rally27_ball7_Smash.mp4,Smash,success,61.0,61.0,100.0,0.5703334692000139,0.5703334692000139,
32_set2_rally27_ball14_Smash.mp4,Smash,success,61.0,61.0,100.0,0.603453841048085,0.603453841048085,
32_set2_rally28_ball3_Smash.mp4,Smash,success,61.0,61.0,100.0,0.594279365163463,0.594279365163463,
32_set2_rally28_ball6_Smash.mp4,Smash,success,61.0,35.0,57.377049180327866,0.6010036139489862,0.3448381391510576,
32_set2_rally29_ball5_Clear.mp4,Clear,success,61.0,61.0,100.0,0.5895319707310187,0.5895319707310187,
32_set2_rally29_ball6_Smash.mp4,Smash,success,61.0,55.0,90.1639344262295,0.5994582890473331,0.5404951786492347,
32_set2_rally29_ball12_Smash.mp4,Smash,success,61.0,61.0,100.0,0.6127978136371572,0.6127978136371572,
32_set2_rally29_ball18_Clear.mp4,Clear,success,61.0,61.0,100.0,0.5781898095382804,0.5781898095382804,
32_set2_rally30_ball4_Clear.mp4,Clear,success,61.0,58.0,95.08196721311475,0.6181413153207851,0.5877409227640251,
32_set2_rally30_ball5_Smash.mp4,Smash,success,61.0,61.0,100.0,0.5907561561094905,0.5907561561094905,
32_set2_rally30_ball9_Smash.mp4,Smash,success,61.0,52.0,85.24590163934425,0.6067299408369236,0.5172124085822954,
32_set2_rally32_ball4_Smash.mp4,Smash,success,61.0,9.0,14.754098360655737,0.5679525568554498,0.08379627888031226,
32_set3_rally1_ball3_Smash.mp4,Smash,success,61.0,21.0,34.42622950819672,0.5577287296905662,0.19200497251642443,
32_set3_rally4_ball10_Smash.mp4,Smash,extraction_failed,,,,,,No poses detected in video
32_set3_rally4_ball16_Clear.mp4,Clear,success,61.0,49.0,80.32786885245902,0.5612837699510372,0.45086729061640696,
32_set3_rally4_ball17_Clear.mp4,Clear,success,61.0,61.0,100.0,0.5883446925347953,0.5883446925347953,
32_set3_rally4_ball21_Smash.mp4,Smash,success,61.0,61.0,100.0,0.5977933322319852,0.5977933322319852,
32_set3_rally5_ball3_Smash.mp4,Smash,success,61.0,44.0,72.1311475409836,0.5705835521246816,0.4115684638276392,
32_set3_rally5_ball6_Smash.mp4,Smash,success,61.0,20.0,32.78688524590164,0.5724531634738951,0.18768956179471968,
32_set3_rally6_ball8_Smash.mp4,Smash,extraction_failed,,,,,,No poses detected in video
32_set3_rally6_ball12_Smash.mp4,Smash,extraction_failed,,,,,,No poses detected in video
32_set3_rally7_ball9_Clear.mp4,Clear,success,61.0,1.0,1.639344262295082,0.5445099477515076,0.00892639258609029,
32_set3_rally7_ball10_Smash.mp4,Smash,extraction_failed,,,,,,No poses detected in video
32_set3_rally8_ball3_Smash.mp4,Smash,extraction_failed,,,,,,No poses detected in video
32_set3_rally8_ball10_Clear.mp4,Clear,success,61.0,17.0,27.86885245901639,0.5728091855936828,0.15963534680479682,
32_set3_rally8_ball11_Clear.mp4,Clear,success,61.0,20.0,32.78688524590164,0.5516729981158719,0.18087639282487603,
32_set3_rally8_ball12_Clear.mp4,Clear,extraction_failed,,,,,,No poses detected in video
32_set3_rally8_ball13_Clear.mp4,Clear,success,61.0,45.0,73.77049180327869,0.5830186150641955,0.4300956996375213,
32_set3_rally9_ball4_Smash.mp4,Smash,extraction_failed,,,,,,No poses detected in video
32_set3_rally9_ball19_Clear.mp4,Clear,success,61.0,61.0,100.0,0.5798333344080749,0.5798333344080749,
32_set3_rally10_ball3_Clear.mp4,Clear,success,61.0,17.0,27.86885245901639,0.7050837840944687,0.19649875950173717,
32_set3_rally10_ball4_Smash.mp4,Smash,extraction_failed,,,,,,No poses detected in video
32_set3_rally11_ball3_Smash.mp4,Smash,success,61.0,7.0,11.475409836065573,0.688339332352469,0.07898975945028332,
32_set3_rally12_ball6_Smash.mp4,Smash,extraction_failed,,,,,,No poses detected in video
32_set3_rally12_ball10_Smash.mp4,Smash,success,61.0,61.0,100.0,0.5719296793687129,0.5719296793687129,
32_set3_rally13_ball6_Smash.mp4,Smash,success,61.0,61.0,100.0,0.5443155130109155,0.5443155130109155,
32_set3_rally13_ball14_Clear.mp4,Clear,success,61.0,2.0,3.278688524590164,0.5593714270402085,0.018340046788203557,
32_set3_rally16_ball3_Clear.mp4,Clear,success,61.0,17.0,27.86885245901639,0.545222572696772,0.15194727435811678,
32_set3_rally16_ball10_Smash.mp4,Smash,success,61.0,1.0,1.639344262295082,0.5310535927613577,0.008705796602645208,
32_set3_rally16_ball17_Clear.mp4,Clear,success,61.0,5.0,8.19672131147541,0.5336332006436406,0.04374042628226562,
32_set3_rally17_ball5_Smash.mp4,Smash,success,61.0,58.0,95.08196721311475,0.5534532485586224,0.5262342363344279,
32_set3_rally18_ball3_Smash.mp4,Smash,success,61.0,29.0,47.540983606557376,0.5679117550327984,0.269990834359855,
32_set3_rally19_ball3_Clear.mp4,Clear,success,61.0,60.0,98.36065573770492,0.5602397277540007,0.5510554699219679,
32_set3_rally19_ball4_Smash.mp4,Smash,success,61.0,1.0,1.639344262295082,0.515991051878893,0.008458869702932673,
32_set3_rally21_ball4_Smash.mp4,Smash,success,61.0,50.0,81.9672131147541,0.5919865248642505,0.485234856446107,
32_set3_rally22_ball2_Smash.mp4,Smash,success,61.0,47.0,77.04918032786885,0.5537755227858486,0.42667950116286696,
32_set3_rally23_ball6_Smash.mp4,Smash,success,61.0,61.0,100.0,0.576724428190379,0.576724428190379,
32_set3_rally23_ball10_Smash.mp4,Smash,success,61.0,61.0,100.0,0.5828364577690006,0.5828364577690006,
32_set3_rally23_ball14_Smash.mp4,Smash,success,61.0,61.0,100.0,0.6216983559027396,0.6216983559027396,
32_set3_rally23_ball17_Clear.mp4,Clear,success,61.0,61.0,100.0,0.5546568376727425,0.5546568376727425,
32_set3_rally23_ball18_Smash.mp4,Smash,success,61.0,61.0,100.0,0.517316423236243,0.517316423236243,
32_set3_rally23_ball22_Smash.mp4,Smash,success,61.0,61.0,100.0,0.5629085683718629,0.5629085683718629,
32_set3_rally25_ball6_Smash.mp4,Smash,success,61.0,61.0,100.0,0.611022555052933,0.611022555052933,
32_set3_rally25_ball10_Clear.mp4,Clear,success,61.0,61.0,100.0,0.594081673923028,0.594081673923028,
32_set3_rally25_ball14_Smash.mp4,Smash,success,61.0,61.0,100.0,0.6310269824267217,0.6310269824267217,
32_set3_rally26_ball3_Smash.mp4,Smash,success,61.0,22.0,36.0655737704918,0.5947374869815327,0.21449548710809377,
32_set3_rally27_ball4_Smash.mp4,Smash,success,61.0,61.0,100.0,0.5745824596822663,0.5745824596822663,
32_set3_rally27_ball6_Smash.mp4,Smash,success,61.0,61.0,100.0,0.5813090123173261,0.5813090123173261,
32_set3_rally29_ball9_Smash.mp4,Smash,success,61.0,40.0,65.57377049180327,0.5771198729381123,0.37843926094302444,
32_set3_rally30_ball9_Smash.mp4,Smash,success,61.0,61.0,100.0,0.5627358291553194,0.5627358291553194,
32_set3_rally32_ball11_Smash.mp4,Smash,success,61.0,39.0,63.934426229508205,0.6525541736622049,0.41720676676763924,
32_set3_rally33_ball5_Smash.mp4,Smash,success,61.0,15.0,24.59016393442623,0.6061431484014699,0.1490515938692139,
32_set3_rally33_ball9_Smash.mp4,Smash,extraction_failed,,,,,,No poses detected in video
32_set3_rally34_ball5_Smash.mp4,Smash,success,61.0,2.0,3.278688524590164,0.5919372253119946,0.01940777787908179,
32_set3_rally34_ball9_Clear.mp4,Clear,success,61.0,30.0,49.18032786885246,0.516361940711896,0.25394849543208,
32_set3_rally34_ball10_Smash.mp4,Smash,success,61.0,2.0,3.278688524590164,0.530619569743673,0.01739736294241551,
32_set3_rally35_ball4_Smash.mp4,Smash,success,61.0,61.0,100.0,0.5381389467940701,0.5381389467940701,
32_set3_rally35_ball9_Smash.mp4,Smash,success,61.0,60.0,98.36065573770492,0.5492655049991112,0.5402611524581421,
32_set3_rally36_ball6_Smash.mp4,Smash,success,61.0,9.0,14.754098360655737,0.5253940197429071,0.07751715045387154,
32_set3_rally36_ball10_Smash.mp4,Smash,success,61.0,52.0,85.24590163934425,0.5288180348502031,0.45079570183951734,
32_set3_rally37_ball9_Smash.mp4,Smash,success,61.0,61.0,100.0,0.5285639515654607,0.5285639515654607,
32_set3_rally40_ball6_Smash.mp4,Smash,success,61.0,10.0,16.39344262295082,0.5310639896953748,0.08705967044186472,
32_set3_rally40_ball14_Smash.mp4,Smash,success,61.0,54.0,88.52459016393442,0.5146169751132658,0.4555625681330549,
33_set1_rally1_ball16_Clear.mp4,Clear,success,61.0,49.0,80.32786885245902,0.5356540097996142,0.43027945049477206,
33_set1_rally2_ball16_Clear.mp4,Clear,success,61.0,17.0,27.86885245901639,0.5743373248532607,0.16006122168041692,
33_set1_rally2_ball21_Smash.mp4,Smash,success,61.0,5.0,8.19672131147541,0.5751885711695209,0.04714660419422302,
33_set1_rally3_ball2_Clear.mp4,Clear,success,61.0,61.0,100.0,0.5622126744844763,0.5622126744844763,
33_set1_rally6_ball12_Smash.mp4,Smash,success,61.0,51.0,83.60655737704919,0.5581640545843225,0.4666617505541057,
33_set1_rally9_ball11_Clear.mp4,Clear,success,61.0,9.0,14.754098360655737,0.5577209143074674,0.08228669227487223,
33_set1_rally9_ball12_Clear.mp4,Clear,success,61.0,18.0,29.508196721311474,0.5677734221855448,0.1675396983498329,
33_set1_rally15_ball8_Clear.mp4,Clear,extraction_failed,,,,,,No poses detected in video
33_set1_rally16_ball9_Clear.mp4,Clear,extraction_failed,,,,,,No poses detected in video
33_set1_rally18_ball3_Clear.mp4,Clear,success,61.0,46.0,75.40983606557377,0.5578192406918946,0.4206505749479861,
33_set1_rally19_ball6_Clear.mp4,Clear,success,61.0,12.0,19.672131147540984,0.5669641190142644,0.11153392505198644,
33_set1_rally21_ball3_Clear.mp4,Clear,success,61.0,59.0,96.72131147540983,0.5475250959853653,0.5295734534940418,
33_set1_rally24_ball8_Clear.mp4,Clear,success,61.0,61.0,100.0,0.5385076522272426,0.5385076522272426,
33_set1_rally24_ball9_Smash.mp4,Smash,success,61.0,55.0,90.1639344262295,0.5346207838957057,0.48203513302071815,
33_set1_rally33_ball9_Clear.mp4,Clear,extraction_failed,,,,,,No poses detected in video
33_set1_rally33_ball10_Clear.mp4,Clear,extraction_failed,,,,,,No poses detected in video
33_set1_rally33_ball11_Smash.mp4,Smash,extraction_failed,,,,,,No poses detected in video
33_set1_rally34_ball3_Clear.mp4,Clear,extraction_failed,,,,,,No poses detected in video
33_set1_rally35_ball6_Smash.mp4,Smash,success,61.0,4.0,6.557377049180328,0.54990823051864,0.03605955609958295,
33_set1_rally37_ball4_Clear.mp4,Clear,extraction_failed,,,,,,No poses detected in video
33_set2_rally2_ball5_Clear.mp4,Clear,success,61.0,1.0,1.639344262295082,0.5552118829818387,0.009101834147243257,
33_set2_rally4_ball8_Clear.mp4,Clear,extraction_failed,,,,,,No poses detected in video
33_set2_rally7_ball4_Clear.mp4,Clear,extraction_failed,,,,,,No poses detected in video
33_set2_rally15_ball3_Clear.mp4,Clear,success,61.0,1.0,1.639344262295082,0.5569805694800435,0.009130829007869566,
33_set2_rally16_ball16_Smash.mp4,Smash,success,61.0,4.0,6.557377049180328,0.5520189801710799,0.0361979659128577,
33_set2_rally17_ball7_Smash.mp4,Smash,success,61.0,2.0,3.278688524590164,0.5532713474310709,0.018140044178067898,
33_set2_rally19_ball12_Clear.mp4,Clear,extraction_failed,,,,,,No poses detected in video
33_set2_rally19_ball13_Clear.mp4,Clear,extraction_failed,,,,,,No poses detected in video
33_set2_rally19_ball14_Smash.mp4,Smash,extraction_failed,,,,,,No poses detected in video
33_set2_rally22_ball14_Clear.mp4,Clear,extraction_failed,,,,,,No poses detected in video
33_set2_rally25_ball4_Clear.mp4,Clear,extraction_failed,,,,,,No poses detected in video
33_set2_rally26_ball5_Smash.mp4,Smash,extraction_failed,,,,,,No poses detected in video
33_set2_rally27_ball8_Smash.mp4,Smash,extraction_failed,,,,,,No poses detected in video
33_set2_rally30_ball19_Clear.mp4,Clear,extraction_failed,,,,,,No poses detected in video
33_set2_rally31_ball3_Clear.mp4,Clear,extraction_failed,,,,,,No poses detected in video
33_set2_rally31_ball4_Clear.mp4,Clear,extraction_failed,,,,,,No poses detected in video
33_set2_rally35_ball3_Clear.mp4,Clear,extraction_failed,,,,,,No poses detected in video
33_set2_rally35_ball7_Clear.mp4,Clear,extraction_failed,,,,,,No poses detected in video
33_set2_rally35_ball8_Smash.mp4,Smash,extraction_failed,,,,,,No poses detected in video
33_set2_rally36_ball8_Clear.mp4,Clear,success,61.0,3.0,4.918032786885246,0.5634483749592546,0.027710575817668257,
35_set1_rally1_ball3_Smash.mp4,Smash,extraction_failed,,,,,,No poses detected in video
35_set1_rally3_ball9_Clear.mp4,Clear,extraction_failed,,,,,,No poses detected in video
35_set1_rally3_ball10_Clear.mp4,Clear,extraction_failed,,,,,,No poses detected in video
35_set1_rally3_ball13_Clear.mp4,Clear,extraction_failed,,,,,,No poses detected in video
35_set1_rally3_ball14_Clear.mp4,Clear,success,61.0,14.0,22.950819672131146,0.6374309532287897,0.14629562860988615,
35_set1_rally3_ball15_Clear.mp4,Clear,success,61.0,61.0,100.0,0.6846426014408609,0.6846426014408609,
35_set1_rally3_ball16_Clear.mp4,Clear,success,61.0,61.0,100.0,0.5701961233963013,0.5701961233963013,
35_set1_rally3_ball19_Clear.mp4,Clear,success,61.0,19.0,31.147540983606557,0.6195359051946485,0.19297019997866102,
35_set1_rally5_ball9_Smash.mp4,Smash,extraction_failed,,,,,,No poses detected in video
35_set1_rally5_ball13_Clear.mp4,Clear,success,61.0,60.0,98.36065573770492,0.5659284505922572,0.5566509350087775,
35_set1_rally5_ball14_Clear.mp4,Clear,success,61.0,61.0,100.0,0.5508949449665241,0.5508949449665241,
35_set1_rally5_ball15_Smash.mp4,Smash,success,61.0,61.0,100.0,0.5654093540503546,0.5654093540503546,
35_set1_rally5_ball20_Clear.mp4,Clear,success,61.0,61.0,100.0,0.5530770518203992,0.5530770518203992,
35_set1_rally6_ball3_Clear.mp4,Clear,success,61.0,61.0,100.0,0.5576639590091852,0.5576639590091852,
35_set1_rally6_ball7_Clear.mp4,Clear,success,61.0,57.0,93.44262295081968,0.5475913157259796,0.5116836884652597,
35_set1_rally6_ball8_Clear.mp4,Clear,extraction_failed,,,,,,No poses detected in video
35_set1_rally6_ball9_Clear.mp4,Clear,extraction_failed,,,,,,No poses detected in video
35_set1_rally6_ball10_Clear.mp4,Clear,extraction_failed,,,,,,No poses detected in video
35_set1_rally7_ball2_Smash.mp4,Smash,extraction_failed,,,,,,No poses detected in video
35_set1_rally8_ball5_Clear.mp4,Clear,extraction_failed,,,,,,No poses detected in video
35_set1_rally9_ball3_Smash.mp4,Smash,success,61.0,2.0,3.278688524590164,0.5398201633696302,0.01769902174982394,
35_set1_rally10_ball7_Smash.mp4,Smash,success,61.0,61.0,100.0,0.6264036018743749,0.6264036018743749,
35_set1_rally10_ball15_Smash.mp4,Smash,success,61.0,61.0,100.0,0.5900541831810033,0.5900541831810033,
35_set1_rally13_ball3_Clear.mp4,Clear,success,61.0,61.0,100.0,0.5668970017836895,0.5668970017836895,
35_set1_rally13_ball13_Clear.mp4,Clear,success,61.0,61.0,100.0,0.5614366131333631,0.5614366131333631,
35_set1_rally13_ball19_Clear.mp4,Clear,success,61.0,61.0,100.0,0.5728589058746785,0.5728589058746785,
35_set1_rally13_ball20_Clear.mp4,Clear,success,61.0,61.0,100.0,0.6094857073035987,0.6094857073035987,
35_set1_rally13_ball21_Clear.mp4,Clear,success,61.0,61.0,100.0,0.5931586090482723,0.5931586090482723,
35_set1_rally13_ball22_Clear.mp4,Clear,success,61.0,61.0,100.0,0.5981744112214651,0.5981744112214651,
35_set1_rally14_ball7_Clear.mp4,Clear,success,61.0,61.0,100.0,0.5756658433376263,0.5756658433376263,
35_set1_rally15_ball6_Smash.mp4,Smash,success,61.0,61.0,100.0,0.555395649793251,0.555395649793251,
35_set1_rally17_ball6_Smash.mp4,Smash,success,61.0,61.0,100.0,0.5618337253066981,0.5618337253066981,
35_set1_rally17_ball10_Clear.mp4,Clear,success,61.0,61.0,100.0,0.5433588189545275,0.5433588189545275,
35_set1_rally17_ball17_Clear.mp4,Clear,success,61.0,61.0,100.0,0.5497445955472803,0.5497445955472803,
35_set1_rally19_ball3_Clear.mp4,Clear,success,61.0,11.0,18.0327868852459,0.6240011196501409,0.11252479206805821,
35_set1_rally19_ball7_Smash.mp4,Smash,success,61.0,3.0,4.918032786885246,0.668965703610218,0.0328999526365681,
35_set1_rally20_ball6_Smash.mp4,Smash,extraction_failed,,,,,,No poses detected in video
35_set1_rally22_ball4_Smash.mp4,Smash,success,61.0,49.0,80.32786885245902,0.5901926748740245,0.4740891978496262,
35_set1_rally22_ball7_Smash.mp4,Smash,success,61.0,61.0,100.0,0.5571793871841515,0.5571793871841515,
35_set1_rally22_ball12_Clear.mp4,Clear,success,61.0,16.0,26.229508196721312,0.5549644925596305,0.14556445706482113,
35_set1_rally23_ball3_Clear.mp4,Clear,success,61.0,61.0,100.0,0.6013342481156485,0.6013342481156485,
35_set1_rally23_ball4_Smash.mp4,Smash,success,61.0,61.0,100.0,0.5749175775624068,0.5749175775624068,
35_set1_rally26_ball10_Clear.mp4,Clear,success,61.0,61.0,100.0,0.5511783446294939,0.5511783446294939,
35_set1_rally26_ball11_Clear.mp4,Clear,success,61.0,61.0,100.0,0.5417257706207671,0.5417257706207671,
35_set1_rally26_ball22_Clear.mp4,Clear,success,61.0,61.0,100.0,0.5981174708393547,0.5981174708393547,
35_set1_rally26_ball23_Clear.mp4,Clear,success,61.0,61.0,100.0,0.5478122026335228,0.5478122026335228,
35_set1_rally26_ball26_Clear.mp4,Clear,success,61.0,61.0,100.0,0.5621009718282522,0.5621009718282522,
35_set1_rally26_ball34_Clear.mp4,Clear,success,61.0,61.0,100.0,0.5751654622262974,0.5751654622262974,
35_set1_rally26_ball35_Clear.mp4,Clear,success,61.0,61.0,100.0,0.617628180456588,0.617628180456588,
35_set1_rally28_ball9_Clear.mp4,Clear,success,61.0,61.0,100.0,0.5770164405454231,0.5770164405454231,
35_set1_rally29_ball2_Smash.mp4,Smash,success,61.0,1.0,1.639344262295082,0.5837986593445142,0.009570469825319906,
35_set1_rally32_ball5_Clear.mp4,Clear,extraction_failed,,,,,,No poses detected in video
35_set1_rally32_ball9_Clear.mp4,Clear,success,61.0,1.0,1.639344262295082,0.5813848725096746,0.00953089954933893,
35_set1_rally32_ball10_Clear.mp4,Clear,extraction_failed,,,,,,No poses detected in video
35_set1_rally32_ball11_Clear.mp4,Clear,extraction_failed,,,,,,No poses detected in video
35_set1_rally32_ball12_Smash.mp4,Smash,extraction_failed,,,,,,No poses detected in video
35_set1_rally33_ball3_Clear.mp4,Clear,extraction_failed,,,,,,No poses detected in video
35_set1_rally34_ball10_Smash.mp4,Smash,extraction_failed,,,,,,No poses detected in video
35_set1_rally35_ball11_Clear.mp4,Clear,extraction_failed,,,,,,No poses detected in video
35_set1_rally35_ball12_Smash.mp4,Smash,extraction_failed,,,,,,No poses detected in video
35_set1_rally36_ball10_Clear.mp4,Clear,extraction_failed,,,,,,No poses detected in video
35_set1_rally36_ball18_Clear.mp4,Clear,extraction_failed,,,,,,No poses detected in video
35_set1_rally38_ball3_Smash.mp4,Smash,extraction_failed,,,,,,No poses detected in video
35_set1_rally38_ball7_Clear.mp4,Clear,extraction_failed,,,,,,No poses detected in video
35_set1_rally38_ball17_Smash.mp4,Smash,extraction_failed,,,,,,No poses detected in video
35_set1_rally38_ball23_Smash.mp4,Smash,success,61.0,4.0,6.557377049180328,0.6068166743286632,0.039791257333027095,
35_set1_rally38_ball28_Clear.mp4,Clear,success,61.0,61.0,100.0,0.6035690938473723,0.6035690938473723,
35_set1_rally39_ball4_Smash.mp4,Smash,success,61.0,61.0,100.0,0.5525045504204104,0.5525045504204104,
35_set1_rally39_ball22_Smash.mp4,Smash,success,61.0,61.0,100.0,0.5464266924704788,0.5464266924704788,
35_set1_rally40_ball4_Smash.mp4,Smash,success,61.0,61.0,100.0,0.6003696328529627,0.6003696328529627,
35_set1_rally40_ball9_Smash.mp4,Smash,success,61.0,10.0,16.39344262295082,0.6208262359667004,0.10177479278142629,
35_set1_rally40_ball12_Smash.mp4,Smash,extraction_failed,,,,,,No poses detected in video
35_set2_rally2_ball3_Smash.mp4,Smash,success,61.0,61.0,100.0,0.5699541180478329,0.5699541180478329,
35_set2_rally2_ball7_Clear.mp4,Clear,success,61.0,58.0,95.08196721311475,0.5965561101445145,0.56721728505544,
35_set2_rally3_ball2_Smash.mp4,Smash,success,61.0,61.0,100.0,0.5929576820239121,0.5929576820239121,
35_set2_rally4_ball3_Smash.mp4,Smash,success,61.0,61.0,100.0,0.6614864476525034,0.6614864476525034,
35_set2_rally4_ball6_Smash.mp4,Smash,success,61.0,61.0,100.0,0.586675177457918,0.586675177457918,
35_set2_rally5_ball2_Smash.mp4,Smash,success,61.0,28.0,45.90163934426229,0.5833425157445431,0.26776377771880666,
35_set2_rally6_ball4_Smash.mp4,Smash,success,61.0,61.0,100.0,0.6265468954840112,0.6265468954840112,
35_set2_rally7_ball7_Smash.mp4,Smash,success,61.0,61.0,100.0,0.6167341028296369,0.6167341028296369,
35_set2_rally8_ball3_Smash.mp4,Smash,success,61.0,61.0,100.0,0.5792930216518759,0.5792930216518759,
35_set2_rally9_ball5_Clear.mp4,Clear,success,61.0,61.0,100.0,0.6065808305849024,0.6065808305849024,
35_set2_rally9_ball6_Smash.mp4,Smash,success,61.0,61.0,100.0,0.6008771818188576,0.6008771818188576,
35_set2_rally10_ball4_Clear.mp4,Clear,success,61.0,43.0,70.49180327868852,0.6152193500300039,0.43367921395557657,
35_set2_rally10_ball8_Smash.mp4,Smash,success,61.0,5.0,8.19672131147541,0.578294682156558,0.04740120345545557,
35_set2_rally12_ball3_Smash.mp4,Smash,extraction_failed,,,,,,No poses detected in video
35_set2_rally12_ball6_Clear.mp4,Clear,success,61.0,61.0,100.0,0.6326820980803739,0.6326820980803739,
35_set2_rally13_ball2_Clear.mp4,Clear,extraction_failed,,,,,,No poses detected in video
35_set2_rally13_ball3_Clear.mp4,Clear,extraction_failed,,,,,,No poses detected in video
35_set2_rally13_ball9_Smash.mp4,Smash,extraction_failed,,,,,,No poses detected in video
35_set2_rally14_ball3_Smash.mp4,Smash,extraction_failed,,,,,,No poses detected in video
35_set2_rally15_ball3_Smash.mp4,Smash,success,61.0,61.0,100.0,0.6015999383772864,0.6015999383772864,
35_set2_rally18_ball2_Smash.mp4,Smash,success,61.0,61.0,100.0,0.6016980634530545,0.6016980634530545,
35_set2_rally18_ball5_Clear.mp4,Clear,success,61.0,61.0,100.0,0.5980995912919116,0.5980995912919116,
35_set2_rally19_ball5_Smash.mp4,Smash,success,61.0,61.0,100.0,0.6736051548814601,0.6736051548814601,
35_set2_rally20_ball9_Clear.mp4,Clear,success,61.0,23.0,37.704918032786885,0.6482527822105573,0.24442318017775108,
35_set2_rally20_ball10_Clear.mp4,Clear,success,61.0,61.0,100.0,0.6477482855122425,0.6477482855122425,
35_set2_rally22_ball4_Clear.mp4,Clear,success,61.0,61.0,100.0,0.643678560334832,0.643678560334832,
35_set2_rally22_ball8_Clear.mp4,Clear,success,61.0,61.0,100.0,0.582322581695699,0.582322581695699,
35_set2_rally22_ball14_Clear.mp4,Clear,success,61.0,61.0,100.0,0.573422058804217,0.573422058804217,
35_set2_rally22_ball17_Clear.mp4,Clear,success,61.0,61.0,100.0,0.5555327385460418,0.5555327385460418,
35_set2_rally22_ball18_Clear.mp4,Clear,success,61.0,61.0,100.0,0.5431847301831351,0.5431847301831351,
35_set2_rally22_ball19_Smash.mp4,Smash,success,61.0,61.0,100.0,0.5768815073153671,0.5768815073153671,
35_set2_rally24_ball2_Smash.mp4,Smash,success,61.0,11.0,18.0327868852459,0.5623166980144899,0.10140137177310474,
35_set2_rally24_ball4_Smash.mp4,Smash,success,61.0,61.0,100.0,0.6309222252380968,0.6309222252380968,
35_set2_rally25_ball6_Clear.mp4,Clear,success,61.0,61.0,100.0,0.877725347943171,0.877725347943171,
35_set2_rally25_ball7_Clear.mp4,Clear,success,61.0,61.0,100.0,0.8935328266526477,0.8935328266526477,
35_set2_rally25_ball8_Smash.mp4,Smash,success,61.0,61.0,100.0,0.9017822745053019,0.9017822745053019,
35_set2_rally25_ball11_Clear.mp4,Clear,success,61.0,61.0,100.0,0.8870565738738087,0.8870565738738087,
35_set2_rally25_ball12_Smash.mp4,Smash,success,61.0,61.0,100.0,0.8942657936303341,0.8942657936303341,
35_set2_rally26_ball2_Smash.mp4,Smash,success,61.0,61.0,100.0,0.8673854137956356,0.8673854137956356,
35_set2_rally26_ball4_Smash.mp4,Smash,success,61.0,61.0,100.0,0.9096285178184036,0.9096285178184036,
35_set2_rally26_ball6_Smash.mp4,Smash,success,61.0,61.0,100.0,0.8771673753465282,0.8771673753465282,
35_set2_rally26_ball9_Clear.mp4,Clear,success,61.0,61.0,100.0,0.8692228876561356,0.8692228876561356,
35_set2_rally26_ball10_Clear.mp4,Clear,success,61.0,61.0,100.0,0.8684746206650614,0.8684746206650614,
35_set2_rally26_ball20_Smash.mp4,Smash,success,61.0,61.0,100.0,0.8602540899258732,0.8602540899258732,
35_set2_rally28_ball2_Smash.mp4,Smash,success,61.0,61.0,100.0,0.809580969976301,0.809580969976301,
35_set2_rally28_ball5_Clear.mp4,Clear,success,61.0,61.0,100.0,0.8296997013728062,0.8296997013728062,
35_set2_rally28_ball6_Clear.mp4,Clear,success,61.0,61.0,100.0,0.7684626613336007,0.7684626613336007,
35_set2_rally28_ball9_Smash.mp4,Smash,success,61.0,61.0,100.0,0.8151347526213569,0.8151347526213569,
35_set2_rally28_ball15_Smash.mp4,Smash,success,61.0,61.0,100.0,0.8156452667073593,0.8156452667073593,
35_set2_rally29_ball10_Smash.mp4,Smash,success,61.0,61.0,100.0,0.859558249335649,0.859558249335649,
35_set2_rally30_ball2_Smash.mp4,Smash,success,61.0,61.0,100.0,0.7480468334240579,0.7480468334240579,
35_set2_rally30_ball6_Clear.mp4,Clear,success,61.0,61.0,100.0,0.8455192804173695,0.8455192804173695,
35_set2_rally30_ball13_Clear.mp4,Clear,success,61.0,61.0,100.0,0.8258401546692055,0.8258401546692055,
35_set2_rally30_ball16_Smash.mp4,Smash,success,61.0,61.0,100.0,0.905594057768539,0.905594057768539,
35_set2_rally30_ball19_Clear.mp4,Clear,success,61.0,61.0,100.0,0.8895923028789344,0.8895923028789344,
35_set2_rally30_ball20_Smash.mp4,Smash,success,61.0,61.0,100.0,0.9016164594986399,0.9016164594986399,
35_set2_rally30_ball24_Clear.mp4,Clear,success,61.0,61.0,100.0,0.7677375298239554,0.7677375298239554,
35_set2_rally32_ball7_Smash.mp4,Smash,success,61.0,61.0,100.0,0.8622479203087268,0.8622479203087268,
35_set2_rally33_ball6_Clear.mp4,Clear,success,61.0,61.0,100.0,0.747065228059836,0.747065228059836,
35_set2_rally33_ball10_Clear.mp4,Clear,success,61.0,61.0,100.0,0.7200154945091473,0.7200154945091473,
35_set2_rally33_ball11_Smash.mp4,Smash,success,61.0,61.0,100.0,0.6892644247392694,0.6892644247392694,
35_set2_rally34_ball2_Smash.mp4,Smash,success,61.0,61.0,100.0,0.8222208883385724,0.8222208883385724,
35_set2_rally35_ball3_Clear.mp4,Clear,success,61.0,61.0,100.0,0.6509845811703419,0.6509845811703419,
35_set2_rally36_ball2_Clear.mp4,Clear,success,61.0,39.0,63.934426229508205,0.6945754249103326,0.44407281264758974,
35_set2_rally36_ball3_Smash.mp4,Smash,extraction_failed,,,,,,No poses detected in video
35_set2_rally36_ball9_Clear.mp4,Clear,extraction_failed,,,,,,No poses detected in video
36_set1_rally1_ball6_Clear.mp4,Clear,extraction_failed,,,,,,No poses detected in video
36_set1_rally1_ball9_Smash.mp4,Smash,success,61.0,9.0,14.754098360655737,0.5922818251631476,0.08738584305685784,
36_set1_rally2_ball3_Clear.mp4,Clear,success,61.0,2.0,3.278688524590164,0.5796995394947855,0.019006542278517558,
36_set1_rally2_ball4_Clear.mp4,Clear,extraction_failed,,,,,,No poses detected in video
36_set1_rally2_ball14_Clear.mp4,Clear,extraction_failed,,,,,,No poses detected in video
36_set1_rally2_ball23_Clear.mp4,Clear,success,61.0,61.0,100.0,0.6108910453945797,0.6108910453945797,
36_set1_rally2_ball27_Clear.mp4,Clear,success,61.0,61.0,100.0,0.613970430202364,0.613970430202364,
36_set1_rally2_ball32_Clear.mp4,Clear,success,61.0,61.0,100.0,0.5987605444006198,0.5987605444006198,
36_set1_rally3_ball8_Smash.mp4,Smash,success,61.0,61.0,100.0,0.5588029493146124,0.5588029493146124,
36_set1_rally6_ball2_Smash.mp4,Smash,success,61.0,61.0,100.0,0.5423669991070952,0.5423669991070952,
36_set1_rally7_ball14_Clear.mp4,Clear,success,61.0,33.0,54.09836065573771,0.5526166597639507,0.298956553642793,
36_set1_rally7_ball15_Smash.mp4,Smash,extraction_failed,,,,,,No poses detected in video
36_set1_rally9_ball14_Clear.mp4,Clear,success,61.0,61.0,100.0,0.5705054114673099,0.5705054114673099,
36_set1_rally9_ball23_Clear.mp4,Clear,success,61.0,61.0,100.0,0.5857139193493057,0.5857139193493057,
36_set1_rally9_ball28_Clear.mp4,Clear,success,61.0,61.0,100.0,0.5424075994147399,0.5424075994147399,
36_set1_rally9_ball31_Clear.mp4,Clear,success,61.0,61.0,100.0,0.5277727478115796,0.5277727478115796,
36_set1_rally9_ball32_Clear.mp4,Clear,success,61.0,61.0,100.0,0.5482725210550763,0.5482725210550763,
36_set1_rally9_ball36_Clear.mp4,Clear,success,61.0,61.0,100.0,0.5233412890565955,0.5233412890565955,
36_set1_rally9_ball37_Clear.mp4,Clear,success,61.0,61.0,100.0,0.5010222518384935,0.5010222518384935,
36_set1_rally9_ball38_Clear.mp4,Clear,success,61.0,61.0,100.0,0.5165922604119558,0.5165922604119558,
36_set1_rally9_ball41_Clear.mp4,Clear,success,61.0,61.0,100.0,0.5380518831940939,0.5380518831940939,
36_set1_rally9_ball42_Clear.mp4,Clear,success,61.0,61.0,100.0,0.5192860962017553,0.5192860962017553,
36_set1_rally11_ball5_Smash.mp4,Smash,success,61.0,61.0,100.0,0.5081767027512224,0.5081767027512224,
36_set1_rally13_ball3_Clear.mp4,Clear,success,61.0,61.0,100.0,0.5189947962623981,0.5189947962623981,
36_set1_rally13_ball15_Clear.mp4,Clear,success,61.0,61.0,100.0,0.5521257601551605,0.5521257601551605,
36_set1_rally14_ball4_Clear.mp4,Clear,success,61.0,61.0,100.0,0.5258658537365889,0.5258658537365889,
36_set1_rally14_ball5_Smash.mp4,Smash,success,61.0,61.0,100.0,0.5216461575698335,0.5216461575698335,
36_set1_rally15_ball3_Clear.mp4,Clear,success,61.0,61.0,100.0,0.5041464389398068,0.5041464389398068,
36_set1_rally15_ball4_Smash.mp4,Smash,success,61.0,61.0,100.0,0.5125116450058355,0.5125116450058355,
36_set1_rally15_ball7_Clear.mp4,Clear,success,61.0,61.0,100.0,0.5340905971535963,0.5340905971535963,
36_set1_rally15_ball11_Clear.mp4,Clear,success,61.0,61.0,100.0,0.533695904967147,0.533695904967147,
36_set1_rally15_ball14_Clear.mp4,Clear,success,61.0,61.0,100.0,0.5409643120998475,0.5409643120998475,
36_set1_rally15_ball15_Clear.mp4,Clear,success,61.0,61.0,100.0,0.5260773023430366,0.5260773023430366,
36_set1_rally17_ball14_Clear.mp4,Clear,success,61.0,61.0,100.0,0.5248544035887487,0.5248544035887487,
36_set1_rally17_ball15_Smash.mp4,Smash,success,61.0,61.0,100.0,0.5098506755792844,0.5098506755792844,
36_set1_rally18_ball11_Clear.mp4,Clear,success,61.0,61.0,100.0,0.5154886269769355,0.5154886269769355,
36_set1_rally18_ball12_Smash.mp4,Smash,success,61.0,61.0,100.0,0.5597522643626558,0.5597522643626558,
36_set1_rally20_ball3_Clear.mp4,Clear,success,61.0,61.0,100.0,0.5510930737958906,0.5510930737958906,
36_set1_rally20_ball23_Smash.mp4,Smash,success,61.0,61.0,100.0,0.5359789283267905,0.5359789283267905,
36_set1_rally21_ball5_Smash.mp4,Smash,success,61.0,61.0,100.0,0.5208411205565058,0.5208411205565058,
36_set1_rally21_ball10_Smash.mp4,Smash,success,61.0,61.0,100.0,0.5357272840975712,0.5357272840975712,
36_set1_rally21_ball15_Clear.mp4,Clear,success,61.0,61.0,100.0,0.5385189989761677,0.5385189989761677,
36_set1_rally21_ball16_Smash.mp4,Smash,success,61.0,61.0,100.0,0.5238598475926237,0.5238598475926237,
36_set1_rally22_ball11_Clear.mp4,Clear,success,61.0,61.0,100.0,0.5487827500587508,0.5487827500587508,
36_set1_rally22_ball12_Smash.mp4,Smash,success,61.0,61.0,100.0,0.5314986131566225,0.5314986131566225,
36_set1_rally24_ball6_Smash.mp4,Smash,success,61.0,61.0,100.0,0.5527196902008168,0.5527196902008168,
36_set1_rally25_ball6_Clear.mp4,Clear,success,61.0,61.0,100.0,0.5473842718687058,0.5473842718687058,
36_set1_rally25_ball7_Clear.mp4,Clear,success,61.0,61.0,100.0,0.5509262134673114,0.5509262134673114,
36_set1_rally25_ball8_Smash.mp4,Smash,success,61.0,61.0,100.0,0.5447912498336088,0.5447912498336088,
36_set1_rally27_ball5_Clear.mp4,Clear,success,61.0,61.0,100.0,0.5500340654134892,0.5500340654134892,
36_set1_rally27_ball8_Smash.mp4,Smash,success,61.0,61.0,100.0,0.53126615193759,0.53126615193759,
36_set1_rally28_ball5_Clear.mp4,Clear,success,61.0,61.0,100.0,0.5483556383886683,0.5483556383886683,
36_set1_rally28_ball6_Clear.mp4,Clear,success,61.0,61.0,100.0,0.5400273438919683,0.5400273438919683,
36_set1_rally28_ball7_Smash.mp4,Smash,success,61.0,61.0,100.0,0.5412834526640647,0.5412834526640647,
36_set1_rally28_ball11_Clear.mp4,Clear,success,61.0,61.0,100.0,0.5446761131422642,0.5446761131422642,
36_set1_rally28_ball25_Clear.mp4,Clear,success,61.0,61.0,100.0,0.5457827913691925,0.5457827913691925,
36_set1_rally28_ball29_Clear.mp4,Clear,success,61.0,61.0,100.0,0.5447693226007227,0.5447693226007227,
36_set1_rally28_ball32_Smash.mp4,Smash,success,61.0,61.0,100.0,0.5417956535862201,0.5417956535862201,
36_set1_rally29_ball8_Clear.mp4,Clear,success,61.0,61.0,100.0,0.5418017509403109,0.5418017509403109,
36_set1_rally30_ball3_Clear.mp4,Clear,success,61.0,21.0,34.42622950819672,0.5503780474872187,0.18947440979068186,
36_set1_rally30_ball4_Smash.mp4,Smash,extraction_failed,,,,,,No poses detected in video
36_set1_rally32_ball4_Smash.mp4,Smash,extraction_failed,,,,,,No poses detected in video
36_set1_rally34_ball5_Smash.mp4,Smash,success,61.0,59.0,96.72131147540983,0.5826750371314875,0.5635709375534059,
36_set1_rally34_ball12_Smash.mp4,Smash,success,61.0,26.0,42.62295081967213,0.7751258913262601,0.33038152745053706,
36_set1_rally34_ball17_Clear.mp4,Clear,success,61.0,61.0,100.0,0.9025918701973592,0.9025918701973592,
36_set1_rally34_ball18_Clear.mp4,Clear,success,61.0,61.0,100.0,0.8372927747270802,0.8372927747270802,
36_set1_rally34_ball19_Clear.mp4,Clear,success,61.0,61.0,100.0,0.8315384594646782,0.8315384594646782,
36_set1_rally34_ball20_Smash.mp4,Smash,success,61.0,61.0,100.0,0.8354344715378619,0.8354344715378619,
36_set1_rally38_ball2_Smash.mp4,Smash,success,61.0,61.0,100.0,0.865795940634509,0.865795940634509,
36_set1_rally40_ball7_Smash.mp4,Smash,extraction_failed,,,,,,No poses detected in video
36_set1_rally40_ball19_Clear.mp4,Clear,extraction_failed,,,,,,No poses detected in video
36_set1_rally40_ball20_Clear.mp4,Clear,success,61.0,7.0,11.475409836065573,0.7836611837277682,0.08992833255892421,
36_set1_rally40_ball21_Smash.mp4,Smash,extraction_failed,,,,,,No poses detected in video
36_set2_rally2_ball3_Clear.mp4,Clear,success,61.0,61.0,100.0,0.6186180067638659,0.6186180067638659,
36_set2_rally2_ball4_Clear.mp4,Clear,success,61.0,61.0,100.0,0.5367483241465988,0.5367483241465988,
36_set2_rally2_ball5_Smash.mp4,Smash,success,61.0,61.0,100.0,0.5515767268742117,0.5515767268742117,
36_set2_rally2_ball11_Clear.mp4,Clear,success,61.0,61.0,100.0,0.5718700108796144,0.5718700108796144,
36_set2_rally2_ball12_Clear.mp4,Clear,success,61.0,61.0,100.0,0.6214724278176491,0.6214724278176491,
36_set2_rally2_ball13_Clear.mp4,Clear,success,61.0,61.0,100.0,0.6373002436243357,0.6373002436243357,
36_set2_rally4_ball4_Clear.mp4,Clear,success,61.0,47.0,77.04918032786885,0.6061709396030671,0.46704974034990415,
36_set2_rally4_ball7_Clear.mp4,Clear,success,61.0,25.0,40.98360655737705,0.6097802164715511,0.24990992478342258,
36_set2_rally4_ball10_Clear.mp4,Clear,success,61.0,49.0,80.32786885245902,0.5806299192410729,0.46640764004610774,
36_set2_rally4_ball11_Smash.mp4,Smash,success,61.0,59.0,96.72131147540983,0.6019295780496164,0.5821941820479897,
36_set2_rally5_ball10_Smash.mp4,Smash,success,61.0,17.0,27.86885245901639,0.6050965800091173,0.16863347311729496,
36_set2_rally8_ball7_Smash.mp4,Smash,success,61.0,61.0,100.0,0.5899213777236935,0.5899213777236935,
36_set2_rally10_ball8_Clear.mp4,Clear,success,61.0,46.0,75.40983606557377,0.5930853011767588,0.4472446533464083,
36_set2_rally10_ball13_Smash.mp4,Smash,success,61.0,61.0,100.0,0.6122917882557746,0.6122917882557746,
36_set2_rally11_ball3_Clear.mp4,Clear,success,61.0,36.0,59.01639344262295,0.5597593384255539,0.3303497734970482,
36_set2_rally11_ball4_Smash.mp4,Smash,success,61.0,16.0,26.229508196721312,0.5959227933745944,0.15630761793431985,
36_set2_rally11_ball10_Smash.mp4,Smash,success,61.0,2.0,3.278688524590164,0.6030304394380162,0.019771489817639876,
36_set2_rally11_ball14_Clear.mp4,Clear,success,61.0,59.0,96.72131147540983,0.5906794671434192,0.5713129272370776,
36_set2_rally11_ball15_Smash.mp4,Smash,success,61.0,61.0,100.0,0.5775000351114256,0.5775000351114256,
36_set2_rally11_ball17_Clear.mp4,Clear,success,61.0,16.0,26.229508196721312,0.5903788106860938,0.15485345854061477,
36_set2_rally12_ball7_Clear.mp4,Clear,success,61.0,5.0,8.19672131147541,0.578922486158483,0.04745266279987565,
36_set2_rally12_ball8_Smash.mp4,Smash,success,61.0,61.0,100.0,0.6054130123802276,0.6054130123802276,
36_set2_rally16_ball2_Smash.mp4,Smash,success,61.0,14.0,22.950819672131146,0.5482107311918223,0.12581885633910675,
36_set2_rally16_ball6_Clear.mp4,Clear,success,61.0,61.0,100.0,0.5683968436755739,0.5683968436755739,
36_set2_rally16_ball7_Smash.mp4,Smash,success,61.0,27.0,44.26229508196721,0.554320610553762,0.24535502434346843,
36_set2_rally19_ball3_Clear.mp4,Clear,success,61.0,31.0,50.81967213114754,0.6053525052422827,0.3076381584018158,
36_set2_rally19_ball8_Smash.mp4,Smash,success,61.0,15.0,24.59016393442623,0.6234475687597736,0.153306779203223,
36_set2_rally20_ball4_Clear.mp4,Clear,success,61.0,27.0,44.26229508196721,0.5994868485600823,0.26534663788724955,
36_set2_rally20_ball5_Clear.mp4,Clear,success,61.0,47.0,77.04918032786885,0.5796785235404969,0.44663755092464513,
36_set2_rally20_ball6_Smash.mp4,Smash,extraction_failed,,,,,,No poses detected in video
36_set2_rally22_ball7_Smash.mp4,Smash,success,61.0,57.0,93.44262295081968,0.6039645231496065,0.5643602921234029,
36_set2_rally23_ball5_Smash.mp4,Smash,success,61.0,1.0,1.639344262295082,0.5945790484547615,0.009747197515651828,
36_set2_rally24_ball5_Smash.mp4,Smash,success,61.0,1.0,1.639344262295082,0.5986698421113419,0.00981425970674331,
36_set2_rally24_ball9_Clear.mp4,Clear,success,61.0,3.0,4.918032786885246,0.599329510045172,0.02947522180550026,
36_set2_rally24_ball15_Smash.mp4,Smash,success,61.0,56.0,91.80327868852459,0.6058986419519548,0.5562348188411388,
36_set2_rally25_ball4_Clear.mp4,Clear,success,61.0,49.0,80.32786885245902,0.5954697353934699,0.47832814810295127,
36_set2_rally25_ball5_Smash.mp4,Smash,success,61.0,61.0,100.0,0.6448723435849766,0.6448723435849766,
36_set2_rally25_ball7_Clear.mp4,Clear,success,61.0,59.0,96.72131147540983,0.6239529896229047,0.6034955145533012,
36_set2_rally25_ball8_Clear.mp4,Clear,success,61.0,22.0,36.0655737704918,0.618419724362022,0.2230366219010571,
36_set2_rally26_ball3_Clear.mp4,Clear,success,61.0,61.0,100.0,0.5890048833145299,0.5890048833145299,
36_set2_rally27_ball4_Smash.mp4,Smash,success,61.0,24.0,39.34426229508197,0.6002241124399006,0.2361537491566822,
36_set2_rally27_ball8_Clear.mp4,Clear,success,61.0,61.0,100.0,0.6405465360545827,0.6405465360545827,
36_set2_rally27_ball9_Smash.mp4,Smash,success,61.0,61.0,100.0,0.6546517953191506,0.6546517953191506,
36_set2_rally28_ball3_Smash.mp4,Smash,success,61.0,50.0,81.9672131147541,0.5952985736434206,0.487949650527394,
37_set1_rally1_ball6_Clear.mp4,Clear,extraction_failed,,,,,,No poses detected in video
37_set1_rally2_ball11_Smash.mp4,Smash,extraction_failed,,,,,,No poses detected in video
37_set1_rally3_ball8_Clear.mp4,Clear,success,61.0,44.0,72.1311475409836,0.593061987490242,0.4277824172060762,
37_set1_rally3_ball9_Smash.mp4,Smash,success,61.0,61.0,100.0,0.5487574346944638,0.5487574346944638,
37_set1_rally5_ball18_Clear.mp4,Clear,success,61.0,61.0,100.0,0.5679225515180036,0.5679225515180036,
37_set1_rally5_ball24_Clear.mp4,Clear,success,61.0,61.0,100.0,0.611053965163176,0.611053965163176,
37_set1_rally5_ball33_Clear.mp4,Clear,success,61.0,61.0,100.0,0.5871365881042432,0.5871365881042432,
37_set1_rally5_ball42_Clear.mp4,Clear,success,61.0,61.0,100.0,0.5605220713565227,0.5605220713565227,
37_set1_rally6_ball3_Clear.mp4,Clear,success,61.0,61.0,100.0,0.5783221229995978,0.5783221229995978,
37_set1_rally6_ball4_Smash.mp4,Smash,success,61.0,61.0,100.0,0.5992000705023914,0.5992000705023914,
37_set1_rally6_ball15_Smash.mp4,Smash,success,61.0,61.0,100.0,0.5991046818734783,0.5991046818734783,
37_set1_rally6_ball17_Smash.mp4,Smash,success,61.0,61.0,100.0,0.5906316828328729,0.5906316828328729,
37_set1_rally6_ball21_Clear.mp4,Clear,success,61.0,61.0,100.0,0.5741150680891486,0.5741150680891486,
37_set1_rally6_ball22_Clear.mp4,Clear,success,61.0,47.0,77.04918032786885,0.5615844543184683,0.43269621890111487,
37_set1_rally8_ball8_Smash.mp4,Smash,extraction_failed,,,,,,No poses detected in video
37_set1_rally8_ball22_Clear.mp4,Clear,extraction_failed,,,,,,No poses detected in video
37_set1_rally8_ball23_Smash.mp4,Smash,success,61.0,61.0,100.0,0.5520965018107474,0.5520965018107474,
37_set1_rally9_ball4_Smash.mp4,Smash,success,61.0,61.0,100.0,0.5840238666243323,0.5840238666243323,
37_set1_rally10_ball4_Clear.mp4,Clear,success,61.0,61.0,100.0,0.544316422769784,0.544316422769784,
37_set1_rally10_ball5_Smash.mp4,Smash,success,61.0,61.0,100.0,0.5652272218965103,0.5652272218965103,
37_set1_rally10_ball12_Clear.mp4,Clear,success,61.0,61.0,100.0,0.5682711536809616,0.5682711536809616,
37_set1_rally12_ball4_Smash.mp4,Smash,success,61.0,61.0,100.0,0.565031584151463,0.565031584151463,
37_set1_rally13_ball14_Clear.mp4,Clear,success,61.0,61.0,100.0,0.5934778964780806,0.5934778964780806,
37_set1_rally15_ball7_Smash.mp4,Smash,success,61.0,61.0,100.0,0.5663454253254278,0.5663454253254278,
37_set1_rally15_ball10_Smash.mp4,Smash,success,61.0,61.0,100.0,0.5814522837547301,0.5814522837547301,
37_set1_rally17_ball18_Clear.mp4,Clear,success,61.0,52.0,85.24590163934425,0.5595442411730757,0.47698853345901526,
37_set1_rally18_ball4_Clear.mp4,Clear,extraction_failed,,,,,,No poses detected in video
37_set1_rally18_ball5_Smash.mp4,Smash,extraction_failed,,,,,,No poses detected in video
37_set1_rally20_ball19_Clear.mp4,Clear,extraction_failed,,,,,,No poses detected in video
37_set1_rally20_ball20_Smash.mp4,Smash,success,61.0,61.0,100.0,0.5472954979964004,0.5472954979964004,
37_set1_rally21_ball26_Clear.mp4,Clear,success,61.0,61.0,100.0,0.5597386813513896,0.5597386813513896,
37_set1_rally21_ball27_Clear.mp4,Clear,success,61.0,61.0,100.0,0.5616813263889647,0.5616813263889647,
37_set1_rally21_ball31_Clear.mp4,Clear,success,61.0,61.0,100.0,0.5588239210898818,0.5588239210898818,
37_set1_rally22_ball11_Clear.mp4,Clear,success,61.0,61.0,100.0,0.5557941995113274,0.5557941995113274,
37_set1_rally22_ball12_Clear.mp4,Clear,success,61.0,61.0,100.0,0.5676108339252725,0.5676108339252725,
37_set1_rally23_ball2_Smash.mp4,Smash,extraction_failed,,,,,,No poses detected in video
37_set1_rally27_ball2_Smash.mp4,Smash,success,61.0,36.0,59.01639344262295,0.599478425774786,0.3537905463588901,
37_set1_rally27_ball7_Clear.mp4,Clear,extraction_failed,,,,,,No poses detected in video
37_set1_rally27_ball8_Smash.mp4,Smash,extraction_failed,,,,,,No poses detected in video
37_set1_rally30_ball3_Clear.mp4,Clear,extraction_failed,,,,,,No poses detected in video
37_set1_rally30_ball4_Smash.mp4,Smash,success,61.0,7.0,11.475409836065573,0.5441275146422964,0.06244086233600121,
37_set1_rally31_ball4_Clear.mp4,Clear,extraction_failed,,,,,,No poses detected in video
37_set1_rally31_ball9_Clear.mp4,Clear,extraction_failed,,,,,,No poses detected in video
37_set1_rally31_ball10_Smash.mp4,Smash,success,61.0,30.0,49.18032786885246,0.7608016171426788,0.374164729742301,
37_set1_rally32_ball4_Clear.mp4,Clear,success,61.0,6.0,9.836065573770492,0.7692232100349483,0.07566129934769983,
37_set1_rally32_ball5_Clear.mp4,Clear,success,61.0,61.0,100.0,0.6052044110009016,0.6052044110009016,
37_set1_rally32_ball9_Clear.mp4,Clear,success,61.0,61.0,100.0,0.6264103058997637,0.6264103058997637,
37_set1_rally32_ball10_Clear.mp4,Clear,success,61.0,61.0,100.0,0.5863716486319567,0.5863716486319567,
37_set2_rally1_ball10_Clear.mp4,Clear,success,61.0,61.0,100.0,0.5551984306638602,0.5551984306638602,
37_set2_rally1_ball11_Smash.mp4,Smash,success,61.0,61.0,100.0,0.5469627749337687,0.5469627749337687,
37_set2_rally2_ball4_Clear.mp4,Clear,success,61.0,61.0,100.0,0.5491914322527596,0.5491914322527596,
37_set2_rally2_ball16_Clear.mp4,Clear,success,61.0,61.0,100.0,0.5765796081786184,0.5765796081786184,
37_set2_rally2_ball17_Smash.mp4,Smash,success,61.0,61.0,100.0,0.560523620562353,0.560523620562353,
37_set2_rally2_ball28_Smash.mp4,Smash,success,61.0,61.0,100.0,0.5369659580722437,0.5369659580722437,
37_set2_rally3_ball12_Clear.mp4,Clear,success,61.0,61.0,100.0,0.558326958937749,0.558326958937749,
37_set2_rally3_ball13_Smash.mp4,Smash,success,61.0,61.0,100.0,0.5485435232309133,0.5485435232309133,
37_set2_rally4_ball6_Clear.mp4,Clear,success,61.0,61.0,100.0,0.5573699917899647,0.5573699917899647,
37_set2_rally5_ball12_Clear.mp4,Clear,success,61.0,61.0,100.0,0.5419010670200524,0.5419010670200524,
37_set2_rally5_ball16_Clear.mp4,Clear,success,61.0,61.0,100.0,0.5585324851152015,0.5585324851152015,
37_set2_rally5_ball17_Clear.mp4,Clear,success,61.0,61.0,100.0,0.5832447494887706,0.5832447494887706,
37_set2_rally5_ball32_Clear.mp4,Clear,success,61.0,61.0,100.0,0.5511034061994369,0.5511034061994369,
37_set2_rally5_ball33_Clear.mp4,Clear,success,61.0,61.0,100.0,0.5464977663277775,0.5464977663277775,
37_set2_rally5_ball37_Smash.mp4,Smash,success,61.0,61.0,100.0,0.5685926109489463,0.5685926109489463,
37_set2_rally7_ball4_Smash.mp4,Smash,success,61.0,61.0,100.0,0.5355878558150511,0.5355878558150511,
37_set2_rally7_ball7_Smash.mp4,Smash,success,61.0,61.0,100.0,0.521225815474889,0.521225815474889,
37_set2_rally7_ball16_Clear.mp4,Clear,success,61.0,61.0,100.0,0.5552889555766697,0.5552889555766697,
37_set2_rally7_ball19_Smash.mp4,Smash,success,61.0,61.0,100.0,0.5801823224642877,0.5801823224642877,
37_set2_rally12_ball13_Clear.mp4,Clear,success,61.0,61.0,100.0,0.5423873357363305,0.5423873357363305,
37_set2_rally13_ball6_Smash.mp4,Smash,success,61.0,61.0,100.0,0.5332110152055657,0.5332110152055657,
37_set2_rally13_ball8_Smash.mp4,Smash,success,61.0,61.0,100.0,0.5334459167483674,0.5334459167483674,
37_set2_rally15_ball6_Smash.mp4,Smash,success,61.0,61.0,100.0,0.5353651091084439,0.5353651091084439,
37_set2_rally15_ball8_Clear.mp4,Clear,success,61.0,61.0,100.0,0.5430511692543484,0.5430511692543484,
37_set2_rally15_ball9_Smash.mp4,Smash,success,61.0,61.0,100.0,0.5340838142695211,0.5340838142695211,
37_set2_rally15_ball13_Smash.mp4,Smash,success,61.0,61.0,100.0,0.530088916602297,0.530088916602297,
37_set2_rally17_ball6_Smash.mp4,Smash,success,61.0,61.0,100.0,0.5374243031901303,0.5374243031901303,
37_set2_rally17_ball11_Clear.mp4,Clear,success,61.0,61.0,100.0,0.5298506006891333,0.5298506006891333,
37_set2_rally17_ball12_Clear.mp4,Clear,success,61.0,61.0,100.0,0.5265228444522074,0.5265228444522074,
37_set2_rally17_ball15_Clear.mp4,Clear,success,61.0,61.0,100.0,0.5273282143347042,0.5273282143347042,
37_set2_rally17_ball18_Smash.mp4,Smash,success,61.0,61.0,100.0,0.5323792658121659,0.5323792658121659,
37_set2_rally18_ball8_Smash.mp4,Smash,success,61.0,61.0,100.0,0.5424118562787957,0.5424118562787957,
37_set2_rally20_ball12_Clear.mp4,Clear,success,61.0,61.0,100.0,0.5293439943160652,0.5293439943160652,
37_set2_rally20_ball13_Smash.mp4,Smash,success,61.0,61.0,100.0,0.5291753311639664,0.5291753311639664,
37_set2_rally20_ball17_Smash.mp4,Smash,success,61.0,61.0,100.0,0.523948264091289,0.523948264091289,
37_set2_rally21_ball14_Smash.mp4,Smash,success,61.0,61.0,100.0,0.5311431601683814,0.5311431601683814,
37_set2_rally21_ball19_Smash.mp4,Smash,success,61.0,61.0,100.0,0.5298453018143754,0.5298453018143754,
37_set2_rally23_ball3_Smash.mp4,Smash,success,61.0,61.0,100.0,0.5556721502097977,0.5556721502097977,
37_set2_rally26_ball3_Smash.mp4,Smash,success,61.0,61.0,100.0,0.5762881629601107,0.5762881629601107,
37_set2_rally28_ball3_Smash.mp4,Smash,success,61.0,61.0,100.0,0.5598736812781137,0.5598736812781137,
38_set1_rally1_ball10_Clear.mp4,Clear,success,61.0,7.0,11.475409836065573,0.6011519602528124,0.06898465117655223,
38_set1_rally2_ball2_Smash.mp4,Smash,extraction_failed,,,,,,No poses detected in video
38_set1_rally3_ball2_Smash.mp4,Smash,extraction_failed,,,,,,No poses detected in video
38_set1_rally4_ball2_Smash.mp4,Smash,extraction_failed,,,,,,No poses detected in video
38_set1_rally5_ball2_Smash.mp4,Smash,extraction_failed,,,,,,No poses detected in video
38_set1_rally7_ball2_Smash.mp4,Smash,extraction_failed,,,,,,No poses detected in video
38_set1_rally8_ball3_Clear.mp4,Clear,extraction_failed,,,,,,No poses detected in video
38_set1_rally9_ball2_Smash.mp4,Smash,extraction_failed,,,,,,No poses detected in video
38_set1_rally10_ball2_Smash.mp4,Smash,extraction_failed,,,,,,No poses detected in video
38_set1_rally11_ball3_Smash.mp4,Smash,extraction_failed,,,,,,No poses detected in video
38_set1_rally12_ball2_Smash.mp4,Smash,extraction_failed,,,,,,No poses detected in video
38_set1_rally13_ball2_Smash.mp4,Smash,extraction_failed,,,,,,No poses detected in video
38_set1_rally14_ball3_Clear.mp4,Clear,extraction_failed,,,,,,No poses detected in video
38_set1_rally15_ball2_Smash.mp4,Smash,extraction_failed,,,,,,No poses detected in video
38_set1_rally16_ball3_Smash.mp4,Smash,extraction_failed,,,,,,No poses detected in video
38_set1_rally18_ball4_Smash.mp4,Smash,extraction_failed,,,,,,No poses detected in video
38_set1_rally19_ball5_Clear.mp4,Clear,extraction_failed,,,,,,No poses detected in video
38_set1_rally20_ball2_Smash.mp4,Smash,extraction_failed,,,,,,No poses detected in video
38_set1_rally21_ball2_Clear.mp4,Clear,success,61.0,1.0,1.639344262295082,0.6257076252138976,0.010257502052686846,
38_set1_rally21_ball3_Clear.mp4,Clear,extraction_failed,,,,,,No poses detected in video
38_set1_rally21_ball4_Clear.mp4,Clear,extraction_failed,,,,,,No poses detected in video
38_set1_rally21_ball5_Clear.mp4,Clear,success,61.0,20.0,32.78688524590164,0.5846451321108774,0.1916869285609434,
38_set1_rally21_ball10_Clear.mp4,Clear,extraction_failed,,,,,,No poses detected in video
38_set1_rally21_ball14_Clear.mp4,Clear,extraction_failed,,,,,,No poses detected in video
38_set1_rally22_ball3_Smash.mp4,Smash,extraction_failed,,,,,,No poses detected in video
38_set1_rally22_ball7_Clear.mp4,Clear,extraction_failed,,,,,,No poses detected in video
38_set1_rally22_ball8_Smash.mp4,Smash,extraction_failed,,,,,,No poses detected in video
38_set1_rally22_ball11_Clear.mp4,Clear,extraction_failed,,,,,,No poses detected in video
38_set1_rally22_ball12_Clear.mp4,Clear,extraction_failed,,,,,,No poses detected in video
38_set1_rally22_ball15_Smash.mp4,Smash,extraction_failed,,,,,,No poses detected in video
38_set1_rally22_ball18_Smash.mp4,Smash,extraction_failed,,,,,,No poses detected in video
38_set1_rally23_ball2_Clear.mp4,Clear,extraction_failed,,,,,,No poses detected in video
38_set1_rally23_ball3_Clear.mp4,Clear,extraction_failed,,,,,,No poses detected in video
38_set1_rally24_ball4_Smash.mp4,Smash,extraction_failed,,,,,,No poses detected in video
38_set1_rally24_ball6_Smash.mp4,Smash,extraction_failed,,,,,,No poses detected in video
38_set1_rally24_ball8_Smash.mp4,Smash,extraction_failed,,,,,,No poses detected in video
38_set1_rally24_ball10_Smash.mp4,Smash,extraction_failed,,,,,,No poses detected in video
38_set1_rally25_ball2_Smash.mp4,Smash,extraction_failed,,,,,,No poses detected in video
38_set1_rally26_ball4_Clear.mp4,Clear,extraction_failed,,,,,,No poses detected in video
38_set1_rally26_ball5_Clear.mp4,Clear,extraction_failed,,,,,,No poses detected in video
38_set1_rally26_ball6_Clear.mp4,Clear,extraction_failed,,,,,,No poses detected in video
38_set1_rally28_ball2_Smash.mp4,Smash,extraction_failed,,,,,,No poses detected in video
38_set1_rally28_ball4_Smash.mp4,Smash,extraction_failed,,,,,,No poses detected in video
38_set1_rally29_ball2_Smash.mp4,Smash,extraction_failed,,,,,,No poses detected in video
38_set1_rally29_ball5_Clear.mp4,Clear,extraction_failed,,,,,,No poses detected in video
38_set1_rally29_ball12_Smash.mp4,Smash,extraction_failed,,,,,,No poses detected in video
38_set1_rally30_ball3_Clear.mp4,Clear,extraction_failed,,,,,,No poses detected in video
38_set1_rally30_ball4_Smash.mp4,Smash,extraction_failed,,,,,,No poses detected in video
38_set1_rally30_ball14_Smash.mp4,Smash,extraction_failed,,,,,,No poses detected in video
38_set1_rally30_ball23_Clear.mp4,Clear,extraction_failed,,,,,,No poses detected in video
38_set1_rally30_ball26_Smash.mp4,Smash,extraction_failed,,,,,,No poses detected in video
38_set1_rally31_ball2_Smash.mp4,Smash,extraction_failed,,,,,,No poses detected in video
38_set1_rally31_ball10_Smash.mp4,Smash,extraction_failed,,,,,,No poses detected in video
38_set1_rally33_ball2_Clear.mp4,Clear,extraction_failed,,,,,,No poses detected in video
38_set1_rally33_ball3_Clear.mp4,Clear,extraction_failed,,,,,,No poses detected in video
38_set1_rally34_ball2_Clear.mp4,Clear,extraction_failed,,,,,,No poses detected in video
38_set1_rally35_ball2_Smash.mp4,Smash,success,61.0,8.0,13.114754098360656,0.5354877022857016,0.07022789538173137,
38_set1_rally36_ball2_Smash.mp4,Smash,extraction_failed,,,,,,No poses detected in video
38_set1_rally37_ball4_Clear.mp4,Clear,extraction_failed,,,,,,No poses detected in video
38_set1_rally37_ball8_Clear.mp4,Clear,extraction_failed,,,,,,No poses detected in video
38_set1_rally37_ball9_Smash.mp4,Smash,success,61.0,1.0,1.639344262295082,0.5147561543818676,0.00843862548166996,
38_set2_rally1_ball2_Smash.mp4,Smash,extraction_failed,,,,,,No poses detected in video
38_set2_rally1_ball8_Clear.mp4,Clear,extraction_failed,,,,,,No poses detected in video
38_set2_rally1_ball9_Clear.mp4,Clear,extraction_failed,,,,,,No poses detected in video
38_set2_rally1_ball10_Clear.mp4,Clear,extraction_failed,,,,,,No poses detected in video
38_set2_rally1_ball18_Clear.mp4,Clear,extraction_failed,,,,,,No poses detected in video
38_set2_rally1_ball19_Clear.mp4,Clear,extraction_failed,,,,,,No poses detected in video
38_set2_rally2_ball2_Smash.mp4,Smash,success,61.0,1.0,1.639344262295082,0.5364969329852046,0.008795031688282044,
38_set2_rally2_ball4_Clear.mp4,Clear,extraction_failed,,,,,,No poses detected in video
38_set2_rally2_ball5_Clear.mp4,Clear,extraction_failed,,,,,,No poses detected in video
38_set2_rally3_ball2_Clear.mp4,Clear,extraction_failed,,,,,,No poses detected in video
38_set2_rally3_ball3_Smash.mp4,Smash,extraction_failed,,,,,,No poses detected in video
38_set2_rally5_ball2_Clear.mp4,Clear,extraction_failed,,,,,,No poses detected in video
38_set2_rally5_ball3_Clear.mp4,Clear,extraction_failed,,,,,,No poses detected in video
38_set2_rally5_ball7_Clear.mp4,Clear,extraction_failed,,,,,,No poses detected in video
38_set2_rally6_ball2_Smash.mp4,Smash,extraction_failed,,,,,,No poses detected in video
38_set2_rally7_ball4_Clear.mp4,Clear,extraction_failed,,,,,,No poses detected in video
38_set2_rally7_ball5_Clear.mp4,Clear,extraction_failed,,,,,,No poses detected in video
38_set2_rally7_ball6_Clear.mp4,Clear,extraction_failed,,,,,,No poses detected in video
38_set2_rally7_ball9_Clear.mp4,Clear,extraction_failed,,,,,,No poses detected in video
38_set2_rally7_ball10_Clear.mp4,Clear,extraction_failed,,,,,,No poses detected in video
38_set2_rally7_ball13_Clear.mp4,Clear,extraction_failed,,,,,,No poses detected in video
38_set2_rally7_ball14_Smash.mp4,Smash,extraction_failed,,,,,,No poses detected in video
38_set2_rally7_ball22_Clear.mp4,Clear,extraction_failed,,,,,,No poses detected in video
38_set2_rally7_ball23_Clear.mp4,Clear,extraction_failed,,,,,,No poses detected in video
38_set2_rally8_ball9_Clear.mp4,Clear,extraction_failed,,,,,,No poses detected in video
38_set2_rally10_ball4_Clear.mp4,Clear,extraction_failed,,,,,,No poses detected in video
38_set2_rally10_ball7_Clear.mp4,Clear,extraction_failed,,,,,,No poses detected in video
38_set2_rally10_ball8_Smash.mp4,Smash,extraction_failed,,,,,,No poses detected in video
38_set2_rally11_ball4_Clear.mp4,Clear,extraction_failed,,,,,,No poses detected in video
38_set2_rally11_ball5_Smash.mp4,Smash,extraction_failed,,,,,,No poses detected in video
38_set2_rally12_ball6_Smash.mp4,Smash,extraction_failed,,,,,,No poses detected in video
38_set2_rally13_ball4_Clear.mp4,Clear,extraction_failed,,,,,,No poses detected in video
38_set2_rally13_ball5_Smash.mp4,Smash,extraction_failed,,,,,,No poses detected in video
38_set2_rally14_ball4_Clear.mp4,Clear,extraction_failed,,,,,,No poses detected in video
38_set2_rally14_ball7_Smash.mp4,Smash,extraction_failed,,,,,,No poses detected in video
38_set2_rally14_ball9_Smash.mp4,Smash,extraction_failed,,,,,,No poses detected in video
38_set2_rally14_ball14_Clear.mp4,Clear,extraction_failed,,,,,,No poses detected in video
38_set2_rally15_ball2_Smash.mp4,Smash,extraction_failed,,,,,,No poses detected in video
38_set2_rally16_ball2_Clear.mp4,Clear,extraction_failed,,,,,,No poses detected in video
38_set2_rally16_ball3_Clear.mp4,Clear,extraction_failed,,,,,,No poses detected in video
38_set2_rally16_ball4_Clear.mp4,Clear,extraction_failed,,,,,,No poses detected in video
38_set2_rally18_ball2_Smash.mp4,Smash,extraction_failed,,,,,,No poses detected in video
38_set2_rally18_ball5_Clear.mp4,Clear,extraction_failed,,,,,,No poses detected in video
38_set2_rally18_ball6_Smash.mp4,Smash,extraction_failed,,,,,,No poses detected in video
38_set2_rally20_ball3_Clear.mp4,Clear,extraction_failed,,,,,,No poses detected in video
38_set2_rally20_ball4_Smash.mp4,Smash,extraction_failed,,,,,,No poses detected in video
38_set2_rally22_ball5_Smash.mp4,Smash,extraction_failed,,,,,,No poses detected in video
38_set2_rally24_ball4_Clear.mp4,Clear,extraction_failed,,,,,,No poses detected in video
38_set2_rally24_ball5_Clear.mp4,Clear,extraction_failed,,,,,,No poses detected in video
38_set2_rally24_ball6_Clear.mp4,Clear,extraction_failed,,,,,,No poses detected in video
38_set2_rally25_ball3_Clear.mp4,Clear,extraction_failed,,,,,,No poses detected in video
38_set2_rally25_ball4_Clear.mp4,Clear,extraction_failed,,,,,,No poses detected in video
38_set2_rally25_ball5_Smash.mp4,Smash,extraction_failed,,,,,,No poses detected in video
38_set2_rally26_ball3_Clear.mp4,Clear,extraction_failed,,,,,,No poses detected in video
38_set2_rally26_ball4_Clear.mp4,Clear,extraction_failed,,,,,,No poses detected in video
38_set2_rally26_ball5_Clear.mp4,Clear,extraction_failed,,,,,,No poses detected in video
38_set2_rally26_ball6_Clear.mp4,Clear,extraction_failed,,,,,,No poses detected in video
38_set2_rally27_ball2_Smash.mp4,Smash,extraction_failed,,,,,,No poses detected in video
38_set2_rally28_ball4_Clear.mp4,Clear,extraction_failed,,,,,,No poses detected in video
38_set2_rally28_ball5_Smash.mp4,Smash,extraction_failed,,,,,,No poses detected in video
38_set2_rally28_ball7_Clear.mp4,Clear,extraction_failed,,,,,,No poses detected in video
38_set2_rally28_ball12_Clear.mp4,Clear,extraction_failed,,,,,,No poses detected in video
38_set2_rally28_ball15_Clear.mp4,Clear,extraction_failed,,,,,,No poses detected in video
38_set2_rally28_ball16_Clear.mp4,Clear,extraction_failed,,,,,,No poses detected in video
38_set2_rally28_ball17_Smash.mp4,Smash,extraction_failed,,,,,,No poses detected in video
38_set2_rally28_ball19_Smash.mp4,Smash,extraction_failed,,,,,,No poses detected in video
38_set2_rally29_ball2_Smash.mp4,Smash,extraction_failed,,,,,,No poses detected in video
38_set2_rally32_ball4_Clear.mp4,Clear,extraction_failed,,,,,,No poses detected in video
38_set2_rally33_ball2_Smash.mp4,Smash,extraction_failed,,,,,,No poses detected in video
38_set2_rally34_ball2_Clear.mp4,Clear,extraction_failed,,,,,,No poses detected in video
38_set2_rally35_ball2_Smash.mp4,Smash,success,61.0,6.0,9.836065573770492,0.6258495172316377,0.06155896890802994,
38_set3_rally1_ball2_Smash.mp4,Smash,extraction_failed,,,,,,No poses detected in video
38_set3_rally1_ball5_Smash.mp4,Smash,extraction_failed,,,,,,No poses detected in video
38_set3_rally2_ball2_Smash.mp4,Smash,extraction_failed,,,,,,No poses detected in video
38_set3_rally3_ball4_Clear.mp4,Clear,extraction_failed,,,,,,No poses detected in video
38_set3_rally3_ball5_Smash.mp4,Smash,extraction_failed,,,,,,No poses detected in video
38_set3_rally5_ball2_Clear.mp4,Clear,extraction_failed,,,,,,No poses detected in video
38_set3_rally6_ball2_Smash.mp4,Smash,extraction_failed,,,,,,No poses detected in video
38_set3_rally7_ball4_Clear.mp4,Clear,extraction_failed,,,,,,No poses detected in video
38_set3_rally7_ball5_Smash.mp4,Smash,extraction_failed,,,,,,No poses detected in video
38_set3_rally8_ball2_Smash.mp4,Smash,extraction_failed,,,,,,No poses detected in video
38_set3_rally9_ball4_Clear.mp4,Clear,extraction_failed,,,,,,No poses detected in video
38_set3_rally9_ball5_Smash.mp4,Smash,extraction_failed,,,,,,No poses detected in video
38_set3_rally10_ball2_Smash.mp4,Smash,success,61.0,7.0,11.475409836065573,0.6263804235112616,0.0718797207308005,
38_set3_rally10_ball9_Clear.mp4,Clear,extraction_failed,,,,,,No poses detected in video
38_set3_rally11_ball2_Smash.mp4,Smash,extraction_failed,,,,,,No poses detected in video
38_set3_rally12_ball4_Clear.mp4,Clear,extraction_failed,,,,,,No poses detected in video
38_set3_rally13_ball2_Smash.mp4,Smash,extraction_failed,,,,,,No poses detected in video
38_set3_rally14_ball2_Smash.mp4,Smash,extraction_failed,,,,,,No poses detected in video
38_set3_rally14_ball8_Smash.mp4,Smash,extraction_failed,,,,,,No poses detected in video
38_set3_rally14_ball12_Clear.mp4,Clear,extraction_failed,,,,,,No poses detected in video
38_set3_rally15_ball9_Clear.mp4,Clear,extraction_failed,,,,,,No poses detected in video
38_set3_rally15_ball10_Smash.mp4,Smash,extraction_failed,,,,,,No poses detected in video
38_set3_rally17_ball4_Smash.mp4,Smash,extraction_failed,,,,,,No poses detected in video
38_set3_rally18_ball7_Smash.mp4,Smash,extraction_failed,,,,,,No poses detected in video
38_set3_rally19_ball2_Clear.mp4,Clear,extraction_failed,,,,,,No poses detected in video
38_set3_rally19_ball3_Clear.mp4,Clear,extraction_failed,,,,,,No poses detected in video
38_set3_rally19_ball4_Smash.mp4,Smash,extraction_failed,,,,,,No poses detected in video
38_set3_rally19_ball7_Clear.mp4,Clear,extraction_failed,,,,,,No poses detected in video
38_set3_rally19_ball10_Clear.mp4,Clear,extraction_failed,,,,,,No poses detected in video
38_set3_rally19_ball11_Clear.mp4,Clear,extraction_failed,,,,,,No poses detected in video
38_set3_rally20_ball7_Smash.mp4,Smash,extraction_failed,,,,,,No poses detected in video
38_set3_rally20_ball9_Clear.mp4,Clear,extraction_failed,,,,,,No poses detected in video
38_set3_rally20_ball10_Smash.mp4,Smash,extraction_failed,,,,,,No poses detected in video
38_set3_rally20_ball14_Smash.mp4,Smash,extraction_failed,,,,,,No poses detected in video
38_set3_rally20_ball16_Clear.mp4,Clear,extraction_failed,,,,,,No poses detected in video
38_set3_rally20_ball17_Smash.mp4,Smash,extraction_failed,,,,,,No poses detected in video
38_set3_rally22_ball2_Smash.mp4,Smash,extraction_failed,,,,,,No poses detected in video
38_set3_rally23_ball2_Smash.mp4,Smash,extraction_failed,,,,,,No poses detected in video
38_set3_rally23_ball9_Clear.mp4,Clear,extraction_failed,,,,,,No poses detected in video
38_set3_rally23_ball10_Clear.mp4,Clear,extraction_failed,,,,,,No poses detected in video
38_set3_rally23_ball11_Clear.mp4,Clear,extraction_failed,,,,,,No poses detected in video
38_set3_rally23_ball12_Smash.mp4,Smash,extraction_failed,,,,,,No poses detected in video
38_set3_rally24_ball2_Smash.mp4,Smash,extraction_failed,,,,,,No poses detected in video
38_set3_rally24_ball6_Clear.mp4,Clear,extraction_failed,,,,,,No poses detected in video
38_set3_rally24_ball7_Clear.mp4,Clear,extraction_failed,,,,,,No poses detected in video
38_set3_rally25_ball2_Smash.mp4,Smash,extraction_failed,,,,,,No poses detected in video
38_set3_rally27_ball2_Clear.mp4,Clear,extraction_failed,,,,,,No poses detected in video
38_set3_rally27_ball3_Smash.mp4,Smash,extraction_failed,,,,,,No poses detected in video
38_set3_rally29_ball2_Smash.mp4,Smash,extraction_failed,,,,,,No poses detected in video
38_set3_rally29_ball4_Clear.mp4,Clear,extraction_failed,,,,,,No poses detected in video
38_set3_rally29_ball5_Clear.mp4,Clear,extraction_failed,,,,,,No poses detected in video
38_set3_rally31_ball2_Smash.mp4,Smash,extraction_failed,,,,,,No poses detected in video
38_set3_rally31_ball4_Smash.mp4,Smash,extraction_failed,,,,,,No poses detected in video
38_set3_rally33_ball4_Clear.mp4,Clear,extraction_failed,,,,,,No poses detected in video
38_set3_rally33_ball5_Clear.mp4,Clear,extraction_failed,,,,,,No poses detected in video
38_set3_rally33_ball9_Clear.mp4,Clear,extraction_failed,,,,,,No poses detected in video
38_set3_rally33_ball10_Smash.mp4,Smash,extraction_failed,,,,,,No poses detected in video
38_set3_rally33_ball16_Clear.mp4,Clear,extraction_failed,,,,,,No poses detected in video
38_set3_rally33_ball17_Clear.mp4,Clear,extraction_failed,,,,,,No poses detected in video
38_set3_rally33_ball18_Clear.mp4,Clear,extraction_failed,,,,,,No poses detected in video
38_set3_rally34_ball5_Smash.mp4,Smash,extraction_failed,,,,,,No poses detected in video
38_set3_rally35_ball2_Clear.mp4,Clear,extraction_failed,,,,,,No poses detected in video
38_set3_rally35_ball3_Smash.mp4,Smash,extraction_failed,,,,,,No poses detected in video
38_set3_rally35_ball7_Clear.mp4,Clear,extraction_failed,,,,,,No poses detected in video
38_set3_rally35_ball8_Smash.mp4,Smash,extraction_failed,,,,,,No poses detected in video
38_set3_rally37_ball3_Clear.mp4,Clear,extraction_failed,,,,,,No poses detected in video
38_set3_rally38_ball4_Clear.mp4,Clear,extraction_failed,,,,,,No poses detected in video
38_set3_rally38_ball5_Smash.mp4,Smash,extraction_failed,,,,,,No poses detected in video
38_set3_rally38_ball7_Smash.mp4,Smash,extraction_failed,,,,,,No poses detected in video
38_set3_rally38_ball14_Smash.mp4,Smash,extraction_failed,,,,,,No poses detected in video
38_set3_rally38_ball18_Clear.mp4,Clear,extraction_failed,,,,,,No poses detected in video
38_set3_rally38_ball19_Clear.mp4,Clear,extraction_failed,,,,,,No poses detected in video
38_set3_rally38_ball20_Smash.mp4,Smash,extraction_failed,,,,,,No poses detected in video
38_set3_rally39_ball2_Smash.mp4,Smash,extraction_failed,,,,,,No poses detected in video
38_set3_rally39_ball4_Clear.mp4,Clear,extraction_failed,,,,,,No poses detected in video
38_set3_rally39_ball7_Clear.mp4,Clear,extraction_failed,,,,,,No poses detected in video
38_set3_rally39_ball8_Clear.mp4,Clear,extraction_failed,,,,,,No poses detected in video
38_set3_rally39_ball9_Clear.mp4,Clear,extraction_failed,,,,,,No poses detected in video
38_set3_rally39_ball10_Clear.mp4,Clear,extraction_failed,,,,,,No poses detected in video
38_set3_rally39_ball11_Clear.mp4,Clear,extraction_failed,,,,,,No poses detected in video
38_set3_rally40_ball15_Smash.mp4,Smash,extraction_failed,,,,,,No poses detected in video
38_set3_rally40_ball19_Clear.mp4,Clear,extraction_failed,,,,,,No poses detected in video
38_set3_rally40_ball22_Clear.mp4,Clear,extraction_failed,,,,,,No poses detected in video
38_set3_rally40_ball23_Clear.mp4,Clear,extraction_failed,,,,,,No poses detected in video
38_set3_rally40_ball26_Clear.mp4,Clear,extraction_failed,,,,,,No poses detected in video
38_set3_rally40_ball27_Clear.mp4,Clear,extraction_failed,,,,,,No poses detected in video
38_set3_rally40_ball28_Clear.mp4,Clear,extraction_failed,,,,,,No poses detected in video
38_set3_rally40_ball29_Clear.mp4,Clear,extraction_failed,,,,,,No poses detected in video
38_set3_rally40_ball30_Clear.mp4,Clear,extraction_failed,,,,,,No poses detected in video
39_set1_rally2_ball6_Smash.mp4,Smash,extraction_failed,,,,,,No poses detected in video
39_set1_rally2_ball10_Smash.mp4,Smash,extraction_failed,,,,,,No poses detected in video
39_set1_rally7_ball18_Clear.mp4,Clear,extraction_failed,,,,,,No poses detected in video
39_set1_rally8_ball4_Smash.mp4,Smash,extraction_failed,,,,,,No poses detected in video
39_set1_rally9_ball5_Smash.mp4,Smash,extraction_failed,,,,,,No poses detected in video
39_set1_rally11_ball3_Smash.mp4,Smash,extraction_failed,,,,,,No poses detected in video
39_set1_rally12_ball3_Clear.mp4,Clear,extraction_failed,,,,,,No poses detected in video
39_set1_rally12_ball4_Smash.mp4,Smash,extraction_failed,,,,,,No poses detected in video
39_set1_rally12_ball6_Smash.mp4,Smash,extraction_failed,,,,,,No poses detected in video
39_set1_rally13_ball6_Smash.mp4,Smash,extraction_failed,,,,,,No poses detected in video
39_set1_rally19_ball2_Smash.mp4,Smash,extraction_failed,,,,,,No poses detected in video
39_set1_rally21_ball7_Smash.mp4,Smash,extraction_failed,,,,,,No poses detected in video
39_set1_rally22_ball3_Smash.mp4,Smash,extraction_failed,,,,,,No poses detected in video
39_set1_rally23_ball4_Smash.mp4,Smash,extraction_failed,,,,,,No poses detected in video
39_set1_rally23_ball7_Clear.mp4,Clear,extraction_failed,,,,,,No poses detected in video
39_set1_rally23_ball8_Clear.mp4,Clear,extraction_failed,,,,,,No poses detected in video
39_set1_rally24_ball8_Smash.mp4,Smash,extraction_failed,,,,,,No poses detected in video
39_set1_rally25_ball3_Clear.mp4,Clear,extraction_failed,,,,,,No poses detected in video
39_set1_rally25_ball4_Smash.mp4,Smash,extraction_failed,,,,,,No poses detected in video
39_set1_rally26_ball6_Smash.mp4,Smash,extraction_failed,,,,,,No poses detected in video
39_set1_rally29_ball4_Smash.mp4,Smash,extraction_failed,,,,,,No poses detected in video
39_set1_rally30_ball3_Clear.mp4,Clear,extraction_failed,,,,,,No poses detected in video
39_set1_rally30_ball4_Smash.mp4,Smash,extraction_failed,,,,,,No poses detected in video
39_set1_rally31_ball5_Smash.mp4,Smash,extraction_failed,,,,,,No poses detected in video
39_set1_rally31_ball13_Clear.mp4,Clear,extraction_failed,,,,,,No poses detected in video
39_set1_rally31_ball14_Clear.mp4,Clear,extraction_failed,,,,,,No poses detected in video
39_set1_rally31_ball15_Clear.mp4,Clear,extraction_failed,,,,,,No poses detected in video
39_set1_rally31_ball16_Smash.mp4,Smash,extraction_failed,,,,,,No poses detected in video
39_set1_rally32_ball3_Clear.mp4,Clear,extraction_failed,,,,,,No poses detected in video
39_set1_rally32_ball4_Clear.mp4,Clear,extraction_failed,,,,,,No poses detected in video
39_set1_rally32_ball5_Smash.mp4,Smash,extraction_failed,,,,,,No poses detected in video
39_set2_rally2_ball3_Smash.mp4,Smash,extraction_failed,,,,,,No poses detected in video
39_set2_rally2_ball6_Smash.mp4,Smash,extraction_failed,,,,,,No poses detected in video
39_set2_rally3_ball3_Smash.mp4,Smash,extraction_failed,,,,,,No poses detected in video
39_set2_rally4_ball13_Clear.mp4,Clear,extraction_failed,,,,,,No poses detected in video
39_set2_rally4_ball14_Smash.mp4,Smash,extraction_failed,,,,,,No poses detected in video
39_set2_rally5_ball3_Smash.mp4,Smash,extraction_failed,,,,,,No poses detected in video
39_set2_rally6_ball8_Clear.mp4,Clear,extraction_failed,,,,,,No poses detected in video
39_set2_rally6_ball9_Clear.mp4,Clear,extraction_failed,,,,,,No poses detected in video
39_set2_rally6_ball10_Clear.mp4,Clear,extraction_failed,,,,,,No poses detected in video
39_set2_rally9_ball12_Smash.mp4,Smash,extraction_failed,,,,,,No poses detected in video
39_set2_rally10_ball6_Clear.mp4,Clear,extraction_failed,,,,,,No poses detected in video
39_set2_rally11_ball6_Smash.mp4,Smash,extraction_failed,,,,,,No poses detected in video
39_set2_rally11_ball10_Smash.mp4,Smash,extraction_failed,,,,,,No poses detected in video
39_set2_rally12_ball3_Smash.mp4,Smash,extraction_failed,,,,,,No poses detected in video
39_set2_rally14_ball6_Clear.mp4,Clear,extraction_failed,,,,,,No poses detected in video
39_set2_rally14_ball11_Clear.mp4,Clear,extraction_failed,,,,,,No poses detected in video
39_set2_rally14_ball12_Clear.mp4,Clear,extraction_failed,,,,,,No poses detected in video
39_set2_rally14_ball13_Clear.mp4,Clear,extraction_failed,,,,,,No poses detected in video
39_set2_rally15_ball3_Clear.mp4,Clear,success,61.0,11.0,18.0327868852459,0.591614701387475,0.1066846182829873,
39_set2_rally18_ball5_Smash.mp4,Smash,extraction_failed,,,,,,No poses detected in video
39_set2_rally18_ball9_Clear.mp4,Clear,extraction_failed,,,,,,No poses detected in video
39_set2_rally18_ball10_Smash.mp4,Smash,extraction_failed,,,,,,No poses detected in video
39_set2_rally19_ball3_Clear.mp4,Clear,extraction_failed,,,,,,No poses detected in video
39_set2_rally19_ball4_Smash.mp4,Smash,extraction_failed,,,,,,No poses detected in video
39_set2_rally20_ball3_Clear.mp4,Clear,extraction_failed,,,,,,No poses detected in video
39_set2_rally20_ball4_Clear.mp4,Clear,extraction_failed,,,,,,No poses detected in video
39_set2_rally20_ball5_Smash.mp4,Smash,extraction_failed,,,,,,No poses detected in video
39_set2_rally21_ball15_Smash.mp4,Smash,extraction_failed,,,,,,No poses detected in video
39_set2_rally21_ball19_Smash.mp4,Smash,extraction_failed,,,,,,No poses detected in video
39_set2_rally21_ball25_Clear.mp4,Clear,extraction_failed,,,,,,No poses detected in video
39_set2_rally21_ball36_Clear.mp4,Clear,extraction_failed,,,,,,No poses detected in video
39_set2_rally21_ball37_Clear.mp4,Clear,extraction_failed,,,,,,No poses detected in video
39_set2_rally21_ball38_Clear.mp4,Clear,extraction_failed,,,,,,No poses detected in video
39_set2_rally21_ball39_Clear.mp4,Clear,extraction_failed,,,,,,No poses detected in video
39_set2_rally23_ball4_Clear.mp4,Clear,extraction_failed,,,,,,No poses detected in video
39_set2_rally23_ball5_Clear.mp4,Clear,extraction_failed,,,,,,No poses detected in video
39_set2_rally23_ball10_Smash.mp4,Smash,extraction_failed,,,,,,No poses detected in video
39_set2_rally23_ball16_Clear.mp4,Clear,extraction_failed,,,,,,No poses detected in video
39_set2_rally23_ball18_Clear.mp4,Clear,extraction_failed,,,,,,No poses detected in video
39_set2_rally23_ball19_Clear.mp4,Clear,extraction_failed,,,,,,No poses detected in video
39_set2_rally23_ball22_Clear.mp4,Clear,extraction_failed,,,,,,No poses detected in video
39_set2_rally24_ball3_Clear.mp4,Clear,extraction_failed,,,,,,No poses detected in video
39_set2_rally25_ball3_Clear.mp4,Clear,success,61.0,3.0,4.918032786885246,0.5632745622741906,0.027702027652829045,
39_set2_rally25_ball22_Clear.mp4,Clear,extraction_failed,,,,,,No poses detected in video
39_set2_rally25_ball23_Clear.mp4,Clear,extraction_failed,,,,,,No poses detected in video
39_set2_rally25_ball24_Clear.mp4,Clear,extraction_failed,,,,,,No poses detected in video
39_set2_rally25_ball25_Clear.mp4,Clear,extraction_failed,,,,,,No poses detected in video
39_set2_rally32_ball7_Smash.mp4,Smash,extraction_failed,,,,,,No poses detected in video
39_set2_rally33_ball4_Clear.mp4,Clear,extraction_failed,,,,,,No poses detected in video
39_set2_rally33_ball5_Smash.mp4,Smash,extraction_failed,,,,,,No poses detected in video
39_set2_rally33_ball8_Clear.mp4,Clear,extraction_failed,,,,,,No poses detected in video
39_set2_rally33_ball9_Clear.mp4,Clear,extraction_failed,,,,,,No poses detected in video
39_set2_rally33_ball13_Clear.mp4,Clear,extraction_failed,,,,,,No poses detected in video
39_set2_rally33_ball14_Clear.mp4,Clear,extraction_failed,,,,,,No poses detected in video
39_set2_rally33_ball15_Clear.mp4,Clear,extraction_failed,,,,,,No poses detected in video
39_set2_rally34_ball5_Clear.mp4,Clear,extraction_failed,,,,,,No poses detected in video
39_set2_rally34_ball6_Smash.mp4,Smash,extraction_failed,,,,,,No poses detected in video
39_set2_rally34_ball9_Smash.mp4,Smash,extraction_failed,,,,,,No poses detected in video
39_set3_rally1_ball3_Clear.mp4,Clear,extraction_failed,,,,,,No poses detected in video
39_set3_rally1_ball4_Smash.mp4,Smash,extraction_failed,,,,,,No poses detected in video
39_set3_rally2_ball3_Clear.mp4,Clear,extraction_failed,,,,,,No poses detected in video
39_set3_rally2_ball8_Clear.mp4,Clear,extraction_failed,,,,,,No poses detected in video
39_set3_rally3_ball3_Clear.mp4,Clear,extraction_failed,,,,,,No poses detected in video
39_set3_rally3_ball8_Smash.mp4,Smash,extraction_failed,,,,,,No poses detected in video
39_set3_rally3_ball11_Clear.mp4,Clear,extraction_failed,,,,,,No poses detected in video
39_set3_rally4_ball3_Clear.mp4,Clear,extraction_failed,,,,,,No poses detected in video
39_set3_rally4_ball7_Clear.mp4,Clear,extraction_failed,,,,,,No poses detected in video
39_set3_rally4_ball8_Smash.mp4,Smash,extraction_failed,,,,,,No poses detected in video
39_set3_rally5_ball4_Clear.mp4,Clear,extraction_failed,,,,,,No poses detected in video
39_set3_rally6_ball6_Clear.mp4,Clear,extraction_failed,,,,,,No poses detected in video
39_set3_rally6_ball7_Smash.mp4,Smash,extraction_failed,,,,,,No poses detected in video
39_set3_rally8_ball4_Smash.mp4,Smash,extraction_failed,,,,,,No poses detected in video
39_set3_rally8_ball8_Smash.mp4,Smash,extraction_failed,,,,,,No poses detected in video
39_set3_rally10_ball3_Clear.mp4,Clear,extraction_failed,,,,,,No poses detected in video
39_set3_rally12_ball3_Clear.mp4,Clear,extraction_failed,,,,,,No poses detected in video
39_set3_rally12_ball4_Clear.mp4,Clear,extraction_failed,,,,,,No poses detected in video
39_set3_rally12_ball8_Clear.mp4,Clear,extraction_failed,,,,,,No poses detected in video
39_set3_rally12_ball9_Smash.mp4,Smash,extraction_failed,,,,,,No poses detected in video
39_set3_rally14_ball23_Clear.mp4,Clear,extraction_failed,,,,,,No poses detected in video
39_set3_rally14_ball24_Smash.mp4,Smash,extraction_failed,,,,,,No poses detected in video
39_set3_rally14_ball27_Clear.mp4,Clear,extraction_failed,,,,,,No poses detected in video
39_set3_rally14_ball28_Smash.mp4,Smash,extraction_failed,,,,,,No poses detected in video
39_set3_rally15_ball3_Smash.mp4,Smash,extraction_failed,,,,,,No poses detected in video
39_set3_rally18_ball3_Clear.mp4,Clear,extraction_failed,,,,,,No poses detected in video
39_set3_rally18_ball4_Smash.mp4,Smash,extraction_failed,,,,,,No poses detected in video
39_set3_rally19_ball6_Smash.mp4,Smash,extraction_failed,,,,,,No poses detected in video
39_set3_rally20_ball4_Smash.mp4,Smash,extraction_failed,,,,,,No poses detected in video
39_set3_rally20_ball6_Smash.mp4,Smash,extraction_failed,,,,,,No poses detected in video
39_set3_rally21_ball5_Smash.mp4,Smash,extraction_failed,,,,,,No poses detected in video
39_set3_rally22_ball3_Smash.mp4,Smash,extraction_failed,,,,,,No poses detected in video
39_set3_rally24_ball13_Smash.mp4,Smash,extraction_failed,,,,,,No poses detected in video
39_set3_rally25_ball3_Clear.mp4,Clear,extraction_failed,,,,,,No poses detected in video
39_set3_rally26_ball4_Smash.mp4,Smash,extraction_failed,,,,,,No poses detected in video
39_set3_rally28_ball7_Smash.mp4,Smash,extraction_failed,,,,,,No poses detected in video
39_set3_rally32_ball4_Smash.mp4,Smash,extraction_failed,,,,,,No poses detected in video
40_set1_rally4_ball4_Clear.mp4,Clear,extraction_failed,,,,,,No poses detected in video
40_set1_rally5_ball4_Smash.mp4,Smash,extraction_failed,,,,,,No poses detected in video
40_set1_rally7_ball9_Clear.mp4,Clear,extraction_failed,,,,,,No poses detected in video
40_set1_rally7_ball10_Smash.mp4,Smash,extraction_failed,,,,,,No poses detected in video
40_set1_rally9_ball2_Clear.mp4,Clear,extraction_failed,,,,,,No poses detected in video
40_set1_rally10_ball2_Clear.mp4,Clear,extraction_failed,,,,,,No poses detected in video
40_set1_rally10_ball6_Clear.mp4,Clear,extraction_failed,,,,,,No poses detected in video
40_set1_rally10_ball7_Clear.mp4,Clear,extraction_failed,,,,,,No poses detected in video
40_set1_rally10_ball8_Clear.mp4,Clear,extraction_failed,,,,,,No poses detected in video
40_set1_rally11_ball5_Smash.mp4,Smash,extraction_failed,,,,,,No poses detected in video
40_set1_rally11_ball12_Clear.mp4,Clear,extraction_failed,,,,,,No poses detected in video
40_set1_rally11_ball15_Smash.mp4,Smash,extraction_failed,,,,,,No poses detected in video
40_set1_rally12_ball5_Clear.mp4,Clear,extraction_failed,,,,,,No poses detected in video
40_set1_rally12_ball10_Clear.mp4,Clear,extraction_failed,,,,,,No poses detected in video
40_set1_rally12_ball11_Clear.mp4,Clear,extraction_failed,,,,,,No poses detected in video
40_set1_rally12_ball12_Clear.mp4,Clear,extraction_failed,,,,,,No poses detected in video
40_set1_rally13_ball3_Clear.mp4,Clear,extraction_failed,,,,,,No poses detected in video
40_set1_rally13_ball4_Smash.mp4,Smash,extraction_failed,,,,,,No poses detected in video
40_set1_rally15_ball4_Clear.mp4,Clear,extraction_failed,,,,,,No poses detected in video
40_set1_rally15_ball5_Clear.mp4,Clear,extraction_failed,,,,,,No poses detected in video
40_set1_rally15_ball6_Clear.mp4,Clear,extraction_failed,,,,,,No poses detected in video
40_set1_rally17_ball7_Clear.mp4,Clear,extraction_failed,,,,,,No poses detected in video
40_set1_rally19_ball2_Clear.mp4,Clear,extraction_failed,,,,,,No poses detected in video
40_set1_rally19_ball3_Clear.mp4,Clear,extraction_failed,,,,,,No poses detected in video
40_set1_rally21_ball2_Clear.mp4,Clear,success,61.0,14.0,22.950819672131146,0.6613177688413369,0.1517778485865363,
40_set1_rally22_ball4_Smash.mp4,Smash,extraction_failed,,,,,,No poses detected in video
40_set1_rally23_ball4_Clear.mp4,Clear,success,61.0,1.0,1.639344262295082,0.6349301943273256,0.010408691710284025,
40_set1_rally26_ball2_Clear.mp4,Clear,extraction_failed,,,,,,No poses detected in video
40_set1_rally27_ball5_Clear.mp4,Clear,extraction_failed,,,,,,No poses detected in video
40_set1_rally27_ball6_Clear.mp4,Clear,extraction_failed,,,,,,No poses detected in video
40_set1_rally30_ball7_Clear.mp4,Clear,extraction_failed,,,,,,No poses detected in video
40_set1_rally31_ball2_Clear.mp4,Clear,extraction_failed,,,,,,No poses detected in video
40_set1_rally32_ball2_Clear.mp4,Clear,extraction_failed,,,,,,No poses detected in video
40_set1_rally32_ball5_Clear.mp4,Clear,extraction_failed,,,,,,No poses detected in video
40_set1_rally32_ball6_Clear.mp4,Clear,extraction_failed,,,,,,No poses detected in video
40_set1_rally32_ball7_Clear.mp4,Clear,extraction_failed,,,,,,No poses detected in video
40_set1_rally32_ball15_Clear.mp4,Clear,extraction_failed,,,,,,No poses detected in video
40_set1_rally32_ball16_Clear.mp4,Clear,extraction_failed,,,,,,No poses detected in video
40_set1_rally32_ball17_Clear.mp4,Clear,extraction_failed,,,,,,No poses detected in video
40_set1_rally32_ball20_Clear.mp4,Clear,extraction_failed,,,,,,No poses detected in video
40_set1_rally32_ball21_Clear.mp4,Clear,extraction_failed,,,,,,No poses detected in video
40_set1_rally34_ball2_Clear.mp4,Clear,success,61.0,35.0,57.377049180327866,0.35117142422697245,0.2014918007859678,
40_set1_rally35_ball2_Clear.mp4,Clear,extraction_failed,,,,,,No poses detected in video
40_set1_rally35_ball5_Clear.mp4,Clear,extraction_failed,,,,,,No poses detected in video
40_set1_rally35_ball8_Clear.mp4,Clear,extraction_failed,,,,,,No poses detected in video
40_set1_rally35_ball9_Clear.mp4,Clear,extraction_failed,,,,,,No poses detected in video
40_set1_rally35_ball10_Clear.mp4,Clear,extraction_failed,,,,,,No poses detected in video
40_set1_rally35_ball13_Clear.mp4,Clear,extraction_failed,,,,,,No poses detected in video
40_set1_rally36_ball6_Clear.mp4,Clear,extraction_failed,,,,,,No poses detected in video
40_set1_rally36_ball7_Clear.mp4,Clear,extraction_failed,,,,,,No poses detected in video
40_set1_rally36_ball8_Clear.mp4,Clear,extraction_failed,,,,,,No poses detected in video
40_set1_rally36_ball9_Clear.mp4,Clear,extraction_failed,,,,,,No poses detected in video
40_set1_rally37_ball2_Clear.mp4,Clear,extraction_failed,,,,,,No poses detected in video
40_set1_rally37_ball15_Clear.mp4,Clear,extraction_failed,,,,,,No poses detected in video
40_set1_rally37_ball16_Clear.mp4,Clear,extraction_failed,,,,,,No poses detected in video
40_set1_rally37_ball20_Clear.mp4,Clear,extraction_failed,,,,,,No poses detected in video
40_set1_rally37_ball21_Clear.mp4,Clear,extraction_failed,,,,,,No poses detected in video
40_set1_rally39_ball2_Clear.mp4,Clear,extraction_failed,,,,,,No poses detected in video
40_set1_rally39_ball7_Smash.mp4,Smash,extraction_failed,,,,,,No poses detected in video
40_set1_rally39_ball10_Smash.mp4,Smash,extraction_failed,,,,,,No poses detected in video
40_set1_rally39_ball14_Smash.mp4,Smash,extraction_failed,,,,,,No poses detected in video
40_set1_rally39_ball17_Clear.mp4,Clear,extraction_failed,,,,,,No poses detected in video
40_set1_rally39_ball18_Clear.mp4,Clear,extraction_failed,,,,,,No poses detected in video
40_set1_rally39_ball19_Clear.mp4,Clear,extraction_failed,,,,,,No poses detected in video
40_set1_rally41_ball7_Clear.mp4,Clear,extraction_failed,,,,,,No poses detected in video
40_set1_rally41_ball8_Smash.mp4,Smash,extraction_failed,,,,,,No poses detected in video
40_set1_rally42_ball2_Clear.mp4,Clear,extraction_failed,,,,,,No poses detected in video
40_set1_rally43_ball5_Clear.mp4,Clear,extraction_failed,,,,,,No poses detected in video
40_set1_rally43_ball8_Smash.mp4,Smash,extraction_failed,,,,,,No poses detected in video
40_set1_rally45_ball5_Smash.mp4,Smash,extraction_failed,,,,,,No poses detected in video
40_set1_rally46_ball5_Clear.mp4,Clear,extraction_failed,,,,,,No poses detected in video
40_set1_rally46_ball6_Smash.mp4,Smash,extraction_failed,,,,,,No poses detected in video
40_set1_rally47_ball5_Smash.mp4,Smash,extraction_failed,,,,,,No poses detected in video
40_set1_rally47_ball8_Clear.mp4,Clear,extraction_failed,,,,,,No poses detected in video
40_set1_rally47_ball14_Clear.mp4,Clear,extraction_failed,,,,,,No poses detected in video
40_set1_rally47_ball18_Clear.mp4,Clear,extraction_failed,,,,,,No poses detected in video
40_set1_rally48_ball4_Clear.mp4,Clear,extraction_failed,,,,,,No poses detected in video
40_set1_rally48_ball5_Smash.mp4,Smash,extraction_failed,,,,,,No poses detected in video
40_set2_rally1_ball2_Clear.mp4,Clear,extraction_failed,,,,,,No poses detected in video
40_set2_rally1_ball7_Clear.mp4,Clear,extraction_failed,,,,,,No poses detected in video
40_set2_rally1_ball8_Smash.mp4,Smash,extraction_failed,,,,,,No poses detected in video
40_set2_rally2_ball5_Smash.mp4,Smash,extraction_failed,,,,,,No poses detected in video
40_set2_rally4_ball3_Smash.mp4,Smash,extraction_failed,,,,,,No poses detected in video
40_set2_rally5_ball4_Clear.mp4,Clear,extraction_failed,,,,,,No poses detected in video
40_set2_rally5_ball5_Clear.mp4,Clear,extraction_failed,,,,,,No poses detected in video
40_set2_rally5_ball6_Clear.mp4,Clear,extraction_failed,,,,,,No poses detected in video
40_set2_rally5_ball7_Smash.mp4,Smash,extraction_failed,,,,,,No poses detected in video
40_set2_rally6_ball2_Clear.mp4,Clear,extraction_failed,,,,,,No poses detected in video
40_set2_rally7_ball4_Clear.mp4,Clear,extraction_failed,,,,,,No poses detected in video
40_set2_rally7_ball5_Clear.mp4,Clear,extraction_failed,,,,,,No poses detected in video
40_set2_rally7_ball8_Clear.mp4,Clear,extraction_failed,,,,,,No poses detected in video
40_set2_rally7_ball9_Clear.mp4,Clear,extraction_failed,,,,,,No poses detected in video
40_set2_rally10_ball3_Clear.mp4,Clear,extraction_failed,,,,,,No poses detected in video
40_set2_rally10_ball4_Clear.mp4,Clear,extraction_failed,,,,,,No poses detected in video
40_set2_rally10_ball5_Clear.mp4,Clear,extraction_failed,,,,,,No poses detected in video
40_set2_rally10_ball6_Clear.mp4,Clear,extraction_failed,,,,,,No poses detected in video
40_set2_rally11_ball5_Clear.mp4,Clear,extraction_failed,,,,,,No poses detected in video
40_set2_rally11_ball6_Clear.mp4,Clear,extraction_failed,,,,,,No poses detected in video
40_set2_rally11_ball13_Clear.mp4,Clear,extraction_failed,,,,,,No poses detected in video
40_set2_rally13_ball2_Clear.mp4,Clear,extraction_failed,,,,,,No poses detected in video
40_set2_rally13_ball5_Smash.mp4,Smash,extraction_failed,,,,,,No poses detected in video
40_set2_rally13_ball8_Clear.mp4,Clear,extraction_failed,,,,,,No poses detected in video
40_set2_rally16_ball2_Clear.mp4,Clear,extraction_failed,,,,,,No poses detected in video
40_set2_rally16_ball3_Clear.mp4,Clear,extraction_failed,,,,,,No poses detected in video
40_set2_rally16_ball4_Clear.mp4,Clear,extraction_failed,,,,,,No poses detected in video
40_set2_rally18_ball4_Clear.mp4,Clear,extraction_failed,,,,,,No poses detected in video
40_set2_rally18_ball5_Clear.mp4,Clear,extraction_failed,,,,,,No poses detected in video
40_set2_rally18_ball9_Clear.mp4,Clear,extraction_failed,,,,,,No poses detected in video
40_set2_rally19_ball3_Clear.mp4,Clear,success,61.0,26.0,42.62295081967213,0.5547593489727809,0.23645480448020167,
40_set2_rally19_ball7_Clear.mp4,Clear,extraction_failed,,,,,,No poses detected in video
40_set2_rally21_ball5_Clear.mp4,Clear,extraction_failed,,,,,,No poses detected in video
40_set2_rally24_ball2_Clear.mp4,Clear,extraction_failed,,,,,,No poses detected in video
40_set2_rally24_ball3_Clear.mp4,Clear,extraction_failed,,,,,,No poses detected in video
40_set2_rally25_ball2_Clear.mp4,Clear,extraction_failed,,,,,,No poses detected in video
40_set2_rally25_ball3_Clear.mp4,Clear,extraction_failed,,,,,,No poses detected in video
40_set2_rally26_ball3_Clear.mp4,Clear,extraction_failed,,,,,,No poses detected in video
40_set2_rally26_ball4_Smash.mp4,Smash,extraction_failed,,,,,,No poses detected in video
40_set2_rally28_ball2_Smash.mp4,Smash,extraction_failed,,,,,,No poses detected in video
40_set2_rally28_ball6_Clear.mp4,Clear,extraction_failed,,,,,,No poses detected in video
40_set2_rally28_ball7_Clear.mp4,Clear,extraction_failed,,,,,,No poses detected in video
40_set2_rally28_ball8_Clear.mp4,Clear,extraction_failed,,,,,,No poses detected in video
40_set2_rally29_ball2_Clear.mp4,Clear,extraction_failed,,,,,,No poses detected in video
40_set2_rally29_ball3_Clear.mp4,Clear,extraction_failed,,,,,,No poses detected in video
40_set2_rally31_ball2_Smash.mp4,Smash,extraction_failed,,,,,,No poses detected in video
41_set1_rally1_ball3_Clear.mp4,Clear,extraction_failed,,,,,,No poses detected in video
41_set1_rally1_ball11_Clear.mp4,Clear,extraction_failed,,,,,,No poses detected in video
41_set1_rally2_ball3_Clear.mp4,Clear,extraction_failed,,,,,,No poses detected in video
41_set1_rally2_ball4_Clear.mp4,Clear,extraction_failed,,,,,,No poses detected in video
41_set1_rally2_ball5_Clear.mp4,Clear,extraction_failed,,,,,,No poses detected in video
41_set1_rally5_ball8_Smash.mp4,Smash,extraction_failed,,,,,,No poses detected in video
41_set1_rally6_ball3_Clear.mp4,Clear,extraction_failed,,,,,,No poses detected in video
41_set1_rally7_ball10_Clear.mp4,Clear,extraction_failed,,,,,,No poses detected in video
41_set1_rally7_ball11_Clear.mp4,Clear,extraction_failed,,,,,,No poses detected in video
41_set1_rally7_ball12_Smash.mp4,Smash,extraction_failed,,,,,,No poses detected in video
41_set1_rally7_ball18_Smash.mp4,Smash,extraction_failed,,,,,,No poses detected in video
41_set1_rally8_ball15_Clear.mp4,Clear,extraction_failed,,,,,,No poses detected in video
41_set1_rally8_ball20_Smash.mp4,Smash,extraction_failed,,,,,,No poses detected in video
41_set1_rally8_ball30_Clear.mp4,Clear,extraction_failed,,,,,,No poses detected in video
41_set1_rally9_ball4_Smash.mp4,Smash,extraction_failed,,,,,,No poses detected in video
41_set1_rally13_ball9_Smash.mp4,Smash,extraction_failed,,,,,,No poses detected in video
41_set1_rally13_ball14_Clear.mp4,Clear,extraction_failed,,,,,,No poses detected in video
41_set1_rally14_ball6_Clear.mp4,Clear,extraction_failed,,,,,,No poses detected in video
41_set1_rally14_ball7_Clear.mp4,Clear,extraction_failed,,,,,,No poses detected in video
41_set1_rally14_ball8_Clear.mp4,Clear,extraction_failed,,,,,,No poses detected in video
41_set1_rally14_ball14_Clear.mp4,Clear,extraction_failed,,,,,,No poses detected in video
41_set1_rally17_ball3_Smash.mp4,Smash,extraction_failed,,,,,,No poses detected in video
41_set1_rally17_ball7_Clear.mp4,Clear,extraction_failed,,,,,,No poses detected in video
41_set1_rally17_ball8_Clear.mp4,Clear,extraction_failed,,,,,,No poses detected in video
41_set1_rally18_ball4_Clear.mp4,Clear,extraction_failed,,,,,,No poses detected in video
41_set1_rally18_ball10_Clear.mp4,Clear,extraction_failed,,,,,,No poses detected in video
41_set1_rally18_ball18_Clear.mp4,Clear,extraction_failed,,,,,,No poses detected in video
41_set1_rally19_ball6_Clear.mp4,Clear,extraction_failed,,,,,,No poses detected in video
41_set1_rally19_ball7_Smash.mp4,Smash,extraction_failed,,,,,,No poses detected in video
41_set1_rally19_ball10_Clear.mp4,Clear,extraction_failed,,,,,,No poses detected in video
41_set1_rally20_ball4_Clear.mp4,Clear,extraction_failed,,,,,,No poses detected in video
41_set1_rally20_ball5_Clear.mp4,Clear,extraction_failed,,,,,,No poses detected in video
41_set1_rally21_ball8_Clear.mp4,Clear,extraction_failed,,,,,,No poses detected in video
41_set1_rally21_ball9_Clear.mp4,Clear,success,61.0,61.0,100.0,0.6302379315845777,0.6302379315845777,
41_set1_rally22_ball3_Clear.mp4,Clear,success,61.0,17.0,27.86885245901639,0.6103954053419159,0.1701101949313536,
41_set1_rally23_ball4_Smash.mp4,Smash,extraction_failed,,,,,,No poses detected in video
41_set1_rally23_ball6_Clear.mp4,Clear,extraction_failed,,,,,,No poses detected in video
41_set1_rally23_ball7_Smash.mp4,Smash,extraction_failed,,,,,,No poses detected in video
41_set1_rally24_ball3_Clear.mp4,Clear,extraction_failed,,,,,,No poses detected in video
41_set1_rally24_ball7_Smash.mp4,Smash,extraction_failed,,,,,,No poses detected in video
41_set1_rally26_ball5_Smash.mp4,Smash,extraction_failed,,,,,,No poses detected in video
41_set1_rally27_ball6_Clear.mp4,Clear,extraction_failed,,,,,,No poses detected in video
41_set1_rally27_ball7_Clear.mp4,Clear,extraction_failed,,,,,,No poses detected in video
41_set1_rally27_ball13_Smash.mp4,Smash,extraction_failed,,,,,,No poses detected in video
41_set1_rally29_ball3_Clear.mp4,Clear,extraction_failed,,,,,,No poses detected in video
41_set1_rally30_ball3_Clear.mp4,Clear,extraction_failed,,,,,,No poses detected in video
41_set1_rally30_ball4_Smash.mp4,Smash,extraction_failed,,,,,,No poses detected in video
41_set1_rally31_ball4_Clear.mp4,Clear,extraction_failed,,,,,,No poses detected in video
41_set1_rally31_ball5_Smash.mp4,Smash,extraction_failed,,,,,,No poses detected in video
41_set1_rally32_ball4_Clear.mp4,Clear,extraction_failed,,,,,,No poses detected in video
41_set1_rally32_ball7_Clear.mp4,Clear,extraction_failed,,,,,,No poses detected in video
41_set1_rally33_ball3_Smash.mp4,Smash,extraction_failed,,,,,,No poses detected in video
41_set1_rally33_ball5_Clear.mp4,Clear,extraction_failed,,,,,,No poses detected in video
41_set2_rally2_ball4_Clear.mp4,Clear,extraction_failed,,,,,,No poses detected in video
41_set2_rally2_ball5_Smash.mp4,Smash,extraction_failed,,,,,,No poses detected in video
41_set2_rally3_ball3_Clear.mp4,Clear,extraction_failed,,,,,,No poses detected in video
41_set2_rally3_ball4_Smash.mp4,Smash,extraction_failed,,,,,,No poses detected in video
41_set2_rally3_ball8_Clear.mp4,Clear,extraction_failed,,,,,,No poses detected in video
41_set2_rally3_ball9_Smash.mp4,Smash,extraction_failed,,,,,,No poses detected in video
41_set2_rally4_ball3_Clear.mp4,Clear,extraction_failed,,,,,,No poses detected in video
41_set2_rally4_ball4_Clear.mp4,Clear,extraction_failed,,,,,,No poses detected in video
41_set2_rally4_ball9_Clear.mp4,Clear,extraction_failed,,,,,,No poses detected in video
41_set2_rally4_ball16_Smash.mp4,Smash,extraction_failed,,,,,,No poses detected in video
41_set2_rally4_ball18_Smash.mp4,Smash,extraction_failed,,,,,,No poses detected in video
41_set2_rally5_ball3_Smash.mp4,Smash,extraction_failed,,,,,,No poses detected in video
41_set2_rally5_ball7_Smash.mp4,Smash,extraction_failed,,,,,,No poses detected in video
41_set2_rally12_ball6_Clear.mp4,Clear,extraction_failed,,,,,,No poses detected in video
41_set2_rally12_ball7_Smash.mp4,Smash,extraction_failed,,,,,,No poses detected in video
41_set2_rally16_ball8_Smash.mp4,Smash,extraction_failed,,,,,,No poses detected in video
41_set2_rally16_ball12_Clear.mp4,Clear,extraction_failed,,,,,,No poses detected in video
41_set2_rally17_ball20_Smash.mp4,Smash,extraction_failed,,,,,,No poses detected in video
41_set2_rally19_ball6_Smash.mp4,Smash,extraction_failed,,,,,,No poses detected in video
41_set2_rally19_ball13_Smash.mp4,Smash,extraction_failed,,,,,,No poses detected in video
41_set2_rally20_ball5_Clear.mp4,Clear,extraction_failed,,,,,,No poses detected in video
41_set2_rally21_ball12_Smash.mp4,Smash,extraction_failed,,,,,,No poses detected in video
41_set2_rally21_ball25_Smash.mp4,Smash,extraction_failed,,,,,,No poses detected in video
41_set2_rally21_ball35_Clear.mp4,Clear,extraction_failed,,,,,,No poses detected in video
41_set2_rally21_ball42_Clear.mp4,Clear,extraction_failed,,,,,,No poses detected in video
41_set2_rally21_ball43_Clear.mp4,Clear,extraction_failed,,,,,,No poses detected in video
41_set2_rally21_ball44_Smash.mp4,Smash,extraction_failed,,,,,,No poses detected in video
41_set2_rally21_ball47_Smash.mp4,Smash,extraction_failed,,,,,,No poses detected in video
41_set2_rally24_ball3_Smash.mp4,Smash,extraction_failed,,,,,,No poses detected in video
41_set2_rally24_ball6_Smash.mp4,Smash,extraction_failed,,,,,,No poses detected in video
41_set2_rally24_ball9_Smash.mp4,Smash,extraction_failed,,,,,,No poses detected in video
41_set2_rally25_ball5_Clear.mp4,Clear,extraction_failed,,,,,,No poses detected in video
41_set2_rally25_ball6_Smash.mp4,Smash,extraction_failed,,,,,,No poses detected in video
41_set2_rally25_ball20_Smash.mp4,Smash,extraction_failed,,,,,,No poses detected in video
41_set2_rally25_ball26_Clear.mp4,Clear,extraction_failed,,,,,,No poses detected in video
41_set2_rally26_ball16_Clear.mp4,Clear,extraction_failed,,,,,,No poses detected in video
41_set2_rally26_ball17_Smash.mp4,Smash,extraction_failed,,,,,,No poses detected in video
41_set2_rally27_ball8_Clear.mp4,Clear,extraction_failed,,,,,,No poses detected in video
41_set2_rally27_ball13_Clear.mp4,Clear,extraction_failed,,,,,,No poses detected in video
41_set2_rally28_ball12_Clear.mp4,Clear,extraction_failed,,,,,,No poses detected in video
41_set2_rally29_ball9_Clear.mp4,Clear,extraction_failed,,,,,,No poses detected in video
41_set2_rally29_ball10_Clear.mp4,Clear,extraction_failed,,,,,,No poses detected in video
41_set2_rally30_ball8_Clear.mp4,Clear,extraction_failed,,,,,,No poses detected in video
41_set2_rally30_ball12_Clear.mp4,Clear,extraction_failed,,,,,,No poses detected in video
41_set2_rally30_ball13_Smash.mp4,Smash,extraction_failed,,,,,,No poses detected in video
41_set2_rally32_ball3_Smash.mp4,Smash,extraction_failed,,,,,,No poses detected in video
41_set2_rally34_ball12_Clear.mp4,Clear,extraction_failed,,,,,,No poses detected in video
41_set2_rally35_ball6_Smash.mp4,Smash,extraction_failed,,,,,,No poses detected in video
41_set2_rally36_ball3_Clear.mp4,Clear,extraction_failed,,,,,,No poses detected in video
41_set2_rally36_ball7_Smash.mp4,Smash,extraction_failed,,,,,,No poses detected in video
41_set2_rally36_ball10_Clear.mp4,Clear,extraction_failed,,,,,,No poses detected in video
41_set2_rally36_ball11_Smash.mp4,Smash,extraction_failed,,,,,,No poses detected in video
41_set2_rally36_ball16_Smash.mp4,Smash,extraction_failed,,,,,,No poses detected in video
41_set3_rally1_ball4_Smash.mp4,Smash,extraction_failed,,,,,,No poses detected in video
41_set3_rally1_ball12_Smash.mp4,Smash,extraction_failed,,,,,,No poses detected in video
41_set3_rally1_ball15_Clear.mp4,Clear,extraction_failed,,,,,,No poses detected in video
41_set3_rally1_ball16_Clear.mp4,Clear,extraction_failed,,,,,,No poses detected in video
41_set3_rally3_ball3_Clear.mp4,Clear,extraction_failed,,,,,,No poses detected in video
41_set3_rally5_ball10_Smash.mp4,Smash,extraction_failed,,,,,,No poses detected in video
41_set3_rally6_ball3_Smash.mp4,Smash,extraction_failed,,,,,,No poses detected in video
41_set3_rally6_ball6_Smash.mp4,Smash,extraction_failed,,,,,,No poses detected in video
41_set3_rally7_ball13_Clear.mp4,Clear,extraction_failed,,,,,,No poses detected in video
41_set3_rally7_ball23_Clear.mp4,Clear,extraction_failed,,,,,,No poses detected in video
41_set3_rally9_ball9_Clear.mp4,Clear,extraction_failed,,,,,,No poses detected in video
41_set3_rally9_ball10_Smash.mp4,Smash,extraction_failed,,,,,,No poses detected in video
41_set3_rally10_ball6_Smash.mp4,Smash,extraction_failed,,,,,,No poses detected in video
41_set3_rally11_ball3_Clear.mp4,Clear,success,61.0,6.0,9.836065573770492,0.6884617941698643,0.06771755352490469,
41_set3_rally11_ball4_Smash.mp4,Smash,extraction_failed,,,,,,No poses detected in video
41_set3_rally11_ball8_Smash.mp4,Smash,extraction_failed,,,,,,No poses detected in video
41_set3_rally11_ball11_Smash.mp4,Smash,extraction_failed,,,,,,No poses detected in video
41_set3_rally12_ball4_Smash.mp4,Smash,extraction_failed,,,,,,No poses detected in video
41_set3_rally13_ball4_Smash.mp4,Smash,extraction_failed,,,,,,No poses detected in video
41_set3_rally14_ball5_Smash.mp4,Smash,extraction_failed,,,,,,No poses detected in video
41_set3_rally14_ball16_Smash.mp4,Smash,extraction_failed,,,,,,No poses detected in video
41_set3_rally14_ball19_Clear.mp4,Clear,extraction_failed,,,,,,No poses detected in video
41_set3_rally14_ball23_Clear.mp4,Clear,extraction_failed,,,,,,No poses detected in video
41_set3_rally14_ball24_Clear.mp4,Clear,extraction_failed,,,,,,No poses detected in video
41_set3_rally14_ball25_Clear.mp4,Clear,extraction_failed,,,,,,No poses detected in video
41_set3_rally14_ball32_Clear.mp4,Clear,extraction_failed,,,,,,No poses detected in video
41_set3_rally14_ball33_Clear.mp4,Clear,extraction_failed,,,,,,No poses detected in video
41_set3_rally14_ball42_Clear.mp4,Clear,extraction_failed,,,,,,No poses detected in video
41_set3_rally14_ball43_Smash.mp4,Smash,extraction_failed,,,,,,No poses detected in video
41_set3_rally17_ball3_Clear.mp4,Clear,extraction_failed,,,,,,No poses detected in video
41_set3_rally17_ball4_Clear.mp4,Clear,extraction_failed,,,,,,No poses detected in video
41_set3_rally17_ball5_Smash.mp4,Smash,extraction_failed,,,,,,No poses detected in video
41_set3_rally17_ball11_Clear.mp4,Clear,extraction_failed,,,,,,No poses detected in video
41_set3_rally18_ball7_Clear.mp4,Clear,extraction_failed,,,,,,No poses detected in video
41_set3_rally18_ball8_Clear.mp4,Clear,extraction_failed,,,,,,No poses detected in video
41_set3_rally18_ball9_Clear.mp4,Clear,extraction_failed,,,,,,No poses detected in video
41_set3_rally18_ball14_Smash.mp4,Smash,extraction_failed,,,,,,No poses detected in video
41_set3_rally18_ball17_Smash.mp4,Smash,extraction_failed,,,,,,No poses detected in video
41_set3_rally19_ball5_Clear.mp4,Clear,extraction_failed,,,,,,No poses detected in video
41_set3_rally19_ball6_Clear.mp4,Clear,extraction_failed,,,,,,No poses detected in video
41_set3_rally19_ball10_Smash.mp4,Smash,extraction_failed,,,,,,No poses detected in video
41_set3_rally19_ball15_Smash.mp4,Smash,extraction_failed,,,,,,No poses detected in video
41_set3_rally20_ball9_Smash.mp4,Smash,extraction_failed,,,,,,No poses detected in video
41_set3_rally21_ball13_Smash.mp4,Smash,extraction_failed,,,,,,No poses detected in video
41_set3_rally21_ball16_Clear.mp4,Clear,extraction_failed,,,,,,No poses detected in video
41_set3_rally21_ball17_Smash.mp4,Smash,extraction_failed,,,,,,No poses detected in video
41_set3_rally23_ball6_Smash.mp4,Smash,extraction_failed,,,,,,No poses detected in video
41_set3_rally25_ball12_Smash.mp4,Smash,extraction_failed,,,,,,No poses detected in video
41_set3_rally26_ball4_Clear.mp4,Clear,extraction_failed,,,,,,No poses detected in video
41_set3_rally27_ball3_Smash.mp4,Smash,success,61.0,22.0,36.0655737704918,0.7959826758577804,0.28707571916182245,
41_set3_rally29_ball9_Smash.mp4,Smash,extraction_failed,,,,,,No poses detected in video
41_set3_rally30_ball14_Smash.mp4,Smash,extraction_failed,,,,,,No poses detected in video
41_set3_rally31_ball4_Smash.mp4,Smash,extraction_failed,,,,,,No poses detected in video
41_set3_rally31_ball7_Clear.mp4,Clear,extraction_failed,,,,,,No poses detected in video
41_set3_rally31_ball11_Smash.mp4,Smash,extraction_failed,,,,,,No poses detected in video
41_set3_rally32_ball4_Clear.mp4,Clear,extraction_failed,,,,,,No poses detected in video
41_set3_rally32_ball5_Smash.mp4,Smash,extraction_failed,,,,,,No poses detected in video
41_set3_rally32_ball9_Clear.mp4,Clear,extraction_failed,,,,,,No poses detected in video
41_set3_rally33_ball7_Smash.mp4,Smash,extraction_failed,,,,,,No poses detected in video
41_set3_rally33_ball10_Smash.mp4,Smash,extraction_failed,,,,,,No poses detected in video
41_set3_rally33_ball22_Clear.mp4,Clear,extraction_failed,,,,,,No poses detected in video
41_set3_rally33_ball23_Smash.mp4,Smash,extraction_failed,,,,,,No poses detected in video
41_set3_rally33_ball29_Clear.mp4,Clear,extraction_failed,,,,,,No poses detected in video
41_set3_rally33_ball30_Clear.mp4,Clear,extraction_failed,,,,,,No poses detected in video
41_set3_rally34_ball9_Smash.mp4,Smash,extraction_failed,,,,,,No poses detected in video
41_set3_rally34_ball13_Smash.mp4,Smash,extraction_failed,,,,,,No poses detected in video
41_set3_rally35_ball7_Clear.mp4,Clear,extraction_failed,,,,,,No poses detected in video
41_set3_rally37_ball4_Clear.mp4,Clear,extraction_failed,,,,,,No poses detected in video
41_set3_rally37_ball7_Smash.mp4,Smash,extraction_failed,,,,,,No poses detected in video
41_set3_rally37_ball15_Smash.mp4,Smash,extraction_failed,,,,,,No poses detected in video
41_set3_rally37_ball25_Clear.mp4,Clear,extraction_failed,,,,,,No poses detected in video
41_set3_rally37_ball26_Smash.mp4,Smash,extraction_failed,,,,,,No poses detected in video
41_set3_rally37_ball30_Clear.mp4,Clear,extraction_failed,,,,,,No poses detected in video
41_set3_rally37_ball41_Clear.mp4,Clear,extraction_failed,,,,,,No poses detected in video
41_set3_rally37_ball42_Smash.mp4,Smash,extraction_failed,,,,,,No poses detected in video
41_set3_rally40_ball4_Clear.mp4,Clear,extraction_failed,,,,,,No poses detected in video
41_set3_rally40_ball9_Smash.mp4,Smash,extraction_failed,,,,,,No poses detected in video
41_set3_rally40_ball14_Smash.mp4,Smash,extraction_failed,,,,,,No poses detected in video
42_set1_rally1_ball4_Clear.mp4,Clear,extraction_failed,,,,,,No poses detected in video
42_set1_rally2_ball2_Clear.mp4,Clear,extraction_failed,,,,,,No poses detected in video
42_set1_rally4_ball2_Clear.mp4,Clear,extraction_failed,,,,,,No poses detected in video
42_set1_rally4_ball9_Clear.mp4,Clear,extraction_failed,,,,,,No poses detected in video
42_set1_rally4_ball20_Clear.mp4,Clear,extraction_failed,,,,,,No poses detected in video
42_set1_rally6_ball2_Clear.mp4,Clear,extraction_failed,,,,,,No poses detected in video
42_set1_rally6_ball6_Clear.mp4,Clear,extraction_failed,,,,,,No poses detected in video
42_set1_rally6_ball11_Clear.mp4,Clear,extraction_failed,,,,,,No poses detected in video
42_set1_rally6_ball12_Clear.mp4,Clear,extraction_failed,,,,,,No poses detected in video
42_set1_rally6_ball16_Clear.mp4,Clear,extraction_failed,,,,,,No poses detected in video
42_set1_rally6_ball17_Clear.mp4,Clear,extraction_failed,,,,,,No poses detected in video
42_set1_rally6_ball18_Smash.mp4,Smash,extraction_failed,,,,,,No poses detected in video
42_set1_rally7_ball4_Smash.mp4,Smash,extraction_failed,,,,,,No poses detected in video
42_set1_rally8_ball2_Clear.mp4,Clear,extraction_failed,,,,,,No poses detected in video
42_set1_rally9_ball2_Clear.mp4,Clear,extraction_failed,,,,,,No poses detected in video
42_set1_rally9_ball3_Clear.mp4,Clear,extraction_failed,,,,,,No poses detected in video
42_set1_rally9_ball4_Clear.mp4,Clear,extraction_failed,,,,,,No poses detected in video
42_set1_rally9_ball5_Smash.mp4,Smash,extraction_failed,,,,,,No poses detected in video
42_set1_rally10_ball10_Clear.mp4,Clear,extraction_failed,,,,,,No poses detected in video
42_set1_rally10_ball11_Smash.mp4,Smash,extraction_failed,,,,,,No poses detected in video
42_set1_rally11_ball5_Clear.mp4,Clear,extraction_failed,,,,,,No poses detected in video
42_set1_rally11_ball10_Clear.mp4,Clear,extraction_failed,,,,,,No poses detected in video
42_set1_rally11_ball11_Clear.mp4,Clear,extraction_failed,,,,,,No poses detected in video
42_set1_rally11_ball12_Clear.mp4,Clear,extraction_failed,,,,,,No poses detected in video
42_set1_rally11_ball13_Clear.mp4,Clear,extraction_failed,,,,,,No poses detected in video
42_set1_rally11_ball14_Clear.mp4,Clear,extraction_failed,,,,,,No poses detected in video
42_set1_rally11_ball15_Clear.mp4,Clear,extraction_failed,,,,,,No poses detected in video
42_set1_rally14_ball5_Clear.mp4,Clear,extraction_failed,,,,,,No poses detected in video
42_set1_rally14_ball6_Clear.mp4,Clear,extraction_failed,,,,,,No poses detected in video
42_set1_rally17_ball2_Clear.mp4,Clear,extraction_failed,,,,,,No poses detected in video
42_set1_rally19_ball5_Clear.mp4,Clear,extraction_failed,,,,,,No poses detected in video
42_set1_rally19_ball8_Clear.mp4,Clear,extraction_failed,,,,,,No poses detected in video
42_set1_rally19_ball14_Clear.mp4,Clear,extraction_failed,,,,,,No poses detected in video
42_set1_rally19_ball15_Clear.mp4,Clear,extraction_failed,,,,,,No poses detected in video
42_set1_rally20_ball2_Smash.mp4,Smash,extraction_failed,,,,,,No poses detected in video
42_set1_rally20_ball5_Smash.mp4,Smash,extraction_failed,,,,,,No poses detected in video
42_set1_rally22_ball2_Clear.mp4,Clear,extraction_failed,,,,,,No poses detected in video
42_set1_rally22_ball7_Smash.mp4,Smash,extraction_failed,,,,,,No poses detected in video
42_set1_rally22_ball12_Clear.mp4,Clear,extraction_failed,,,,,,No poses detected in video
42_set1_rally22_ball15_Clear.mp4,Clear,extraction_failed,,,,,,No poses detected in video
42_set1_rally23_ball2_Smash.mp4,Smash,extraction_failed,,,,,,No poses detected in video
42_set1_rally24_ball2_Clear.mp4,Clear,extraction_failed,,,,,,No poses detected in video
42_set1_rally25_ball2_Smash.mp4,Smash,extraction_failed,,,,,,No poses detected in video
42_set1_rally26_ball2_Clear.mp4,Clear,extraction_failed,,,,,,No poses detected in video
42_set1_rally26_ball3_Clear.mp4,Clear,extraction_failed,,,,,,No poses detected in video
42_set1_rally26_ball4_Clear.mp4,Clear,extraction_failed,,,,,,No poses detected in video
42_set1_rally26_ball5_Clear.mp4,Clear,extraction_failed,,,,,,No poses detected in video
42_set1_rally26_ball6_Clear.mp4,Clear,extraction_failed,,,,,,No poses detected in video
42_set1_rally26_ball7_Clear.mp4,Clear,extraction_failed,,,,,,No poses detected in video
42_set1_rally26_ball11_Clear.mp4,Clear,extraction_failed,,,,,,No poses detected in video
42_set1_rally26_ball12_Smash.mp4,Smash,extraction_failed,,,,,,No poses detected in video
42_set1_rally27_ball7_Clear.mp4,Clear,extraction_failed,,,,,,No poses detected in video
42_set1_rally27_ball8_Smash.mp4,Smash,extraction_failed,,,,,,No poses detected in video
42_set1_rally27_ball16_Clear.mp4,Clear,extraction_failed,,,,,,No poses detected in video
42_set1_rally27_ball17_Clear.mp4,Clear,extraction_failed,,,,,,No poses detected in video
42_set1_rally27_ball18_Clear.mp4,Clear,extraction_failed,,,,,,No poses detected in video
42_set1_rally27_ball19_Clear.mp4,Clear,extraction_failed,,,,,,No poses detected in video
42_set1_rally28_ball2_Smash.mp4,Smash,success,61.0,45.0,73.77049180327869,0.7952373685810702,0.5866505178057075,
42_set1_rally29_ball2_Smash.mp4,Smash,extraction_failed,,,,,,No poses detected in video
42_set1_rally29_ball9_Clear.mp4,Clear,extraction_failed,,,,,,No poses detected in video
42_set1_rally30_ball2_Smash.mp4,Smash,extraction_failed,,,,,,No poses detected in video
42_set1_rally30_ball6_Clear.mp4,Clear,extraction_failed,,,,,,No poses detected in video
42_set1_rally31_ball3_Clear.mp4,Clear,extraction_failed,,,,,,No poses detected in video
42_set1_rally32_ball2_Smash.mp4,Smash,extraction_failed,,,,,,No poses detected in video
42_set1_rally32_ball4_Smash.mp4,Smash,extraction_failed,,,,,,No poses detected in video
42_set1_rally32_ball7_Clear.mp4,Clear,extraction_failed,,,,,,No poses detected in video
42_set1_rally32_ball8_Smash.mp4,Smash,extraction_failed,,,,,,No poses detected in video
42_set1_rally33_ball5_Clear.mp4,Clear,extraction_failed,,,,,,No poses detected in video
42_set1_rally33_ball6_Smash.mp4,Smash,extraction_failed,,,,,,No poses detected in video
42_set1_rally34_ball4_Clear.mp4,Clear,extraction_failed,,,,,,No poses detected in video
42_set1_rally34_ball5_Clear.mp4,Clear,extraction_failed,,,,,,No poses detected in video
42_set1_rally34_ball6_Clear.mp4,Clear,extraction_failed,,,,,,No poses detected in video
42_set1_rally35_ball5_Clear.mp4,Clear,extraction_failed,,,,,,No poses detected in video
42_set1_rally36_ball2_Smash.mp4,Smash,extraction_failed,,,,,,No poses detected in video
42_set1_rally36_ball8_Clear.mp4,Clear,success,61.0,1.0,1.639344262295082,0.766229290628072,0.012561135911935606,
42_set1_rally37_ball3_Clear.mp4,Clear,extraction_failed,,,,,,No poses detected in video
42_set1_rally37_ball4_Smash.mp4,Smash,extraction_failed,,,,,,No poses detected in video
42_set1_rally38_ball4_Smash.mp4,Smash,extraction_failed,,,,,,No poses detected in video
42_set1_rally38_ball7_Smash.mp4,Smash,extraction_failed,,,,,,No poses detected in video
42_set1_rally38_ball14_Clear.mp4,Clear,extraction_failed,,,,,,No poses detected in video
42_set1_rally38_ball15_Clear.mp4,Clear,extraction_failed,,,,,,No poses detected in video
42_set1_rally38_ball16_Smash.mp4,Smash,extraction_failed,,,,,,No poses detected in video
42_set1_rally38_ball20_Clear.mp4,Clear,extraction_failed,,,,,,No poses detected in video
42_set1_rally38_ball21_Clear.mp4,Clear,extraction_failed,,,,,,No poses detected in video
42_set1_rally39_ball2_Clear.mp4,Clear,extraction_failed,,,,,,No poses detected in video
42_set1_rally39_ball3_Smash.mp4,Smash,extraction_failed,,,,,,No poses detected in video
42_set1_rally39_ball6_Clear.mp4,Clear,extraction_failed,,,,,,No poses detected in video
42_set1_rally39_ball7_Clear.mp4,Clear,extraction_failed,,,,,,No poses detected in video
42_set1_rally39_ball8_Clear.mp4,Clear,extraction_failed,,,,,,No poses detected in video
42_set1_rally39_ball9_Clear.mp4,Clear,extraction_failed,,,,,,No poses detected in video
42_set1_rally39_ball10_Clear.mp4,Clear,success,61.0,54.0,88.52459016393442,0.7902009907261155,0.6995221885116432,
42_set1_rally39_ball14_Clear.mp4,Clear,success,61.0,61.0,100.0,0.8683951828671342,0.8683951828671342,
42_set2_rally1_ball2_Smash.mp4,Smash,extraction_failed,,,,,,No poses detected in video
42_set2_rally1_ball10_Smash.mp4,Smash,extraction_failed,,,,,,No poses detected in video
42_set2_rally1_ball14_Smash.mp4,Smash,extraction_failed,,,,,,No poses detected in video
42_set2_rally1_ball16_Smash.mp4,Smash,extraction_failed,,,,,,No poses detected in video
42_set2_rally2_ball2_Smash.mp4,Smash,success,61.0,9.0,14.754098360655737,0.7772475517157352,0.11467586828592814,
42_set2_rally2_ball8_Clear.mp4,Clear,extraction_failed,,,,,,No poses detected in video
42_set2_rally2_ball9_Smash.mp4,Smash,extraction_failed,,,,,,No poses detected in video
42_set2_rally3_ball2_Smash.mp4,Smash,extraction_failed,,,,,,No poses detected in video
42_set2_rally4_ball2_Smash.mp4,Smash,extraction_failed,,,,,,No poses detected in video
42_set2_rally4_ball7_Smash.mp4,Smash,extraction_failed,,,,,,No poses detected in video
42_set2_rally5_ball2_Smash.mp4,Smash,extraction_failed,,,,,,No poses detected in video
42_set2_rally5_ball5_Clear.mp4,Clear,extraction_failed,,,,,,No poses detected in video
42_set2_rally6_ball2_Clear.mp4,Clear,success,61.0,45.0,73.77049180327869,0.6510276705081361,0.4802663143092808,
42_set2_rally7_ball5_Clear.mp4,Clear,success,61.0,61.0,100.0,0.7526481007084703,0.7526481007084703,
42_set2_rally8_ball5_Clear.mp4,Clear,success,61.0,61.0,100.0,0.8059374972385848,0.8059374972385848,
42_set2_rally9_ball2_Clear.mp4,Clear,success,61.0,61.0,100.0,0.6915277236590501,0.6915277236590501,
42_set2_rally11_ball2_Smash.mp4,Smash,success,61.0,61.0,100.0,0.8285844456598762,0.8285844456598762,
42_set2_rally13_ball5_Smash.mp4,Smash,success,61.0,61.0,100.0,0.7758928016975514,0.7758928016975514,
42_set2_rally13_ball7_Smash.mp4,Smash,success,61.0,61.0,100.0,0.7234242163927946,0.7234242163927946,
42_set2_rally13_ball13_Smash.mp4,Smash,success,61.0,61.0,100.0,0.7123645005744899,0.7123645005744899,
42_set2_rally13_ball16_Clear.mp4,Clear,success,61.0,61.0,100.0,0.7322752465671175,0.7322752465671175,
42_set2_rally14_ball2_Smash.mp4,Smash,success,61.0,5.0,8.19672131147541,0.6523755707072489,0.0534734074350204,
42_set2_rally14_ball4_Smash.mp4,Smash,extraction_failed,,,,,,No poses detected in video
42_set2_rally15_ball2_Clear.mp4,Clear,success,61.0,61.0,100.0,0.6812298012072922,0.6812298012072922,
42_set2_rally15_ball3_Smash.mp4,Smash,success,61.0,61.0,100.0,0.7566977912995927,0.7566977912995927,
42_set2_rally16_ball7_Smash.mp4,Smash,success,61.0,61.0,100.0,0.7673377276606899,0.7673377276606899,
42_set2_rally17_ball2_Smash.mp4,Smash,success,61.0,61.0,100.0,0.6571878633071876,0.6571878633071876,
42_set2_rally17_ball5_Clear.mp4,Clear,success,61.0,61.0,100.0,0.7465161518469062,0.7465161518469062,
42_set2_rally17_ball9_Smash.mp4,Smash,success,61.0,61.0,100.0,0.7639320525611388,0.7639320525611388,
42_set2_rally17_ball13_Clear.mp4,Clear,success,61.0,61.0,100.0,0.7381121640219004,0.7381121640219004,
42_set2_rally17_ball18_Clear.mp4,Clear,success,61.0,61.0,100.0,0.7818370210224281,0.7818370210224281,
42_set2_rally17_ball19_Smash.mp4,Smash,success,61.0,61.0,100.0,0.7744484257473024,0.7744484257473024,
42_set2_rally18_ball2_Smash.mp4,Smash,success,61.0,61.0,100.0,0.8179641572237607,0.8179641572237607,
42_set2_rally19_ball2_Smash.mp4,Smash,success,61.0,41.0,67.21311475409836,0.5223805605105544,0.3511082455890611,
42_set2_rally19_ball10_Smash.mp4,Smash,extraction_failed,,,,,,No poses detected in video
42_set2_rally20_ball9_Smash.mp4,Smash,extraction_failed,,,,,,No poses detected in video
42_set2_rally21_ball6_Clear.mp4,Clear,extraction_failed,,,,,,No poses detected in video
42_set2_rally21_ball7_Smash.mp4,Smash,extraction_failed,,,,,,No poses detected in video
42_set2_rally21_ball9_Smash.mp4,Smash,extraction_failed,,,,,,No poses detected in video
42_set2_rally21_ball14_Clear.mp4,Clear,extraction_failed,,,,,,No poses detected in video
42_set2_rally21_ball15_Clear.mp4,Clear,extraction_failed,,,,,,No poses detected in video
42_set2_rally21_ball16_Clear.mp4,Clear,extraction_failed,,,,,,No poses detected in video
42_set2_rally23_ball3_Smash.mp4,Smash,success,61.0,60.0,98.36065573770492,0.5417385691053366,0.5328576089560687,
42_set2_rally23_ball6_Smash.mp4,Smash,success,61.0,61.0,100.0,0.7509227671983877,0.7509227671983877,
42_set2_rally26_ball2_Smash.mp4,Smash,success,61.0,61.0,100.0,0.7429480999190003,0.7429480999190003,
42_set2_rally27_ball2_Clear.mp4,Clear,success,61.0,61.0,100.0,0.8003528928259269,0.8003528928259269,
42_set2_rally27_ball3_Smash.mp4,Smash,success,61.0,61.0,100.0,0.802571280621144,0.802571280621144,
42_set2_rally27_ball8_Clear.mp4,Clear,success,61.0,61.0,100.0,0.7901404384085036,0.7901404384085036,
42_set2_rally27_ball9_Clear.mp4,Clear,success,61.0,61.0,100.0,0.7687657703615455,0.7687657703615455,
42_set2_rally27_ball12_Smash.mp4,Smash,success,61.0,61.0,100.0,0.7728474518285128,0.7728474518285128,
42_set2_rally28_ball5_Smash.mp4,Smash,success,61.0,61.0,100.0,0.8008966783771335,0.8008966783771335,
42_set2_rally28_ball14_Clear.mp4,Clear,success,61.0,61.0,100.0,0.7673380931943905,0.7673380931943905,
42_set2_rally28_ball15_Clear.mp4,Clear,success,61.0,61.0,100.0,0.8244066469138142,0.8244066469138142,
42_set2_rally29_ball2_Smash.mp4,Smash,success,61.0,61.0,100.0,0.810132404249874,0.810132404249874,
42_set2_rally29_ball5_Clear.mp4,Clear,success,61.0,61.0,100.0,0.8067051185432854,0.8067051185432854,
42_set2_rally30_ball7_Smash.mp4,Smash,success,61.0,61.0,100.0,0.7133614053950639,0.7133614053950639,
42_set2_rally32_ball2_Smash.mp4,Smash,success,61.0,61.0,100.0,0.7553762358942258,0.7553762358942258,
42_set2_rally32_ball4_Clear.mp4,Clear,success,61.0,61.0,100.0,0.7762559005501137,0.7762559005501137,
42_set2_rally32_ball5_Smash.mp4,Smash,success,61.0,61.0,100.0,0.7797597037194324,0.7797597037194324,
42_set2_rally33_ball2_Clear.mp4,Clear,success,61.0,61.0,100.0,0.7880324033573382,0.7880324033573382,
42_set2_rally34_ball10_Smash.mp4,Smash,success,61.0,61.0,100.0,0.820536429883234,0.820536429883234,
42_set2_rally34_ball13_Clear.mp4,Clear,success,61.0,61.0,100.0,0.838707454336027,0.838707454336027,
42_set2_rally34_ball14_Clear.mp4,Clear,success,61.0,61.0,100.0,0.809053199198254,0.809053199198254,
42_set2_rally34_ball15_Smash.mp4,Smash,success,61.0,61.0,100.0,0.8216302031331907,0.8216302031331907,
42_set2_rally34_ball17_Smash.mp4,Smash,success,61.0,61.0,100.0,0.8123988743984336,0.8123988743984336,
42_set2_rally35_ball2_Smash.mp4,Smash,success,61.0,61.0,100.0,0.7334660724419831,0.7334660724419831,
43_set1_rally1_ball2_Smash.mp4,Smash,success,61.0,61.0,100.0,0.818234235559064,0.818234235559064,
43_set1_rally1_ball5_Clear.mp4,Clear,success,61.0,61.0,100.0,0.8039585165771985,0.8039585165771985,
43_set1_rally1_ball6_Clear.mp4,Clear,success,61.0,61.0,100.0,0.8464383062325005,0.8464383062325005,
43_set1_rally1_ball7_Clear.mp4,Clear,success,61.0,61.0,100.0,0.8492278533821608,0.8492278533821608,
43_set1_rally2_ball3_Clear.mp4,Clear,success,61.0,61.0,100.0,0.8275346299841577,0.8275346299841577,
43_set1_rally2_ball8_Clear.mp4,Clear,success,61.0,61.0,100.0,0.8383537931964579,0.8383537931964579,
43_set1_rally2_ball9_Clear.mp4,Clear,success,61.0,61.0,100.0,0.8280314880701303,0.8280314880701303,
43_set1_rally2_ball10_Clear.mp4,Clear,success,61.0,61.0,100.0,0.8327773374020018,0.8327773374020018,
43_set1_rally3_ball4_Smash.mp4,Smash,success,61.0,61.0,100.0,0.8391729884193836,0.8391729884193836,
43_set1_rally3_ball7_Smash.mp4,Smash,success,61.0,61.0,100.0,0.8435534678521703,0.8435534678521703,
43_set1_rally3_ball10_Clear.mp4,Clear,success,61.0,61.0,100.0,0.8286502887834912,0.8286502887834912,
43_set1_rally6_ball3_Smash.mp4,Smash,success,61.0,61.0,100.0,0.7930606081748683,0.7930606081748683,
43_set1_rally7_ball3_Clear.mp4,Clear,success,61.0,61.0,100.0,0.7880476235869626,0.7880476235869626,
43_set1_rally8_ball5_Clear.mp4,Clear,success,61.0,61.0,100.0,0.7985564008821497,0.7985564008821497,
43_set1_rally8_ball6_Clear.mp4,Clear,success,61.0,61.0,100.0,0.7992262577113379,0.7992262577113379,
43_set1_rally8_ball7_Clear.mp4,Clear,success,61.0,61.0,100.0,0.8022101514829787,0.8022101514829787,
43_set1_rally8_ball8_Smash.mp4,Smash,success,61.0,61.0,100.0,0.7618316834874846,0.7618316834874846,
43_set1_rally8_ball14_Clear.mp4,Clear,success,61.0,61.0,100.0,0.7304831940516037,0.7304831940516037,
43_set1_rally9_ball2_Smash.mp4,Smash,success,61.0,61.0,100.0,0.803782132901603,0.803782132901603,
43_set1_rally10_ball7_Clear.mp4,Clear,success,61.0,61.0,100.0,0.7631720757519967,0.7631720757519967,
43_set1_rally11_ball3_Clear.mp4,Clear,success,61.0,61.0,100.0,0.7770360105157904,0.7770360105157904,
43_set1_rally11_ball7_Clear.mp4,Clear,success,61.0,61.0,100.0,0.7770788866935887,0.7770788866935887,
43_set1_rally11_ball8_Clear.mp4,Clear,success,61.0,61.0,100.0,0.7832792663657127,0.7832792663657127,
43_set1_rally11_ball9_Smash.mp4,Smash,success,61.0,61.0,100.0,0.7781340541587324,0.7781340541587324,
43_set1_rally12_ball4_Smash.mp4,Smash,success,61.0,61.0,100.0,0.7643335201049762,0.7643335201049762,
43_set1_rally12_ball10_Smash.mp4,Smash,success,61.0,61.0,100.0,0.7741385228780154,0.7741385228780154,
43_set1_rally12_ball13_Smash.mp4,Smash,success,61.0,61.0,100.0,0.7955607521448097,0.7955607521448097,
43_set1_rally12_ball16_Clear.mp4,Clear,success,61.0,61.0,100.0,0.7914997674506278,0.7914997674506278,
43_set1_rally13_ball8_Smash.mp4,Smash,success,61.0,61.0,100.0,0.8222931760552507,0.8222931760552507,
43_set1_rally15_ball3_Clear.mp4,Clear,success,61.0,61.0,100.0,0.798519051214148,0.798519051214148,
43_set1_rally15_ball8_Clear.mp4,Clear,success,61.0,61.0,100.0,0.7773162423676065,0.7773162423676065,
43_set1_rally15_ball9_Smash.mp4,Smash,success,61.0,61.0,100.0,0.7947302657353955,0.7947302657353955,
43_set1_rally15_ball11_Clear.mp4,Clear,success,61.0,61.0,100.0,0.7638321046398697,0.7638321046398697,
43_set1_rally15_ball12_Clear.mp4,Clear,success,61.0,61.0,100.0,0.7486832319683422,0.7486832319683422,
43_set1_rally15_ball13_Smash.mp4,Smash,success,61.0,61.0,100.0,0.7775174531173303,0.7775174531173303,
43_set1_rally16_ball4_Smash.mp4,Smash,success,61.0,61.0,100.0,0.7952604430324689,0.7952604430324689,
43_set1_rally20_ball4_Clear.mp4,Clear,success,61.0,61.0,100.0,0.7863575352760198,0.7863575352760198,
43_set1_rally23_ball3_Clear.mp4,Clear,success,61.0,61.0,100.0,0.7951951132401621,0.7951951132401621,
43_set1_rally24_ball10_Clear.mp4,Clear,success,61.0,61.0,100.0,0.7785942648263104,0.7785942648263104,
43_set1_rally24_ball11_Smash.mp4,Smash,success,61.0,61.0,100.0,0.8564373371068721,0.8564373371068721,
43_set1_rally26_ball5_Clear.mp4,Clear,success,61.0,61.0,100.0,0.8487510491279127,0.8487510491279127,
43_set1_rally26_ball6_Smash.mp4,Smash,success,61.0,61.0,100.0,0.8379922933058545,0.8379922933058545,
43_set1_rally26_ball16_Clear.mp4,Clear,success,61.0,61.0,100.0,0.8426453264432942,0.8426453264432942,
43_set1_rally26_ball17_Smash.mp4,Smash,success,61.0,61.0,100.0,0.8360064057748944,0.8360064057748944,
43_set1_rally27_ball3_Clear.mp4,Clear,success,61.0,61.0,100.0,0.8638670188881423,0.8638670188881423,
43_set1_rally27_ball18_Clear.mp4,Clear,success,61.0,61.0,100.0,0.8536747755826082,0.8536747755826082,
43_set1_rally27_ball19_Clear.mp4,Clear,success,61.0,61.0,100.0,0.8335935964965725,0.8335935964965725,
43_set1_rally27_ball20_Clear.mp4,Clear,success,61.0,61.0,100.0,0.865091718322474,0.865091718322474,
43_set1_rally27_ball23_Clear.mp4,Clear,success,61.0,61.0,100.0,0.8492955364549688,0.8492955364549688,
43_set1_rally27_ball24_Clear.mp4,Clear,success,61.0,61.0,100.0,0.8313222145906919,0.8313222145906919,
43_set1_rally27_ball25_Clear.mp4,Clear,success,61.0,61.0,100.0,0.7798549650959627,0.7798549650959627,
43_set1_rally27_ball28_Clear.mp4,Clear,success,61.0,61.0,100.0,0.8134865330720031,0.8134865330720031,
43_set1_rally28_ball10_Clear.mp4,Clear,success,61.0,61.0,100.0,0.7946385334098273,0.7946385334098273,
43_set1_rally28_ball11_Clear.mp4,Clear,success,61.0,61.0,100.0,0.7748209456721171,0.7748209456721171,
43_set1_rally29_ball8_Smash.mp4,Smash,success,61.0,61.0,100.0,0.7739205683160054,0.7739205683160054,
43_set1_rally32_ball4_Clear.mp4,Clear,success,61.0,61.0,100.0,0.8126043306762643,0.8126043306762643,
43_set1_rally32_ball7_Clear.mp4,Clear,success,61.0,61.0,100.0,0.8356206321517923,0.8356206321517923,
43_set1_rally32_ball11_Clear.mp4,Clear,success,61.0,61.0,100.0,0.8373837746157909,0.8373837746157909,
43_set1_rally32_ball12_Clear.mp4,Clear,success,61.0,61.0,100.0,0.7942068044723591,0.7942068044723591,
43_set1_rally32_ball18_Clear.mp4,Clear,success,61.0,61.0,100.0,0.8370013838227683,0.8370013838227683,
43_set1_rally33_ball3_Clear.mp4,Clear,success,61.0,61.0,100.0,0.8050636735000364,0.8050636735000364,
43_set1_rally33_ball12_Clear.mp4,Clear,success,61.0,61.0,100.0,0.7700793036864398,0.7700793036864398,
43_set1_rally34_ball3_Clear.mp4,Clear,success,61.0,61.0,100.0,0.7732360111989017,0.7732360111989017,
43_set1_rally34_ball4_Clear.mp4,Clear,success,61.0,61.0,100.0,0.8196281771931077,0.8196281771931077,
43_set2_rally1_ball4_Smash.mp4,Smash,success,61.0,61.0,100.0,0.8006415898623421,0.8006415898623421,
43_set2_rally3_ball10_Clear.mp4,Clear,success,61.0,61.0,100.0,0.7960665337241708,0.7960665337241708,
43_set2_rally4_ball11_Smash.mp4,Smash,success,61.0,61.0,100.0,0.716738028523049,0.716738028523049,
43_set2_rally7_ball3_Smash.mp4,Smash,success,61.0,61.0,100.0,0.7772710901022075,0.7772710901022075,
43_set2_rally9_ball7_Clear.mp4,Clear,success,61.0,61.0,100.0,0.7391536347364468,0.7391536347364468,
43_set2_rally10_ball7_Clear.mp4,Clear,success,61.0,61.0,100.0,0.7258910431799106,0.7258910431799106,
43_set2_rally11_ball2_Clear.mp4,Clear,success,61.0,61.0,100.0,0.7914288045900472,0.7914288045900472,
43_set2_rally12_ball3_Smash.mp4,Smash,success,61.0,61.0,100.0,0.8078843828048271,0.8078843828048271,
43_set2_rally13_ball4_Smash.mp4,Smash,success,61.0,61.0,100.0,0.8131511795301669,0.8131511795301669,
43_set2_rally13_ball8_Clear.mp4,Clear,success,61.0,61.0,100.0,0.8127264102788573,0.8127264102788573,
43_set2_rally13_ball9_Smash.mp4,Smash,success,61.0,61.0,100.0,0.8016384379430249,0.8016384379430249,
43_set2_rally16_ball8_Clear.mp4,Clear,success,61.0,61.0,100.0,0.8082533704808146,0.8082533704808146,
43_set2_rally18_ball9_Clear.mp4,Clear,success,61.0,61.0,100.0,0.7964373331015463,0.7964373331015463,
43_set2_rally18_ball10_Clear.mp4,Clear,success,61.0,61.0,100.0,0.7847584617475462,0.7847584617475462,
43_set2_rally20_ball2_Smash.mp4,Smash,extraction_failed,,,,,,No poses detected in video
43_set2_rally20_ball6_Smash.mp4,Smash,extraction_failed,,,,,,No poses detected in video
43_set2_rally21_ball3_Smash.mp4,Smash,success,61.0,61.0,100.0,0.60666137167576,0.60666137167576,
43_set2_rally21_ball6_Clear.mp4,Clear,success,61.0,26.0,42.62295081967213,0.49504694129320814,0.21100361432169526,
43_set2_rally21_ball7_Smash.mp4,Smash,extraction_failed,,,,,,No poses detected in video
43_set2_rally23_ball5_Smash.mp4,Smash,extraction_failed,,,,,,No poses detected in video
43_set2_rally24_ball8_Smash.mp4,Smash,extraction_failed,,,,,,No poses detected in video
43_set2_rally24_ball11_Smash.mp4,Smash,extraction_failed,,,,,,No poses detected in video
43_set2_rally24_ball17_Clear.mp4,Clear,extraction_failed,,,,,,No poses detected in video
43_set2_rally25_ball5_Smash.mp4,Smash,extraction_failed,,,,,,No poses detected in video
43_set2_rally27_ball3_Clear.mp4,Clear,extraction_failed,,,,,,No poses detected in video
43_set2_rally27_ball4_Smash.mp4,Smash,extraction_failed,,,,,,No poses detected in video
43_set2_rally28_ball10_Clear.mp4,Clear,extraction_failed,,,,,,No poses detected in video
43_set2_rally28_ball11_Clear.mp4,Clear,extraction_failed,,,,,,No poses detected in video
43_set2_rally28_ball12_Clear.mp4,Clear,extraction_failed,,,,,,No poses detected in video
43_set2_rally28_ball13_Clear.mp4,Clear,extraction_failed,,,,,,No poses detected in video
43_set2_rally28_ball14_Smash.mp4,Smash,extraction_failed,,,,,,No poses detected in video
43_set2_rally28_ball19_Clear.mp4,Clear,extraction_failed,,,,,,No poses detected in video
43_set2_rally28_ball26_Clear.mp4,Clear,extraction_failed,,,,,,No poses detected in video
43_set2_rally28_ball27_Clear.mp4,Clear,extraction_failed,,,,,,No poses detected in video
43_set2_rally28_ball28_Clear.mp4,Clear,extraction_failed,,,,,,No poses detected in video
43_set2_rally31_ball4_Smash.mp4,Smash,extraction_failed,,,,,,No poses detected in video
43_set2_rally31_ball11_Clear.mp4,Clear,extraction_failed,,,,,,No poses detected in video
43_set2_rally33_ball4_Clear.mp4,Clear,extraction_failed,,,,,,No poses detected in video
43_set2_rally33_ball10_Clear.mp4,Clear,extraction_failed,,,,,,No poses detected in video
44_set1_rally2_ball7_Clear.mp4,Clear,extraction_failed,,,,,,No poses detected in video
44_set1_rally2_ball9_Smash.mp4,Smash,extraction_failed,,,,,,No poses detected in video
44_set1_rally5_ball3_Clear.mp4,Clear,success,61.0,5.0,8.19672131147541,0.6311511849363646,0.05173370368330857,
44_set1_rally5_ball15_Clear.mp4,Clear,success,61.0,61.0,100.0,0.8091849892872575,0.8091849892872575,
44_set1_rally5_ball16_Smash.mp4,Smash,extraction_failed,,,,,,No poses detected in video
44_set1_rally5_ball21_Clear.mp4,Clear,extraction_failed,,,,,,No poses detected in video
44_set1_rally5_ball22_Smash.mp4,Smash,extraction_failed,,,,,,No poses detected in video
44_set1_rally7_ball9_Clear.mp4,Clear,extraction_failed,,,,,,No poses detected in video
44_set1_rally7_ball10_Clear.mp4,Clear,extraction_failed,,,,,,No poses detected in video
44_set1_rally7_ball11_Clear.mp4,Clear,extraction_failed,,,,,,No poses detected in video
44_set1_rally7_ball12_Smash.mp4,Smash,extraction_failed,,,,,,No poses detected in video
44_set1_rally9_ball5_Smash.mp4,Smash,extraction_failed,,,,,,No poses detected in video
44_set1_rally12_ball11_Clear.mp4,Clear,extraction_failed,,,,,,No poses detected in video
44_set1_rally12_ball18_Smash.mp4,Smash,extraction_failed,,,,,,No poses detected in video
44_set1_rally13_ball5_Smash.mp4,Smash,extraction_failed,,,,,,No poses detected in video
44_set1_rally15_ball3_Clear.mp4,Clear,success,61.0,1.0,1.639344262295082,0.8292118347052372,0.013593636634512086,
44_set1_rally15_ball16_Smash.mp4,Smash,extraction_failed,,,,,,No poses detected in video
44_set1_rally16_ball3_Clear.mp4,Clear,extraction_failed,,,,,,No poses detected in video
44_set1_rally16_ball8_Clear.mp4,Clear,extraction_failed,,,,,,No poses detected in video
44_set1_rally16_ball12_Clear.mp4,Clear,extraction_failed,,,,,,No poses detected in video
44_set1_rally16_ball20_Clear.mp4,Clear,extraction_failed,,,,,,No poses detected in video
44_set1_rally16_ball21_Smash.mp4,Smash,success,61.0,40.0,65.57377049180327,0.852252512047011,0.558854106260335,
44_set1_rally19_ball3_Clear.mp4,Clear,success,61.0,61.0,100.0,0.8332526342701806,0.8332526342701806,
44_set1_rally19_ball9_Smash.mp4,Smash,success,61.0,3.0,4.918032786885246,0.8012305979776864,0.03940478350709933,
44_set1_rally21_ball2_Smash.mp4,Smash,extraction_failed,,,,,,No poses detected in video
44_set1_rally22_ball7_Smash.mp4,Smash,success,61.0,7.0,11.475409836065573,0.7749675027219765,0.08893069703366942,
44_set1_rally23_ball13_Clear.mp4,Clear,extraction_failed,,,,,,No poses detected in video
44_set1_rally26_ball4_Clear.mp4,Clear,extraction_failed,,,,,,No poses detected in video
44_set1_rally26_ball5_Smash.mp4,Smash,extraction_failed,,,,,,No poses detected in video
44_set1_rally26_ball10_Clear.mp4,Clear,extraction_failed,,,,,,No poses detected in video
44_set1_rally28_ball6_Clear.mp4,Clear,extraction_failed,,,,,,No poses detected in video
44_set1_rally28_ball7_Smash.mp4,Smash,extraction_failed,,,,,,No poses detected in video
44_set1_rally30_ball2_Smash.mp4,Smash,extraction_failed,,,,,,No poses detected in video
44_set1_rally31_ball12_Smash.mp4,Smash,extraction_failed,,,,,,No poses detected in video
44_set1_rally32_ball17_Clear.mp4,Clear,extraction_failed,,,,,,No poses detected in video
44_set1_rally32_ball21_Smash.mp4,Smash,extraction_failed,,,,,,No poses detected in video
44_set1_rally33_ball4_Smash.mp4,Smash,extraction_failed,,,,,,No poses detected in video
44_set1_rally34_ball6_Clear.mp4,Clear,extraction_failed,,,,,,No poses detected in video
44_set1_rally34_ball7_Clear.mp4,Clear,success,61.0,14.0,22.950819672131146,0.7809172347187996,0.1792269063289048,
44_set1_rally34_ball21_Smash.mp4,Smash,success,61.0,61.0,100.0,0.8252633623094092,0.8252633623094092,
44_set1_rally35_ball3_Clear.mp4,Clear,success,61.0,61.0,100.0,0.8725640857865189,0.8725640857865189,
44_set1_rally35_ball4_Smash.mp4,Smash,extraction_failed,,,,,,No poses detected in video
44_set1_rally36_ball5_Clear.mp4,Clear,extraction_failed,,,,,,No poses detected in video
44_set1_rally36_ball6_Clear.mp4,Clear,success,61.0,1.0,1.639344262295082,0.8139963177117434,0.013344201929700712,
44_set1_rally37_ball3_Clear.mp4,Clear,extraction_failed,,,,,,No poses detected in video
44_set1_rally37_ball4_Clear.mp4,Clear,extraction_failed,,,,,,No poses detected in video
44_set1_rally37_ball5_Smash.mp4,Smash,extraction_failed,,,,,,No poses detected in video
44_set1_rally37_ball10_Smash.mp4,Smash,extraction_failed,,,,,,No poses detected in video
44_set1_rally37_ball16_Smash.mp4,Smash,extraction_failed,,,,,,No poses detected in video
44_set1_rally37_ball23_Clear.mp4,Clear,extraction_failed,,,,,,No poses detected in video
44_set2_rally1_ball3_Smash.mp4,Smash,extraction_failed,,,,,,No poses detected in video
44_set2_rally1_ball12_Clear.mp4,Clear,extraction_failed,,,,,,No poses detected in video
44_set2_rally1_ball17_Clear.mp4,Clear,extraction_failed,,,,,,No poses detected in video
44_set2_rally1_ball18_Smash.mp4,Smash,extraction_failed,,,,,,No poses detected in video
44_set2_rally6_ball3_Clear.mp4,Clear,success,61.0,35.0,57.377049180327866,0.7879447988746485,0.4520994747641426,
44_set2_rally6_ball4_Smash.mp4,Smash,success,61.0,61.0,100.0,0.845856162812422,0.845856162812422,
44_set2_rally8_ball3_Clear.mp4,Clear,success,61.0,1.0,1.639344262295082,0.7872966363122968,0.012906502234627817,
44_set2_rally8_ball4_Clear.mp4,Clear,extraction_failed,,,,,,No poses detected in video
44_set2_rally8_ball5_Smash.mp4,Smash,extraction_failed,,,,,,No poses detected in video
44_set2_rally10_ball2_Smash.mp4,Smash,extraction_failed,,,,,,No poses detected in video
44_set2_rally11_ball2_Smash.mp4,Smash,extraction_failed,,,,,,No poses detected in video
44_set2_rally14_ball2_Smash.mp4,Smash,extraction_failed,,,,,,No poses detected in video
44_set2_rally14_ball8_Smash.mp4,Smash,extraction_failed,,,,,,No poses detected in video
44_set2_rally16_ball3_Smash.mp4,Smash,extraction_failed,,,,,,No poses detected in video
44_set2_rally18_ball4_Clear.mp4,Clear,extraction_failed,,,,,,No poses detected in video
44_set2_rally18_ball5_Smash.mp4,Smash,extraction_failed,,,,,,No poses detected in video
44_set2_rally19_ball2_Clear.mp4,Clear,extraction_failed,,,,,,No poses detected in video
44_set2_rally19_ball3_Clear.mp4,Clear,extraction_failed,,,,,,No poses detected in video
44_set2_rally19_ball4_Clear.mp4,Clear,extraction_failed,,,,,,No poses detected in video
44_set2_rally19_ball5_Clear.mp4,Clear,extraction_failed,,,,,,No poses detected in video
44_set2_rally20_ball7_Smash.mp4,Smash,extraction_failed,,,,,,No poses detected in video
44_set2_rally23_ball4_Smash.mp4,Smash,success,61.0,4.0,6.557377049180328,0.7488850504159927,0.049107216420720835,
44_set3_rally1_ball8_Smash.mp4,Smash,extraction_failed,,,,,,No poses detected in video
44_set3_rally2_ball13_Clear.mp4,Clear,success,61.0,46.0,75.40983606557377,0.8144387081461776,0.6141668946676093,
44_set3_rally3_ball2_Smash.mp4,Smash,extraction_failed,,,,,,No poses detected in video
44_set3_rally4_ball3_Smash.mp4,Smash,extraction_failed,,,,,,No poses detected in video
44_set3_rally4_ball13_Smash.mp4,Smash,extraction_failed,,,,,,No poses detected in video
44_set3_rally6_ball4_Smash.mp4,Smash,extraction_failed,,,,,,No poses detected in video
44_set3_rally6_ball6_Smash.mp4,Smash,extraction_failed,,,,,,No poses detected in video
44_set3_rally7_ball7_Smash.mp4,Smash,extraction_failed,,,,,,No poses detected in video
44_set3_rally7_ball11_Smash.mp4,Smash,extraction_failed,,,,,,No poses detected in video
44_set3_rally8_ball10_Smash.mp4,Smash,extraction_failed,,,,,,No poses detected in video
44_set3_rally8_ball15_Clear.mp4,Clear,success,61.0,5.0,8.19672131147541,0.8506347459374052,0.069724159503066,
44_set3_rally8_ball19_Clear.mp4,Clear,success,61.0,61.0,100.0,0.8469727181390453,0.8469727181390453,
44_set3_rally10_ball5_Smash.mp4,Smash,success,61.0,61.0,100.0,0.8879558786461144,0.8879558786461144,
44_set3_rally11_ball2_Smash.mp4,Smash,success,61.0,61.0,100.0,0.9076145000559623,0.9076145000559623,
44_set3_rally12_ball7_Smash.mp4,Smash,success,61.0,61.0,100.0,0.8111830619115233,0.8111830619115233,
44_set3_rally14_ball2_Smash.mp4,Smash,success,61.0,61.0,100.0,0.8616366004964574,0.8616366004964574,
44_set3_rally14_ball5_Clear.mp4,Clear,success,61.0,61.0,100.0,0.8394503732759208,0.8394503732759208,
44_set3_rally14_ball10_Smash.mp4,Smash,extraction_failed,,,,,,No poses detected in video
44_set3_rally14_ball17_Smash.mp4,Smash,extraction_failed,,,,,,No poses detected in video
44_set3_rally16_ball5_Clear.mp4,Clear,success,61.0,33.0,54.09836065573771,0.8236249927072157,0.4455676190055429,
44_set3_rally16_ball6_Smash.mp4,Smash,extraction_failed,,,,,,No poses detected in video
44_set3_rally16_ball14_Clear.mp4,Clear,extraction_failed,,,,,,No poses detected in video
44_set3_rally19_ball5_Smash.mp4,Smash,extraction_failed,,,,,,No poses detected in video
44_set3_rally19_ball9_Smash.mp4,Smash,extraction_failed,,,,,,No poses detected in video
44_set3_rally21_ball7_Clear.mp4,Clear,success,61.0,28.0,45.90163934426229,0.7933516461660207,0.3641614113548947,
44_set3_rally21_ball8_Smash.mp4,Smash,success,61.0,61.0,100.0,0.8701346529489481,0.8701346529489481,
44_set3_rally21_ball12_Clear.mp4,Clear,extraction_failed,,,,,,No poses detected in video
44_set3_rally21_ball13_Smash.mp4,Smash,extraction_failed,,,,,,No poses detected in video
44_set3_rally22_ball9_Smash.mp4,Smash,extraction_failed,,,,,,No poses detected in video
44_set3_rally23_ball3_Smash.mp4,Smash,extraction_failed,,,,,,No poses detected in video
44_set3_rally25_ball9_Smash.mp4,Smash,extraction_failed,,,,,,No poses detected in video
44_set3_rally27_ball4_Smash.mp4,Smash,extraction_failed,,,,,,No poses detected in video
44_set3_rally27_ball8_Smash.mp4,Smash,extraction_failed,,,,,,No poses detected in video
44_set3_rally28_ball6_Smash.mp4,Smash,extraction_failed,,,,,,No poses detected in video
44_set3_rally29_ball8_Smash.mp4,Smash,extraction_failed,,,,,,No poses detected in video
44_set3_rally29_ball12_Smash.mp4,Smash,extraction_failed,,,,,,No poses detected in video
44_set3_rally29_ball16_Clear.mp4,Clear,extraction_failed,,,,,,No poses detected in video
44_set3_rally29_ball17_Smash.mp4,Smash,extraction_failed,,,,,,No poses detected in video
44_set3_rally30_ball8_Smash.mp4,Smash,extraction_failed,,,,,,No poses detected in video
44_set3_rally31_ball3_Clear.mp4,Clear,extraction_failed,,,,,,No poses detected in video
44_set3_rally31_ball4_Smash.mp4,Smash,extraction_failed,,,,,,No poses detected in video
44_set3_rally31_ball10_Smash.mp4,Smash,extraction_failed,,,,,,No poses detected in video
44_set3_rally33_ball2_Smash.mp4,Smash,extraction_failed,,,,,,No poses detected in video
44_set3_rally33_ball5_Smash.mp4,Smash,extraction_failed,,,,,,No poses detected in video
44_set3_rally33_ball14_Clear.mp4,Clear,extraction_failed,,,,,,No poses detected in video
44_set3_rally33_ball17_Smash.mp4,Smash,extraction_failed,,,,,,No poses detected in video
44_set3_rally33_ball26_Clear.mp4,Clear,extraction_failed,,,,,,No poses detected in video
44_set3_rally33_ball31_Smash.mp4,Smash,extraction_failed,,,,,,No poses detected in video
44_set3_rally33_ball34_Clear.mp4,Clear,extraction_failed,,,,,,No poses detected in video
44_set3_rally33_ball35_Smash.mp4,Smash,extraction_failed,,,,,,No poses detected in video
44_set3_rally35_ball2_Smash.mp4,Smash,success,61.0,19.0,31.147540983606557,0.8668033733512416,0.26998793596186216,
44_set3_rally35_ball7_Smash.mp4,Smash,success,61.0,61.0,100.0,0.8835442698511151,0.8835442698511151,
44_set3_rally35_ball11_Smash.mp4,Smash,extraction_failed,,,,,,No poses detected in video
44_set3_rally35_ball14_Smash.mp4,Smash,extraction_failed,,,,,,No poses detected in video
44_set3_rally35_ball20_Smash.mp4,Smash,extraction_failed,,,,,,No poses detected in video
44_set3_rally35_ball23_Clear.mp4,Clear,extraction_failed,,,,,,No poses detected in video
44_set3_rally35_ball24_Smash.mp4,Smash,extraction_failed,,,,,,No poses detected in video
44_set3_rally36_ball3_Smash.mp4,Smash,extraction_failed,,,,,,No poses detected in video
44_set3_rally36_ball7_Smash.mp4,Smash,extraction_failed,,,,,,No poses detected in video
44_set3_rally37_ball7_Smash.mp4,Smash,extraction_failed,,,,,,No poses detected in video
44_set3_rally37_ball9_Smash.mp4,Smash,extraction_failed,,,,,,No poses detected in video
